element_id,unique_id,estado_aplicacion,mensaje,btz_numero_activo,btz_description_01,btz_description_02,btz_description_03,btz_description_04,btz_description_05,btz_description_06,btz_description_07,btz_description_08,btz_description_09,btz_description_10,btz_description_11,btz_description_12,btz_description_13,btz_description_14,btz_description_15,btz_description_16,btz_description_17,btz_description_18,btz_description_19,btz_description_20,btz_description_21,btz_description_22,btz_description_23,btz_description_24,btz_description_25,btz_description_26,btz_description_27,btz_description_28,btz_description_29,btz_description_30,btz_description_31,btz_description_32,btz_description_33,btz_description_34,btz_description_35,btz_description_36,btz_description_37,btz_description_38,btz_description_39,btz_description_40,btz_description_41,btz_description_42,btz_description_43,btz_description_44,btz_description_45,btz_description_46,btz_description_47,btz_description_48,btz_description_49,btz_description_50,btz_description_51,btz_description_52,btz_description_53,btz_description_54,btz_description_55,btz_description_56,btz_description_57,btz_description_58,btz_description_59,btz_description_60,btz_description_61,btz_description_62,btz_description_63,btz_description_64,btz_description_65,btz_description_66,btz_description_67,btz_description_68,btz_description_69,btz_description_70,btz_description_71,btz_description_72,btz_description_73,btz_description_74,btz_description_75,btz_description_76,btz_description_77,btz_description_78,btz_description_79,btz_description_80
361370,79a4e34a-87ef-4472-9c35-b34f669597e2-0005839a,aplicado,OK,TE-BIO-SLA-SALA,TE,TE-ACT-LGC-SECTOR ACEITE,TE-ACT-LGC-BOMBAS DE ACEITE,TE-BIO-SLA-SALA BMB TK400,TE-BIO-BMB-BO414,TE-BIO-BMB-BO415,TE-FUEL-BMB-BO412,TE-FUEL-BMB-BO413,TE-BIO-BMB-BO411,TE-LCT-BMB-BO104,TE-BIO-BMB-BO110,TE-BIO-BMB-BO111,TE-BIO-BMB-BO112,,,,,,,,,,,,,,,,,,,,,,,,,,,,,,,,,,,,,,,,,,,,,,,,,,,,,,,,,,,,,,,,,,,
318365,dc2f52e8-69c4-45c8-a7dd-658a902d58d3-0004db9d,aplicado,OK,TE-BIO-TNQ-TK400,TE,TE-ACT-LGC-SECTOR ACEITE,TE-ACT-LGC-TANQUES 400,TE-BIO-TNQ-TK400,TE-ACT-VLV-TFPD6-12870,,,,,,,,,,,,,,,,,,,,,,,,,,,,,,,,,,,,,,,,,,,,,,,,,,,,,,,,,,,,,,,,,,,,,,,,,,,
318340,dc2f52e8-69c4-45c8-a7dd-658a902d58d3-0004db84,aplicado,OK,TE-BIO-TNQ-TK401,TE,TE-ACT-LGC-SECTOR ACEITE,TE-ACT-LGC-TANQUES 400,TE-BIO-TNQ-TK401,TE-ACT-VLV-TFPD6-11147,TE-ACT-VLV-TFPD6-11201,,,,,,,,,,,,,,,,,,,,,,,,,,,,,,,,,,,,,,,,,,,,,,,,,,,,,,,,,,,,,,,,,,,,,,,,,,
171843,e873c32e-5e0c-4f36-b2a7-48d4917bce06-00029f43,aplicado,OK,TE-BIO-TNQ-TK402,TE,TE-ACT-LGC-SECTOR ACEITE,TE-ACT-LGC-TANQUES 400,TE-BIO-TNQ-TK402,TE-ACT-LGC-SECTOR,TE-ACT-LGC-TANQUES,TE-ACT-VLV-TFPD6-11148,TE-ACT-VLV-TFPD6-11202,,,,,,,,,,,,,,,,,,,,,,,,,,,,,,,,,,,,,,,,,,,,,,,,,,,,,,,,,,,,,,,,,,,,,,,,
171963,e873c32e-5e0c-4f36-b2a7-48d4917bce06-00029fbb,aplicado,OK,TE-FUEL-TNQ-TK403,TE,TE-ACT-LGC-SECTOR ACEITE,TE-ACT-LGC-TANQUES 400,TE-FUEL-TNQ-TK403,TE-ACT-CCM-CCMAC,TE-ACT-MLC-MLC,TE-ACT-VLV-TFPD6-11199,TE-ACT-VLV-TFPD6-12867,,,,,,,,,,,,,,,,,,,,,,,,,,,,,,,,,,,,,,,,,,,,,,,,,,,,,,,,,,,,,,,,,,,,,,,,
318484,dc2f52e8-69c4-45c8-a7dd-658a902d58d3-0004dc14,aplicado,OK,TE-FUEL-TNQ-TK404,TE,TE-ACT-LGC-SECTOR ACEITE,TE-ACT-LGC-TANQUES 400,TE-FUEL-TNQ-TK404,TE-ACT-VLV-TFPD6-12871,TE-ACT-VLV-TFPD6-12872,,,,,,,,,,,,,,,,,,,,,,,,,,,,,,,,,,,,,,,,,,,,,,,,,,,,,,,,,,,,,,,,,,,,,,,,,,
318499,dc2f52e8-69c4-45c8-a7dd-658a902d58d3-0004dc23,aplicado,OK,TE-FUEL-TNQ-TK405,TE,TE-ACT-LGC-SECTOR ACEITE,TE-ACT-LGC-TANQUES 400,TE-FUEL-TNQ-TK405,TE-ACT-VLV-TFPD6-12868,TE-ACT-VLV-TFPD6-12869,,,,,,,,,,,,,,,,,,,,,,,,,,,,,,,,,,,,,,,,,,,,,,,,,,,,,,,,,,,,,,,,,,,,,,,,,,
196872,25d0f85d-57da-4cae-8ca2-9b682363407e-00030108,aplicado,OK,TE-ACT-TNQ-TK1,TE,TE-ACT-LGC-SECTOR ACEITE,TE-ACT-LGC-TANQUES ACEITE,TE-ACT-TNQ-TK1,TE-ACT-VLV-TFPD-13783,TE-ACT-VLV-TFPD-13786,TE-ACT-TNQ-TK11,TE-BBR-BMB-DESAG,,,,,,,,,,,,,,,,,,,,,,,,,,,,,,,,,,,,,,,,,,,,,,,,,,,,,,,,,,,,,,,,,,,,,,,,
196851,25d0f85d-57da-4cae-8ca2-9b682363407e-000300f3,aplicado,OK,TE-ACT-TNQ-TK2,TE,TE-ACT-LGC-SECTOR ACEITE,TE-ACT-LGC-TANQUES ACEITE,TE-ACT-TNQ-TK2,TE-ACT-AGT-AG501,TE-ACT-LIN-LINEA,,,,,,,,,,,,,,,,,,,,,,,,,,,,,,,,,,,,,,,,,,,,,,,,,,,,,,,,,,,,,,,,,,,,,,,,,,
196891,25d0f85d-57da-4cae-8ca2-9b682363407e-0003011b,aplicado,OK,TE-ACT-TNQ-TK3,TE,TE-ACT-LGC-SECTOR ACEITE,TE-ACT-LGC-TANQUES ACEITE,TE-ACT-TNQ-TK3,TE-ACT-VLV-TFPD-11198,TE-ACT-VLV-TFPD-11200,TE-ACT-AGT-AG502,TE-GLC-LGC-BOMBAS,,,,,,,,,,,,,,,,,,,,,,,,,,,,,,,,,,,,,,,,,,,,,,,,,,,,,,,,,,,,,,,,,,,,,,,,
196831,25d0f85d-57da-4cae-8ca2-9b682363407e-000300df,aplicado,OK,TE-ACT-TNQ-TK4,TE,TE-ACT-LGC-SECTOR ACEITE,TE-ACT-LGC-TANQUES ACEITE,TE-ACT-TNQ-TK4,TE-ACT-CÑR-CAÑERIA,TE-ACT-VLV-TFPD-11145,TE-ACT-VLV-TFPD-11146,TE-ACT-TNQ-TK10,,,,,,,,,,,,,,,,,,,,,,,,,,,,,,,,,,,,,,,,,,,,,,,,,,,,,,,,,,,,,,,,,,,,,,,,
239885,25d0f85d-57da-4cae-8ca2-9b682363407e-0003a90d,aplicado,OK,TE-ACT-TNQ-TK5,TE,TE-ACT-LGC-SECTOR ACEITE,TE-ACT-LGC-TANQUES ACEITE,TE-ACT-TNQ-TK5,TE-GLC-BMB-BO303,,,,,,,,,,,,,,,,,,,,,,,,,,,,,,,,,,,,,,,,,,,,,,,,,,,,,,,,,,,,,,,,,,,,,,,,,,,
239868,25d0f85d-57da-4cae-8ca2-9b682363407e-0003a8fc,aplicado,OK,TE-ACT-TNQ-TK6,TE,TE-ACT-LGC-SECTOR ACEITE,TE-ACT-LGC-TANQUES ACEITE,TE-ACT-TNQ-TK6,TE-ACT-AGT-AG500,TE-GLC-BMB-BO302,,,,,,,,,,,,,,,,,,,,,,,,,,,,,,,,,,,,,,,,,,,,,,,,,,,,,,,,,,,,,,,,,,,,,,,,,,
239853,25d0f85d-57da-4cae-8ca2-9b682363407e-0003a8ed,aplicado,OK,TE-ACT-TNQ-TK7,TE,TE-ACT-LGC-SECTOR ACEITE,TE-ACT-LGC-TANQUES ACEITE,TE-ACT-TNQ-TK7,TE-ACT-TNQ-TK9,TE-GLC-BMB-BO301,,,,,,,,,,,,,,,,,,,,,,,,,,,,,,,,,,,,,,,,,,,,,,,,,,,,,,,,,,,,,,,,,,,,,,,,,,
287288,3ef3eb15-44e2-4f2f-86e5-968d98d4d492-00046238,aplicado,OK,TE-LCT-TNQ-TK8,TE,TE-ACT-LGC-SECTOR ACEITE,TE-ACT-LGC-TANQUES ACEITE,TE-LCT-TNQ-TK8,TE-LCT-CLT-CALDERIN,TE-GLC-BMB-BO306,,,,,,,,,,,,,,,,,,,,,,,,,,,,,,,,,,,,,,,,,,,,,,,,,,,,,,,,,,,,,,,,,,,,,,,,,,
244647,537a4952-56a2-40b2-b335-4f8c5f98eeab-0003bba7,aplicado,OK,TE-ACT-PLA-CARGDESCACEOSL,TE,TE-ACT-PLA-CARGDESCACEOSL,TE-ACT-PLA-CARGDESCACEOSL,,,,,,,,,,,,,,,,,,,,,,,,,,,,,,,,,,,,,,,,,,,,,,,,,,,,,,,,,,,,,,,,,,,,,,,,,,,,,
174229,e873c32e-5e0c-4f36-b2a7-48d4917bce06-0002a895,aplicado,OK,TE-ACT-TNQ-TK12,TE,TE-ACT-LGC-SECTOR ACEITE,TE-ACT-LGC-TANQUES ACEITE OSL,TE-ACT-TNQ-TK12,TE-ACT-PLM-AIRE2,TE-FUEL-BMB-BO410,TE-ACT-AGT-AG503,,,,,,,,,,,,,,,,,,,,,,,,,,,,,,,,,,,,,,,,,,,,,,,,,,,,,,,,,,,,,,,,,,,,,,,,,
363228,c5789114-c0d4-413a-baf1-dd659684e66c-00058adc,aplicado,OK,TE-ADM-EDF-COCHERAS,TE,TE-ADM-LGC-EDIFICIOS VARIOS,TE-ADM-EDF-COCHERAS,,,,,,,,,,,,,,,,,,,,,,,,,,,,,,,,,,,,,,,,,,,,,,,,,,,,,,,,,,,,,,,,,,,,,,,,,,,,,
364734,c5789114-c0d4-413a-baf1-dd659684e66c-000590be,aplicado,OK,TE-ADM-EDF-COMEDOR,TE,TE-ADM-LGC-EDIFICIOS VARIOS,TE-ADM-EDF-COMEDOR,,,,,,,,,,,,,,,,,,,,,,,,,,,,,,,,,,,,,,,,,,,,,,,,,,,,,,,,,,,,,,,,,,,,,,,,,,,,,
243861,94c5ceaf-9c93-4a8b-ad76-b4723e012880-0003b895,aplicado,OK,TE-ADM-EDF-DPTO,TE,TE-ADM-LGC-EDIFICIOS VARIOS,TE-ADM-EDF-DPTO MEDICO,,,,,,,,,,,,,,,,,,,,,,,,,,,,,,,,,,,,,,,,,,,,,,,,,,,,,,,,,,,,,,,,,,,,,,,,,,,,,
166752,e873c32e-5e0c-4f36-b2a7-48d4917bce06-00028b60,aplicado,OK,TE-ADM-EDF-PORTERIA,TE,TE-ADM-LGC-EDIFICIOS VARIOS,TE-ADM-EDF-PORTERIA,,TE-ADM-EDF-BICICLETERO,,,,,,,,,,,,,,,,,,,,,,,,,,,,,,,,,,,,,,,,,,,,,,,,,,,,,,,,,,,,,,,,,,,,,,,,,,,
240182,25d0f85d-57da-4cae-8ca2-9b682363407e-0003aa36,aplicado,OK,TE-ADM-EDF-VESTUARIOS,TE,TE-ADM-LGC-EDIFICIOS VARIOS,TE-ADM-EDF-VESTUARIOS GRALES,,,,,,,,,,,,,,,,,,,,,,,,,,,,,,,,,,,,,,,,,,,,,,,,,,,,,,,,,,,,,,,,,,,,,,,,,,,,,
349738,166708fd-8f1f-4231-bc3b-68b8d7570667-0005562a,aplicado,OK,TE-TDM-CNT-C01,TE,TE-TDM-LGC-TORRE DE MANIPULEO,TE-TDM-LGC-GALERIA C01/C05,TE-TDM-CNT-C01,TE-TDM-LGC-GALERIA,TE-TDM-SRN-SIRC01,TE-TDM-ASP-ASPERSOR,TE-TDM-CMP-COM1,TE-TDM-VLV-VRFMTDM,TE-TDM-VLV-ABE2,TE-TDM-AIR-AIRTM0-1,TE-TDM-LGC-BANCO,TE-TDM-VLV-P71,TE-TDM-VNT-B35,,,,,,,,,,,,,,,,,,,,,,,,,,,,,,,,,,,,,,,,,,,,,,,,,,,,,,,,,,,,,,,,,,
374208,1dd9711a-59af-4c3f-8b41-17903a787e86-0005b5c0,aplicado,OK,TE-TDM-CNT-C05,TE,TE-TDM-LGC-TORRE DE MANIPULEO,TE-TDM-LGC-GALERIA C01/C05,TE-TDM-CNT-C05,TE-TDM-VLV-Q01,TE-TDM-VLV-Q02,TE-TDM-VLV-Q03,TE-TDM-VLV-Q04,TE-TDM-VLV-Q05,TE-TDM-VLV-Q06,TE-TDM-CNT-SACAMMETALES,TE-TDM-BMB-BATM2,TE-TDM-FLT-FMTDM,TE-TDM-LGC-BALANZAS,TE-TDM-VLV-ABE3,TE-TDM-AIR-AIRTM0-2,TE-TDM-SRN-SIR,TE-TDM-VLV-P81,,,,,,,,,,,,,,,,,,,,,,,,,,,,,,,,,,,,,,,,,,,,,,,,,,,,,,,,,,,,,,
243779,94c5ceaf-9c93-4a8b-ad76-b4723e012880-0003b843,aplicado,OK,TE-CLD-LGC-CALADO,TE,TE-ADM-LGC-EDIFICIOS VARIOS,TE-CLD-LGC-DPTOCALIDAD,TE-CLD-LGC-CALADO CAMIONES,,,,,,,,,,,,,,,,,,,,,,,,,,,,,,,,,,,,,,,,,,,,,,,,,,,,,,,,,,,,,,,,,,,,,,,,,,,,
314154,dc2f52e8-69c4-45c8-a7dd-658a902d58d3-0004cb2a,aplicado,OK,TE-DDC-PTV-PV1,TE,TE-DDC-LGC-DESCARGA CAMIONES,TE-DDC-PTV-PV1,,TE-DDC-FLT-FMDDC,TE-DDC-LGC-PLAT,TE-DDC-CHD-CHPV1,TE-DDC-CLZ-CPV1,TE-DDC-CHD-CHCALZPV01,TE-DDC-SIS-DUSTMASTER-PV1,TE-DDC-VLV-PV1A,TE-DDC-VLV-PV1B,TE-DDC-VLV-PV1C,TE-DDC-VLV-PV1D,TE-DDC-VLV-PV1E,TE-DDC-VLV-PV1F,,,,,,,,,,,,,,,,,,,,,,,,,,,,,,,,,,,,,,,,,,,,,,,,,,,,,,,,,,,,,,,,
314190,dc2f52e8-69c4-45c8-a7dd-658a902d58d3-0004cb4e,aplicado,OK,TE-DDC-PTV-PV2,TE,TE-DDC-LGC-DESCARGA CAMIONES,TE-DDC-PTV-PV2,,TE-DDC-BRL-BFMDDC,TE-DDC-CHD-CHPV2,TE-DDC-CLZ-CPV2,TE-DDC-CHD-CHCALZPV02,TE-DDC-SIS-DUSTMASTER-PV2,TE-DDC-VLV-PV2A,TE-DDC-VLV-PV2B,TE-DDC-VLV-PV2C,TE-DDC-VLV-PV2D,TE-DDC-VLV-PV2E,TE-DDC-VLV-PV2F,TE-DDC-SIS-LUBCENTRAL,,,,,,,,,,,,,,,,,,,,,,,,,,,,,,,,,,,,,,,,,,,,,,,,,,,,,,,,,,,,,,,,
314219,dc2f52e8-69c4-45c8-a7dd-658a902d58d3-0004cb6b,aplicado,OK,TE-DDC-PTV-PV3,TE,TE-DDC-LGC-DESCARGA CAMIONES,TE-DDC-PTV-PV3,,TE-DDC-RSC-RFMDDC,TE-DDC-CHD-CHPV3,TE-DDC-CLZ-CPV3,TE-DDC-CHD-CHCALZPV03,TE-DDC-SIS-DUSTMASTER-PV3,TE-DDC-VLV-PV3A,TE-DDC-VLV-PV3B,TE-DDC-VLV-PV3C,TE-DDC-VLV-PV3D,TE-DDC-VLV-PV3E,TE-DDC-VLV-PV3F,TE-DDC-SIS-ASPIRACION,,,,,,,,,,,,,,,,,,,,,,,,,,,,,,,,,,,,,,,,,,,,,,,,,,,,,,,,,,,,,,,,
314239,dc2f52e8-69c4-45c8-a7dd-658a902d58d3-0004cb7f,aplicado,OK,TE-DDC-PTV-PV4,TE,TE-DDC-LGC-DESCARGA CAMIONES,TE-DDC-PTV-PV4,,TE-DDC-VLV-VRFMDDC,TE-DDC-CHD-CHPV4,TE-DDC-CLZ-CPV4,TE-DDC-CHD-CHCALZPV04,TE-DDC-SIS-DUSTMASTER-PV4,TE-DDC-VLV-PV4A,TE-DDC-VLV-PV4B,TE-DDC-VLV-PV4C,TE-DDC-VLV-PV4D,TE-DDC-VLV-PV4E,TE-DDC-VLV-PV4F,,,,,,,,,,,,,,,,,,,,,,,,,,,,,,,,,,,,,,,,,,,,,,,,,,,,,,,,,,,,,,,,,
170458,e873c32e-5e0c-4f36-b2a7-48d4917bce06-000299da,aplicado,OK,TE-DDC-PTV-PV5,TE,TE-DDC-LGC-DESCARGA CAMIONES,TE-DDC-PTV-PV5,Es exclusivamente de la secadora,TE-DDC-LGC-DESCARGA,TE-DDC-VNT-VFMDDC,TE-DDC-CHD-CHPV5,TE-DDC-CLZ-CPV5,TE-DDC-CHD-CHCALZPV05,TE-DDC-FLT-FMAPV5,TE-DDC-SIS-DUSTMASTER-PV5,TE-DDC-VLV-PV5A,TE-DDC-VLV-PV5B,TE-DDC-VLV-PV5C,TE-DDC-VNT-VEFMAPV5,,,,,,,,,,,,,,,,,,,,,,,,,,,,,,,,,,,,,,,,,,,,,,,,,,,,,,,,,,,,,,,,,
352276,166708fd-8f1f-4231-bc3b-68b8d7570667-00056014,aplicado,OK,TE-EMB-LGC-DOLPHIN,TE,TE-EMB-LGC-SECTOR EMBARQUE,TE-EMB-LGC-DOLPHIN,,TE-EMB-LGC-CCM,TE-EMB-DLP-D1,TE-EMB-DLP-D2,TE-EMB-DLP-D3,TE-EMB-DLP-D4,,,,,,,,,,,,,,,,,,,,,,,,,,,,,,,,,,,,,,,,,,,,,,,,,,,,,,,,,,,,,,,,,,,,,,,
370890,c0e94eee-2efb-4074-b595-adbb9aa5b956-0005a8ca,aplicado,OK,TE-EMB-PSC-P1,TE,TE-EMB-LGC-SECTOR EMBARQUE,TE-EMB-LGC-PESCANTES,TE-EMB-PSC-P1,TE-EMB-CCM-CCMP1,TE-EMB-CHD-CENT,TE-EMB-CHD-CUCHARA,TE-EMB-CIL-CHPP1,TE-EMB-CNT-TB1,TE-EMB-PIL-PILA,TE-EMB-TTL-TUBO,,,,,,,,,,,,,,,,,,,,,,,,,,,,,,,,,,,,,,,,,,,,,,,,,,,,,,,,,,,,,,,,,,,,,
372532,c0e94eee-2efb-4074-b595-adbb9aa5b956-0005af34,aplicado,OK,TE-EMB-PSC-P2,TE,TE-EMB-LGC-SECTOR EMBARQUE,TE-EMB-LGC-PESCANTES,TE-EMB-PSC-P2,TE-EMB-CCM-CCMP1INF,TE-EMB-CIL-CHPP2,TE-EMB-CNT-TB2,,,,,,,,,,,,,,,,,,,,,,,,,,,,,,,,,,,,,,,,,,,,,,,,,,,,,,,,,,,,,,,,,,,,,,,,,
372571,c0e94eee-2efb-4074-b595-adbb9aa5b956-0005af5b,aplicado,OK,TE-EMB-PSC-P3,TE,TE-EMB-LGC-SECTOR EMBARQUE,TE-EMB-LGC-PESCANTES,TE-EMB-PSC-P3,TE-EMB-CCM-CCMP2,TE-EMB-CIL-CHPP3,TE-EMB-CNT-TB3,,,,,,,,,,,,,,,,,,,,,,,,,,,,,,,,,,,,,,,,,,,,,,,,,,,,,,,,,,,,,,,,,,,,,,,,,
285419,121e7c49-6f80-4698-91bd-c7c5a38e25dd-00045aeb,aplicado,OK,TE-SCD-FLT-FMAMAP,TE,TE-SCD-LGC-SECTOR SECADORA,TE-SCD-FLT-FMAMAP,,redler secadora,centiladores aire caliente,elevador 7,elevador 8,TE-SEC-SECSEKW(SECADORA),TE-RFN-FLT-FARG,TE-RFN-FLT-FARS,TE-SCD-LGC-SECTOR,TE-SCD-VLV-VRFMAMAP,TE-SCD-VNT-VLFMAMAP,TE-SEC-QMD-QM01,TE-SEC-QMD-QM04,TE-SCD-LGC-VENTIL,TE-SEC-VNT-VE03,TE-SEC-SEC-SEKW,TE-SEC-BRZ-BDEP1,TE-SEC-DPR-DEPU2,TE-SEC-DST-DESTERRADOR,TE-SEC-VLV-VALV,TE-SEC-VLV-V8,,,,,,,,,,,,,,,,,,,,,,,,,,,,,,,,,,,,,,,,,,,,,,,,,,,,,,,,
376778,8accc226-fd17-4cff-b8d4-a22c3cd8ef0a-0005bfca,aplicado,OK,TE-SCD-LGC-REDLER,TE,TE-SCD-LGC-SECTOR SECADORA,TE-SCD-LGC-REDLER SECADORA,,redler secadora,centiladores aire caliente,elevador 7,elevador 8,TE-SEC-SECSEKW(SECADORA),TE-SCD-CCM-CCM,TE-SEC-QMD-QM02,TE-SEC-QMD-QM05,TE-SEC-RDL-R31,TE-SEC-RDL-R32,TE-SEC-VLV-V1,TE-SEC-VLV-V2,TE-SEC-RDL-R33,TE-SEC-RDL-R34,TE-SEC-VNT-VE01,TE-SEC-VNT-VE04,TE-SEC-BSC-BASCULANTE,TE-SEC-CCL-CDEPU1,TE-SEC-BRZ-BDEP2,TE-SEC-VLV-VRDEST,TE-SEC-VLV-V5,,,,,,,,,,,,,,,,,,,,,,,,,,,,,,,,,,,,,,,,,,,,,,,,,,,,,,,
376800,8accc226-fd17-4cff-b8d4-a22c3cd8ef0a-0005bfe0,aplicado,OK,TE-SEC-NOR-EL7,TE,TE-SCD-LGC-SECTOR SECADORA,TE-SEC-NOR-EL7,,redler secadora,centiladores aire caliente,elevador 7,elevador 8,TE-SEC-SECSEKW(SECADORA),TE-SCD-LGC-QUEMADORES,TE-SEC-QMD-QM03,TE-SEC-QMD-QM06,TE-SEC-VNT-VE02,TE-SEC-VNT-VE05,TE-SEC-VLV-V3,TE-SEC-VLV-V4,TE-SEC-NOR-EL8,TE-SEC-DPR-DEPU1,TE-SEC-RSC-ROSCDEPU,TE-SEC-CCL-CDEPU2,TE-SEC-VNT-VENTDEST,TE-SEC-VLV-V6,,,,,,,,,,,,,,,,,,,,,,,,,,,,,,,,,,,,,,,,,,,,,,,,,,,,,,,,,,
375014,8accc226-fd17-4cff-b8d4-a22c3cd8ef0a-0005b8e6,aplicado,OK,TE-TDM-LGC-CINTAS,TE,TE-TDM-LGC-TORRE DE MANIPULEO,TE-TDM-LGC-CINTAS TRANSFERENCI,,TE-TDM-BMB-BR1,TE-TDM-BRL-BRFMTDM,TE-TDM-VLV-ABE1,TE-TDM-VLV-P75,TE-TDM-AIR-AIRTM2-1,TE-TDM-CNT-CT1,TE-TDM-ASP-ACT1,TE-TDM-VLV-P37,TE-TDM-VLV-P38,TE-TDM-VLV-P40,TE-TDM-CNT-CT2,TE-TDM-VLV-Q40,TE-TDM-VLV-Q41,TE-TDM-VLV-Q42,TE-TDM-VLV-P39,TE-TDM-VLV-P41,TE-TDM-VLV-P42,TE-TDM-VLV-Q43,TE-TDM-VLV-Q44,TE-TDM-VLV-P52,TE-TDM-TBL-TABLERO,,,,,,,,,,,,,,,,,,,,,,,,,,,,,,,,,,,,,,,,,,,,,,,,,,,,,,,
374459,1dd9711a-59af-4c3f-8b41-17903a787e86-0005b6bb,aplicado,OK,TE-TDM-LGC-ELEVADORES,TE,TE-TDM-LGC-TORRE DE MANIPULEO,TE-TDM-LGC-ELEVADORES,,TE-TDM-BMB-BATM3,TE-TDM-BMB-BSFMTDM,TE-TDM-BLN-BALANZA,TE-TDM-VLV-P20,TE-TDM-GNR-GENERADOR,TE-TDM-NOR-EL1,TE-TDM-VLV-ASEL1,TE-TDM-NOR-EL2,TE-TDM-VLV-ASEL2,TE-TDM-VLV-Q10,TE-TDM-VLV-Q11,TE-TDM-VLV-Q12,TE-TDM-VLV-Q13,TE-TDM-NOR-EL3,TE-TDM-VLV-Q07,TE-TDM-VLV-Q08,TE-TDM-VLV-Q09,TE-TDM-VLV-Q45,TE-TDM-VLV-Q9,TE-TDM-NOR-EL4,TE-TDM-VLV-Q35,TE-TDM-VLV-Q36,TE-TDM-VLV-Q37,TE-TDM-VLV-Q38,TE-TDM-VLV-Q39,TE-TDM-VLV-Q39A,TE-TDM-LGC-VALVULAS,TE-TDM-VLV-P82,,,,,,,,,,,,,,,,,,,,,,,,,,,,,,,,,,,,,,,,,,,,,,,,
374802,1dd9711a-59af-4c3f-8b41-17903a787e86-0005b812,aplicado,OK,TE-TDM-LGC-PENDULARES,TE,TE-TDM-LGC-TORRE DE MANIPULEO,TE-TDM-LGC-PENDULARES TDM,,TE-TDM-BMB-BDPO,TE-TDM-BMB-BSFMTDM-2,TE-EMB-VLV-VPBE1,TE-TDM-VLV-P21,TE-TDM-CCM-CCMP2,TE-TDM-PND-PEN1,TE-TDM-PND-PEN2,TE-TDM-PND-PEN3,TE-TDM-VLV-AP,TE-TDM-VLV-P51,TE-TDM-MLC-FOSOTDM,,,,,,,,,,,,,,,,,,,,,,,,,,,,,,,,,,,,,,,,,,,,,,,,,,,,,,,,,,,,,,,,,
198120,25d0f85d-57da-4cae-8ca2-9b682363407e-000305e8,aplicado,OK,TE-TLL-TALLER,TE,TE-ADM-LGC-EDIFICIOS VARIOS,TE-TLL-TALLER TERM EMB,,TE-TLL-GNR-,TE-TLL-MLC-MLC,,,,,,,,,,,,,,,,,,,,,,,,,,,,,,,,,,,,,,,,,,,,,,,,,,,,,,,,,,,,,,,,,,,,,,,,,,
174187,e873c32e-5e0c-4f36-b2a7-48d4917bce06-0002a86b,aplicado,OK,,TE,TE-ACT-LGC-SECTOR ACEITE,TE-ACT-LGC-TANQUES ACEITE OSL,TE-LCT-TNQ-TK2,TE-ACT-CMP-COM708,TE-ACT-MLC-MUESTRAS,,,,,,,,,,,,,,,,,,,,,,,,,,,,,,,,,,,,,,,,,,,,,,,,,,,,,,,,,,,,,,,,,,,,,,,,,,
174203,e873c32e-5e0c-4f36-b2a7-48d4917bce06-0002a87b,aplicado,OK,,TE,TE-ACT-LGC-SECTOR ACEITE,TE-ACT-LGC-TANQUES ACEITE OSL,TE-LCT-TNQ-TK1,TE-ACT-PLM-AIRE1,TE-FUEL-CRG-CARG,,,,,,,,,,,,,,,,,,,,,,,,,,,,,,,,,,,,,,,,,,,,,,,,,,,,,,,,,,,,,,,,,,,,,,,,,,
197248,25d0f85d-57da-4cae-8ca2-9b682363407e-00030280,aplicado,OK,,TE,TE-ACT-LGC-SECTOR ACEITE,,,TE-GLC-BMB-BO300,,,,,,,,,,,,,,,,,,,,,,,,,,,,,,,,,,,,,,,,,,,,,,,,,,,,,,,,,,,,,,,,,,,,,,,,,,,
239910,25d0f85d-57da-4cae-8ca2-9b682363407e-0003a926,aplicado,OK,,TE,TE-ACT-LGC-SECTOR ACEITE,TE-GLC-LGC-TANQUES TGR,TE-GLC-TNQ-TK TGR7,TE-GLC-BMB-BO304,TE-GLC-LGC-TANQUES,TE-ACT-VLV-TFPD6-13785,TE-ACT-VLV-TFPD4-17102,,,,,,,,,,,,,,,,,,,,,,,,,,,,,,,,,,,,,,,,,,,,,,,,,,,,,,,,,,,,,,,,,,,,,,,,
287117,121e7c49-6f80-4698-91bd-c7c5a38e25dd-0004618d,aplicado,OK,,TE,TE-ACT-LGC-SECTOR ACEITE,TE-GLC-LGC-TANQUES TGR,TE-GLC-TNQ-TK TGR9,TE-GLC-BMB-BO305,TE-GLC-CLT-CALDERIN,TE-ACT-VLV-TFPD4-17099,TE-ACT-VLV-TFPD6-14116,,,,,,,,,,,,,,,,,,,,,,,,,,,,,,,,,,,,,,,,,,,,,,,,,,,,,,,,,,,,,,,,,,,,,,,,
308642,dc2f52e8-69c4-45c8-a7dd-658a902d58d3-0004b5a2,aplicado,OK,,TE,TE-ACT-LGC-SECTOR ACEITE,TE-GLC-LGC-TANQUES TGR,TE-GLC-TNQ-TK TGR8,TE-GLC-TNQ-TK,TE-ACT-VLV-TFPD4-17103,TE-ACT-VLV-TFPD6-14117,TE-RFN-LCT-LECTOR,,,,,,,,,,,,,,,,,,,,,,,,,,,,,,,,,,,,,,,,,,,,,,,,,,,,,,,,,,,,,,,,,,,,,,,,
308734,dc2f52e8-69c4-45c8-a7dd-658a902d58d3-0004b5fe,aplicado,OK,,TE,TE-ACT-LGC-SECTOR ACEITE,TE-GLC-LGC-TANQUES TGR,TE-GLC-TNQ-TK TGR10,TE-ACT-VLV-TFPD6-13781,TE-ACT-VLV-TFPD4-17100,,,,,,,,,,,,,,,,,,,,,,,,,,,,,,,,,,,,,,,,,,,,,,,,,,,,,,,,,,,,,,,,,,,,,,,,,,
350956,166708fd-8f1f-4231-bc3b-68b8d7570667-00055aec,aplicado,OK,,TE,TE-ACT-LGC-SECTOR ACEITE,TE-ACT-LGC-BOMBAS DE ACEITE,TE-ACT-SLA-SALA BMB ACEITE,TE-ACT-LGC-BOMBAS,TE-LCT-BMB-BO105,TE-ACT-SLA-SALA,TE-ACT-BMB-BO109,TE-ACT-BMB-BO512,TE-ACT-BMB-BO201,,,,,,,,,,,,,,,,,,,,,,,,,,,,,,,,,,,,,,,,,,,,,,,,,,,,,,,,,,,,,,,,,,,,,,
351012,166708fd-8f1f-4231-bc3b-68b8d7570667-00055b24,aplicado,OK,,TE,TE-ACT-LGC-SECTOR ACEITE,TE-ACT-LGC-BOMBAS DE ACEITE,,TE-LCT-BMB-BO101,TE-LCT-BMB-BO107,,,,,,,,,,,,,,,,,,,,,,,,,,,,,,,,,,,,,,,,,,,,,,,,,,,,,,,,,,,,,,,,,,,,,,,,,,
357674,1dd21141-8de6-4d43-b824-f67da67065de-0005752a,aplicado,OK,,TE,TE-ACT-LGC-SECTOR ACEITE,TE-ACT-LGC-BOMBAS DE ACEITE,TE-ACT-SLA-SALA BMB OSL,TE-LCT-BMB-BO102,TE-LCT-BMB-BO113,TE-ACT-BMB-BO108,TE-ACT-BMB-BO511,TE-ACT-BMB-BO200,,,,,,,,,,,,,,,,,,,,,,,,,,,,,,,,,,,,,,,,,,,,,,,,,,,,,,,,,,,,,,,,,,,,,,,
361205,79a4e34a-87ef-4472-9c35-b34f669597e2-000582f5,aplicado,OK,,TE,TE-ACT-LGC-SECTOR ACEITE,TE-ACT-LGC-BOMBAS DE ACEITE,TE-ACT-LGC-BOMBAS LECITINA,TE-LCT-BMB-BO103,,,,,,,,,,,,,,,,,,,,,,,,,,,,,,,,,,,,,,,,,,,,,,,,,,,,,,,,,,,,,,,,,,,,,,,,,,,
354957,b711483d-ace3-4f9c-be95-628f10df186b-00056a8d,aplicado,OK,,,TE-ACT-SLA-SALA BMB BAJO BARR,,,TE-ACT-BMB-BO106,TE-ACT-BMB-BO510,TE-ACT-BMB-BO513,,,,,,,,,,,,,,,,,,,,,,,,,,,,,,,,,,,,,,,,,,,,,,,,,,,,,,,,,,,,,,,,,,,,,,,,,
377655,c5ee6896-39ff-4562-be63-4682b50c65ca-0005c337,aplicado,OK,P10-PRL-ACS-TPRL,TE,P10-PRL-LGC-PRELIMPIEZA,P10-PRL-ACS-TPRL,,TE-BBR-LGC-SECTOR,TE-LGC-OLEO-VIC-PAT,TE-MDU-LGC-SECTOR,TE-MDU-LGC-REPUESTOS,TE-MSB-LGC-SECTOR,TE-RFN-LGC-CARGADERO,TE-ADD-LGC-DES,TE-ADD-TNQ-BATAN,TE-ADD-LGC-CINTAS,TE-ADD-CNT-Z1,TE-ADD-CNT-Z2,TE-ADD-CNT-Z3,TE-ADD-CNT-Z4,TE-ADD-LGC-MALACATES,TE-ADD-LGC-TOLVAS,TE-ELE-LGC-EQUIPOS,TE-CMN-LGC-ALTAVOCES,TE-CMN-LGC-RT,TE-LGC-CENTRAL,TE-LGC-LINEA,TE-TRF-LGC-TRAFOS,TE-LGC-EQUIPOS,TE-LGC-RUTAS,TE-LGC-ZONA,TE-PLY-LGC-SECTOR,TE-PLY-LGC-BARRANCA,TE-PLY-LGC-CANALES,TE-PLY-LGC-CCTV,TE-PLY-LGC-CHICA,TE-PLY-LGC-PRINCIPAL,TE-PLY-LGC-RGRAC,,,,,,,,,,,,,,,,,,,,,,,,,,,,,,,,,,,,,,,,,,,,,
166634,e873c32e-5e0c-4f36-b2a7-48d4917bce06-00028aea,aplicado,OK,,,TE-ADM-LGC-EDIFICIOS VARIOS,,,TE-ADM-LGC-EDIFICIOS,,,,,,,,,,,,,,,,,,,,,,,,,,,,,,,,,,,,,,,,,,,,,,,,,,,,,,,,,,,,,,,,,,,,,,,,,,,
198056,25d0f85d-57da-4cae-8ca2-9b682363407e-000305a8,aplicado,OK,,TE,TE-ADM-LGC-EDIFICIOS VARIOS,TE-TLL-LGC-OBRADOR ELECTRICO,,TE-TLL-LGC-OBRADOR,,,,,,,,,,,,,,,,,,,,,,,,,,,,,,,,,,,,,,,,,,,,,,,,,,,,,,,,,,,,,,,,,,,,,,,,,,,
164153,e873c32e-5e0c-4f36-b2a7-48d4917bce06-00028139,aplicado,OK,,TE,TE-ALM-LGC-ALMACENAJE (CELDAS),TE-ALM-CLD-CELDA 1,,TE-ALM-LGC-ALMACENAJE,TE-ALM-VNT-VBRFMSV,TE-ALM-VNT-VEFMAPELL,TE-ALM-CLD-CELDA,TE-ALM-LGC-VALV,TE-ALM-VLV-V105,TE-ALM-VLV-V110,TE-ALM-VLV-V115,TE-ALM-VLV-V120,TE-ALM-VLV-V125,TE-ALM-CCM-CCMBC2,TE-ALM-VLV-V202,TE-ALM-VLV-V207,TE-ALM-VLV-V212,TE-ALM-VLV-V217,TE-ALM-BMB-BDN3,TE-ALM-FLT-FMACSC3INF,TE-ALM-VLV-V304,TE-ALM-VLV-V309,TE-ALM-VLV-V314,TE-ALM-VLV-V319,TE-ALM-VLV-V324,TE-ALM-VLV-V329,TE-ALM-VNT-VECSC3-04,TE-ALM-VNT-VECSC3-09,TE-ALM-CNT-C12,TE-ALM-CNT-C7,TE-ALM-CNT-C9,TE-ALM-RSC-RFMC4,TE-ALM-VLV-VC402,TE-ALM-VLV-VC407,TE-ALM-VLV-VC412,TE-ALM-VLV-VC417,TE-ALM-VLV-VC422,TE-ALM-VLV-VC427,TE-ALM-VLV-VC432,TE-ALM-VLV-VC437,TE-ALM-VLV-VC442,TE-ALM-VLV-VC447,TE-ALM-VLV-VC452,,,,,,,,,,,,,,,,,,,,,,,,,,,,,,,,,,,,
164356,e873c32e-5e0c-4f36-b2a7-48d4917bce06-00028204,aplicado,OK,,TE,TE-ALM-LGC-ALMACENAJE (CELDAS),TE-ALM-CLD-CELDA 2,,TE-ALM-FLT-FMAPELL,TE-ALM-VNT-VEFMSV,TE-ALM-BMB-BDN1,TE-ALM-VLV-V101,TE-ALM-VLV-V106,TE-ALM-VLV-V111,TE-ALM-VLV-V116,TE-ALM-VLV-V121,TE-TNL-CNT-CBC1,TE-ALM-CNT-CBC2,TE-ALM-VLV-V203,TE-ALM-VLV-V208,TE-ALM-VLV-V213,TE-ALM-VLV-V218,TE-ALM-CCM-CCMBC3,TE-ALM-VNT-VLFMACSC3INF,TE-ALM-VLV-V305,TE-ALM-VLV-V310,TE-ALM-VLV-V315,TE-ALM-VLV-V320,TE-ALM-VLV-V325,TE-ALM-SIS-VENTICELDA3,TE-ALM-VNT-VECSC3-05,TE-ALM-VNT-VECSC3-10,TE-ALM-CNT-C13,TE-ALM-VLV-VG19,TE-ALM-CRR-CTC9,TE-ALM-VLV-VRFMC4,TE-ALM-VLV-VC403,TE-ALM-VLV-VC408,TE-ALM-VLV-VC413,TE-ALM-VLV-VC418,TE-ALM-VLV-VC423,TE-ALM-VLV-VC428,TE-ALM-VLV-VC433,TE-ALM-VLV-VC438,TE-ALM-VLV-VC443,TE-ALM-VLV-VC448,TE-ALM-VLV-VC453,,,,,,,,,,,,,,,,,,,,,,,,,,,,,,,,,,,,,
172255,e873c32e-5e0c-4f36-b2a7-48d4917bce06-0002a0df,aplicado,OK,,TE,TE-ALM-LGC-ALMACENAJE (CELDAS),TE-ALM-CLD-CELDA 3,,TE-ALM-FLT-FMSV,TE-ALM-LGC-ALIMENT,TE-ALM-CCM-CCMBC1,TE-ALM-VLV-V102,TE-ALM-VLV-V107,TE-ALM-VLV-V112,TE-ALM-VLV-V117,TE-ALM-VLV-V122,TE-TDM-SIS-ASP,TE-ALM-CNT-CSC2,TE-ALM-VLV-V204,TE-ALM-VLV-V209,TE-ALM-VLV-V214,TE-ALM-VLV-V219,TE-ALM-CNT-CSC3,TE-ALM-VLV-V301,TE-ALM-VLV-V306,TE-ALM-VLV-V311,TE-ALM-VLV-V316,TE-ALM-VLV-V321,TE-ALM-VLV-V326,TE-ALM-VNT-VECSC3-01,TE-ALM-VNT-VECSC3-06,TE-TNL-CNT-CBC3,TE-ALM-CNT-C6,TE-ALM-VLV-VG20,TE-ALM-FLT-FMC4,TE-ALM-VLV-VRFMC4INF,TE-ALM-VLV-VC404,TE-ALM-VLV-VC409,TE-ALM-VLV-VC414,TE-ALM-VLV-VC419,TE-ALM-VLV-VC424,TE-ALM-VLV-VC429,TE-ALM-VLV-VC434,TE-ALM-VLV-VC439,TE-ALM-VLV-VC444,TE-ALM-VLV-VC449,TE-TNL-CNT-CBC4,,,,,,,,,,,,,,,,,,,,,,,,,,,,,,,,,,,,,
173806,e873c32e-5e0c-4f36-b2a7-48d4917bce06-0002a6ee,aplicado,OK,,TE,TE-ALM-LGC-ALMACENAJE (SILOS),TE-ALM-SLO-SILO 6,,TE-ALM-BMB-BSFMSV,TE-ALM-CNT-CSSDIARIO,TE-ALM-SLO-SILO,TE-ALM-VNT-A15,TE-ALM-VNT-A55,TE-ALM-VLV-P57,TE-ALM-CNT-CSS6,TE-ALM-VNT-A46,TE-ALM-VNT-A86,TE-TNL-CNT-CBS6,TE-ALM-VNT-A37,TE-ALM-VNT-A77,TE-ALM-VLV-P79,TE-ALM-VLV-P53,TE-ALM-VLV-P48,TE-ALM-VLV-Q54,,,,,,,,,,,,,,,,,,,,,,,,,,,,,,,,,,,,,,,,,,,,,,,,,,,,,,,,,,,,
174050,e873c32e-5e0c-4f36-b2a7-48d4917bce06-0002a7e2,aplicado,OK,,TE,TE-ALM-LGC-ALMACENAJE (SILOS),TE-ALM-SLO-SILO 4,,TE-ALM-VLV-VRTNFMSV,TE-ALM-FLT-FMACSSD,TE-ALM-CNT-CSS5,TE-ALM-VNT-A25,TE-ALM-VNT-A65,TE-ALM-VLV-P58,TE-ALM-VNT-A16,TE-ALM-VNT-A56,TE-ALM-VLV-P65,TE-ALM-CNT-CSS7,TE-ALM-VNT-A47,TE-ALM-VNT-A87,TE-TNL-CNT-CBS7,TE-ALM-VLV-P54,TE-ALM-VLV-P49,TE-ALM-VLV-Q55,,,,,,,,,,,,,,,,,,,,,,,,,,,,,,,,,,,,,,,,,,,,,,,,,,,,,,,,,,,,
174292,e873c32e-5e0c-4f36-b2a7-48d4917bce06-0002a8d4,aplicado,OK,,TE,TE-ALM-LGC-ALMACENAJE (CELDAS),TE-ALM-CLD-CELDA 4,,TE-ALM-BRL-BRFMSV,TE-ALM-VNT-VLFMACSSD,TE-ALM-CNT-CSC1,TE-ALM-VLV-V103,TE-ALM-VLV-V108,TE-ALM-VLV-V113,TE-ALM-VLV-V118,TE-ALM-VLV-V123,TE-TDM-SIS-INY,TE-ALM-CRR-CTCSC2,TE-ALM-VLV-V205,TE-ALM-VLV-V210,TE-ALM-VLV-V215,TE-ALM-VLV-V220,TE-ALM-CNT-CSC3S,TE-ALM-VLV-V302,TE-ALM-VLV-V307,TE-ALM-VLV-V312,TE-ALM-VLV-V317,TE-ALM-VLV-V322,TE-ALM-VLV-V327,TE-ALM-VNT-VECSC3-02,TE-ALM-VNT-VECSC3-07,TE-ALM-CCM-CCMBC4,TE-ALM-VLV-VG17,TE-ALM-CNT-C8,TE-ALM-BMB-BSTN1,TE-ALM-VNT-VFMC4,TE-ALM-VLV-VC405,TE-ALM-VLV-VC410,TE-ALM-VLV-VC415,TE-ALM-VLV-VC420,TE-ALM-VLV-VC425,TE-ALM-VLV-VC430,TE-ALM-VLV-VC435,TE-ALM-VLV-VC440,TE-ALM-VLV-VC445,TE-ALM-VLV-VC450,,,,,,,,,,,,,,,,,,,,,,,,,,,,,,,,,,,,,,
314581,dc2f52e8-69c4-45c8-a7dd-658a902d58d3-0004ccd5,aplicado,OK,,TE,TE-ALM-LGC-ALMACENAJE (SILOS),TE-ALM-SLO-SILO 7,,TE-ALM-RSC-RFMSV,TE-ALM-NOR-EL5,TE-ALM-SRN-SIRSS5,TE-ALM-VNT-A35,TE-ALM-VNT-A75,TE-ALM-VLV-P59,TE-ALM-VNT-A26,TE-ALM-VNT-A66,TE-ALM-VLV-P66,TE-ALM-VNT-A17,TE-ALM-VNT-A57,TE-ALM-VLV-P77,TE-ALM-CCM-CCMBS4,TE-ALM-VLV-P55,TE-EMB-CNT-CSS4S,TE-ALM-VLV-Q56,,,,,,,,,,,,,,,,,,,,,,,,,,,,,,,,,,,,,,,,,,,,,,,,,,,,,,,,,,,,
314647,dc2f52e8-69c4-45c8-a7dd-658a902d58d3-0004cd17,aplicado,OK,,TE,TE-ALM-LGC-ALMACENAJE (SILOS),TE-ALM-SLO-SILO 5,,TE-ALM-VLV-VDFMSV,TE-ALM-MLC-MALRESSIL,TE-ALM-SIS-AIREACION,TE-ALM-VNT-A45,TE-ALM-VNT-A85,TE-TNL-CNT-CBS5,TE-ALM-VNT-A36,TE-ALM-VNT-A76,TE-ALM-VLV-P67,TE-ALM-VNT-A27,TE-ALM-VNT-A67,TE-ALM-VLV-P78,TE-ALM-CNT-CSS4,TE-ALM-VLV-P56,TE-ALM-VLV-Q53,TE-TNL-CNT-CBS4,,,,,,,,,,,,,,,,,,,,,,,,,,,,,,,,,,,,,,,,,,,,,,,,,,,,,,,,,,,,
386142,905be7f4-0c46-42ea-a443-0fdea469e6f3-0005e45e,aplicado,OK,,TE,TE-ALM-LGC-ALMACENAJE (CELDAS),TE-ALM-CLD-CELDA 4,,TE-ALM-VLV-VRFMSV,TE-ALM-VLV-VR2TN2FMAPELL,TE-ALM-CRR-CTCSC1,TE-ALM-VLV-V104,TE-ALM-VLV-V109,TE-ALM-VLV-V114,TE-ALM-VLV-V119,TE-ALM-VLV-V124,TE-ALM-BMB-BDN2,TE-ALM-VLV-V201,TE-ALM-VLV-V206,TE-ALM-VLV-V211,TE-ALM-VLV-V216,TE-ALM-ASP-ASPERSOR,TE-ALM-CRR-CTCSC3,TE-ALM-VLV-V303,TE-ALM-VLV-V308,TE-ALM-VLV-V313,TE-ALM-VLV-V318,TE-ALM-VLV-V323,TE-ALM-VLV-V328,TE-ALM-VNT-VECSC3-03,TE-ALM-VNT-VECSC3-08,TE-ALM-CNT-C11,TE-ALM-VLV-VG18,TE-ALM-CRR-CTC8,TE-ALM-BRL-BRFMC4,TE-ALM-VLV-VC401,TE-ALM-VLV-VC406,TE-ALM-VLV-VC411,TE-ALM-VLV-VC416,TE-ALM-VLV-VC421,TE-ALM-VLV-VC426,TE-ALM-VLV-VC431,TE-ALM-VLV-VC436,TE-ALM-VLV-VC441,TE-ALM-VLV-VC446,TE-ALM-VLV-VC451,,,,,,,,,,,,,,,,,,,,,,,,,,,,,,,,,,,,,,
247155,6d934a82-96dc-4146-9e66-1ddfb42e3787-0003c573,aplicado,OK,,TE,TE-DDV-LGC-DESC. VAGONES,,,TE-DDV-LGC-DESC,TE-DDV-BRL-BFMDDV,TE-DDV-NOR-EDDVAG,TE-DDV-VLV-VAGONES/RETORNO,,,,,,,,,,,,,,,,,,,,,,,,,,,,,,,,,,,,,,,,,,,,,,,,,,,,,,,,,,,,,,,,,,,,,,,,
247308,6d934a82-96dc-4146-9e66-1ddfb42e3787-0003c60c,aplicado,OK,,TE,TE-DDV-LGC-DESC. VAGONES,,,TE-DDV-ASP-ASPER,TE-DDV-RSC-RFMDDV,TE-DDV-VLV-CLAP/VAGONES,,,,,,,,,,,,,,,,,,,,,,,,,,,,,,,,,,,,,,,,,,,,,,,,,,,,,,,,,,,,,,,,,,,,,,,,,
247346,6d934a82-96dc-4146-9e66-1ddfb42e3787-0003c632,aplicado,OK,,TE,TE-DDV-LGC-DESC. VAGONES,,,TE-DDV-CCM-DESCVAGONES,TE-DDV-VLV-VRFMDDV,TE-DDV-VLV-VAGONES/CAMIONES,,,,,,,,,,,,,,,,,,,,,,,,,,,,,,,,,,,,,,,,,,,,,,,,,,,,,,,,,,,,,,,,,,,,,,,,,
247373,6d934a82-96dc-4146-9e66-1ddfb42e3787-0003c64d,aplicado,OK,,TE,TE-DDV-LGC-DESC. VAGONES,,,TE-DDV-FLT-FMDDV,TE-DDV-VNT-VFMDDV,TE-DDV-VLV-VAGONES/CR6,,,,,,,,,,,,,,,,,,,,,,,,,,,,,,,,,,,,,,,,,,,,,,,,,,,,,,,,,,,,,,,,,,,,,,,,,
238339,25d0f85d-57da-4cae-8ca2-9b682363407e-0003a303,aplicado,OK,,TE,TE-EMB-LGC-SECTOR EMBARQUE,TE-EMB-LGC-ATRAQUE/AMARRE,,TE-EMB-LGC-SECTOR,TE-EMB-MLL-MAB,,,,,,,,,,,,,,,,,,,,,,,,,,,,,,,,,,,,,,,,,,,,,,,,,,,,,,,,,,,,,,,,,,,,,,,,,,
238578,25d0f85d-57da-4cae-8ca2-9b682363407e-0003a3f2,aplicado,OK,,TE,TE-EMB-LGC-SECTOR EMBARQUE,TE-EMB-LGC-ATRAQUE/AMARRE,,TE-EMB-CHD-CHSERV,TE-EMB-TRR-TAN,,,,,,,,,,,,,,,,,,,,,,,,,,,,,,,,,,,,,,,,,,,,,,,,,,,,,,,,,,,,,,,,,,,,,,,,,,
238598,25d0f85d-57da-4cae-8ca2-9b682363407e-0003a406,aplicado,OK,,TE,TE-EMB-LGC-SECTOR EMBARQUE,TE-EMB-LGC-ATRAQUE/AMARRE,,TE-EMB-CUCH-CUCH,TE-EMB-TRR-TAS,,,,,,,,,,,,,,,,,,,,,,,,,,,,,,,,,,,,,,,,,,,,,,,,,,,,,,,,,,,,,,,,,,,,,,,,,,
238634,25d0f85d-57da-4cae-8ca2-9b682363407e-0003a42a,aplicado,OK,,,TE-EMB-LGC-SECTOR EMBARQUE,,,TE-EMB-CÑO-CAÑONASPERSOR,,,,,,,,,,,,,,,,,,,,,,,,,,,,,,,,,,,,,,,,,,,,,,,,,,,,,,,,,,,,,,,,,,,,,,,,,,,
239666,25d0f85d-57da-4cae-8ca2-9b682363407e-0003a832,aplicado,OK,,TE,TE-EMB-LGC-SECTOR EMBARQUE,TE-EMB-LGC-CINTAS EMBARQUE,,TE-EMB-GLR-ACCESO,TE-EMB-LGC-CINTAS,TE-EMB-ASP-ACE1,TE-EMB-VLV-VDP1/2,TE-EMB-ASP-ACE2,TE-EMB-VLV-VDP3/4,TE-EMB-ASP-ACE3,TE-EMB-ASP-ACE4,TE-EMB-VLV-VDP5/6,TE-EMB-ASP-ACE5,TE-EMB-VLV-VDP7/8,,,,,,,,,,,,,,,,,,,,,,,,,,,,,,,,,,,,,,,,,,,,,,,,,,,,,,,,,,,,,,,,,
350532,166708fd-8f1f-4231-bc3b-68b8d7570667-00055944,aplicado,OK,,,TE-EMB-LGC-SECTOR EMBARQUE,,,TE-EMB-ESC-ESC,,,,,,,,,,,,,,,,,,,,,,,,,,,,,,,,,,,,,,,,,,,,,,,,,,,,,,,,,,,,,,,,,,,,,,,,,,,
373139,c0e94eee-2efb-4074-b595-adbb9aa5b956-0005b193,aplicado,OK,,TE,TE-EMB-LGC-SECTOR EMBARQUE,TE-EMB-LGC-CINTAS EMBARQUE,,TE-EMB-CCM-CCMP3,TE-EMB-CNT-CE1,TE-EMB-VLV-RNCE1,TE-EMB-CNT-CE2,TE-EMB-VLV-RNCE2,TE-EMB-CNT-CE3,TE-EMB-CNT-CE4,TE-EMB-VLV-RNCE4,TE-EMB-CNT-CE5,TE-EMB-VLV-RNCE5,TE-EMB-GLR-GCE,,,,,,,,,,,,,,,,,,,,,,,,,,,,,,,,,,,,,,,,,,,,,,,,,,,,,,,,,,,,,,,,,
153025,e873c32e-5e0c-4f36-b2a7-48d4917bce06-000255c1,aplicado,OK,,TE,TE-EXP-LGC-EXPEDICION,TE-EXP-LGC-SECTOR ACCESO OSL,,TE-DDV-BLN-BALANZA,,,,,,,,,,,,,,,,,,,,,,,,,,,,,,,,,,,,,,,,,,,,,,,,,,,,,,,,,,,,,,,,,,,,,,,,,,,
153117,e873c32e-5e0c-4f36-b2a7-48d4917bce06-0002561d,aplicado,OK,,TE,TE-EXP-LGC-EXPEDICION,TE-EXP-LGC-SECTOR ACCESO OSL,,TE-EXP-LGC-SECTOR,,,,,,,,,,,,,,,,,,,,,,,,,,,,,,,,,,,,,,,,,,,,,,,,,,,,,,,,,,,,,,,,,,,,,,,,,,,
153162,e873c32e-5e0c-4f36-b2a7-48d4917bce06-0002564a,aplicado,OK,,TE,TE-EXP-LGC-EXPEDICION,TE-EXP-LGC-SECTOR ACCESO OSL,,TE-EXP-BRR-BARR,,,,,,,,,,,,,,,,,,,,,,,,,,,,,,,,,,,,,,,,,,,,,,,,,,,,,,,,,,,,,,,,,,,,,,,,,,,
200296,25d0f85d-57da-4cae-8ca2-9b682363407e-00030e68,aplicado,OK,,TE,TE-EXP-LGC-EXPEDICION,TE-EXP-LGC-SECTOR ACCESO OSL,,TE-EXP-CBN-CAB,,,,,,,,,,,,,,,,,,,,,,,,,,,,,,,,,,,,,,,,,,,,,,,,,,,,,,,,,,,,,,,,,,,,,,,,,,,
246541,6d934a82-96dc-4146-9e66-1ddfb42e3787-0003c30d,aplicado,OK,,TE,TE-EXP-LGC-EXPEDICION,TE-EXP-LGC-SECTOR BALANZA PTO,,TE-EXP-CMR-CAM,,,,,,,,,,,,,,,,,,,,,,,,,,,,,,,,,,,,,,,,,,,,,,,,,,,,,,,,,,,,,,,,,,,,,,,,,,,
248505,6d934a82-96dc-4146-9e66-1ddfb42e3787-0003cab9,aplicado,OK,,TE,TE-EXP-LGC-EXPEDICION,TE-EXP-LGC-SECTOR BALANZA PTO,,TE-PLY-BLN-OSL,,,,,,,,,,,,,,,,,,,,,,,,,,,,,,,,,,,,,,,,,,,,,,,,,,,,,,,,,,,,,,,,,,,,,,,,,,,
249234,6d934a82-96dc-4146-9e66-1ddfb42e3787-0003cd92,aplicado,OK,,TE,TE-EXP-LGC-EXPEDICION,TE-EXP-LGC-SECTOR BALANZA PTO,,TE-PLY-BLN-1,,,,,,,,,,,,,,,,,,,,,,,,,,,,,,,,,,,,,,,,,,,,,,,,,,,,,,,,,,,,,,,,,,,,,,,,,,,
249243,6d934a82-96dc-4146-9e66-1ddfb42e3787-0003cd9b,aplicado,OK,,TE,TE-EXP-LGC-EXPEDICION,TE-EXP-LGC-SECTOR BALANZA PTO,,TE-PLY-BLN-2,,,,,,,,,,,,,,,,,,,,,,,,,,,,,,,,,,,,,,,,,,,,,,,,,,,,,,,,,,,,,,,,,,,,,,,,,,,
238674,25d0f85d-57da-4cae-8ca2-9b682363407e-0003a452,aplicado,OK,,TE,TE-TDM-LGC-TORRE DE MANIPULEO,,,TE-TDM-LGC-TORRE,TE-TDM-BMB-BR2,TE-TDM-RSC-RFMTDM,TE-TDM-VLV-VBPB1,TE-TDM-LGC-CCM,TE-TDM-AIR-AIRTM2-2,TE-TDM-VLV-P61,TE-TDM-AIR-AIRTABLERO,,,,,,,,,,,,,,,,,,,,,,,,,,,,,,,,,,,,,,,,,,,,,,,,,,,,,,,,,,,,,,,,,,,,
346372,166708fd-8f1f-4231-bc3b-68b8d7570667-00054904,aplicado,OK,,TE,TE-TDM-LGC-TORRE DE MANIPULEO,TE-TE6-LGC-TORRE EL9,,TE-TDM-ASC-ASCENSOR,TE-TDM-BMB-BRPF,TE-TDM-VLV-VRBSFMTDM-2,TE-EMB-VLV-VPBE2,TE-TDM-CCM-CCMP0,TE-TDM-INCENDIO,TE-TDM-VLV-P62,TE-TDM-CMP-AC,TE-TE6-LGC-TORRE,TE-TE6-BRZ-BRFMEL9,TE-TE6-VLV-VR2TN1,TE-TE6-VLV-VR3CYC,TE-TE6-VNT-VLFMEL9,TE-TE6-MLC-MALC,TE-TE6-VLV-VG12,TE-TE6-VLV-VG22,TE-TE6-VLV-VG24,TE-TE6-VLV-VG26,TE-TE6-VLV-VG29,TE-TE6-MND-MLEL9,TE-TE6-VLV-VG14,TE-TE6-VLV-VG16,,,,,,,,,,,,,,,,,,,,,,,,,,,,,,,,,,,,,,,,,,,,,,,,,,,,,,
373369,1dd9711a-59af-4c3f-8b41-17903a787e86-0005b279,aplicado,OK,,TE,TE-TDM-LGC-TORRE DE MANIPULEO,TE-TE6-LGC-TORRE EL6,,TE-TDM-BMB-BATM1,TE-TDM-PUL-AIRE3,TE-TDM-VNT-VFMTDM,TE-TDM-VLV-VBPB2,TE-TDM-CMP-TM,TE-TDM-LGC-SIRENAS,TE-TDM-VLV-P72,TE-TE6-FLT-FMEL9,TE-TE6-RSC-RFMEL9,TE-TE6-FLT-CFINOS,TE-TE6-VLV-VRFMEL9,TE-TE6-VNT-VPFMEL9,TE-TE6-NOR-EL6,TE-TE6-VLV-VG21,TE-TE6-VLV-VG23,TE-TE6-VLV-VG25,TE-TE6-VLV-VG28,TE-TE6-NOR-EL9,TE-TE6-VLV-VG13,TE-TE6-VLV-VG15,TE-TE6-VLV-VG27,,,,,,,,,,,,,,,,,,,,,,,,,,,,,,,,,,,,,,,,,,,,,,,,,,,,,,,
