element_id,unique_id,btz_numero_activo,btz_description_01,btz_description_02,btz_description_03,btz_description_04,btz_description_05,btz_description_06,btz_description_07,btz_description_08,btz_description_09,btz_description_10,btz_description_11,btz_description_12,btz_description_13,btz_description_14,btz_description_15,btz_description_16,btz_description_17,btz_description_18,btz_description_19,btz_description_20,btz_description_21,btz_description_22,btz_description_23,btz_description_24,btz_description_25,btz_description_26,btz_description_27,btz_description_28,btz_description_29,btz_description_30,btz_description_31,btz_description_32,btz_description_33,btz_description_34,btz_description_35,btz_description_36,btz_description_37,btz_description_38,btz_description_39,btz_description_40,btz_description_41,btz_description_42,btz_description_43,btz_description_44,btz_description_45,btz_description_46,btz_description_47,btz_description_48,btz_description_49,btz_description_50,btz_description_51,btz_description_52,btz_description_53,btz_description_54,btz_description_55,btz_description_56,btz_description_57,btz_description_58,btz_description_59,btz_description_60,btz_description_61,btz_description_62,btz_description_63,btz_description_64,btz_description_65,btz_description_66,btz_description_67,btz_description_68,btz_description_69,btz_description_70,btz_description_71,btz_description_72,btz_description_73,btz_description_74,btz_description_75,btz_description_76,btz_description_77,btz_description_78,btz_description_79,btz_description_80,estado_match,estado_confirmacion,observacion,limpiar_valores
361370,79a4e34a-87ef-4472-9c35-b34f669597e2-0005839a,TE-BIO-SLA-SALA,TE,TE-ACT-LGC-SECTOR ACEITE,TE-ACT-LGC-BOMBAS DE ACEITE,TE-BIO-SLA-SALA BMB TK400,TE-BIO-BMB-BO414,TE-BIO-BMB-BO415,TE-FUEL-BMB-BO412,TE-FUEL-BMB-BO413,TE-BIO-BMB-BO411,TE-LCT-BMB-BO104,TE-BIO-BMB-BO110,TE-BIO-BMB-BO111,TE-BIO-BMB-BO112,,,,,,,,,,,,,,,,,,,,,,,,,,,,,,,,,,,,,,,,,,,,,,,,,,,,,,,,,,,,,,,,,,,,confirmado,confirmado_auto,match_directo confirmado desde Project/Revit | hijo Project TE-BIO-BMB-BO414 escrito en btz_description_05 (element_id=361370) | hijo Project TE-BIO-BMB-BO415 escrito en btz_description_06 (element_id=361370) | hijo Project TE-FUEL-BMB-BO412 escrito en btz_description_07 (element_id=361370) | hijo Project TE-FUEL-BMB-BO413 escrito en btz_description_08 (element_id=361370) | hijo Project TE-BIO-BMB-BO411 escrito en btz_description_09 (element_id=361370) | hijo Project TE-LCT-BMB-BO104 escrito en btz_description_10 (element_id=361370) | hijo Project TE-BIO-BMB-BO110 escrito en btz_description_11 (element_id=361370) | hijo Project TE-BIO-BMB-BO111 escrito en btz_description_12 (element_id=361370) | hijo Project TE-BIO-BMB-BO112 escrito en btz_description_13 (element_id=361370),NO
318365,dc2f52e8-69c4-45c8-a7dd-658a902d58d3-0004db9d,TE-BIO-TNQ-TK400,TE,TE-ACT-LGC-SECTOR ACEITE,TE-ACT-LGC-TANQUES 400,TE-BIO-TNQ-TK400,TE-ACT-VLV-TFPD6-12870,,,,,,,,,,,,,,,,,,,,,,,,,,,,,,,,,,,,,,,,,,,,,,,,,,,,,,,,,,,,,,,,,,,,,,,,,,,,confirmado,confirmado_auto,match_directo confirmado desde Project/Revit | hijo Project TE-ACT-VLV-TFPD6-12870 escrito en btz_description_05 (element_id=318365),NO
318340,dc2f52e8-69c4-45c8-a7dd-658a902d58d3-0004db84,TE-BIO-TNQ-TK401,TE,TE-ACT-LGC-SECTOR ACEITE,TE-ACT-LGC-TANQUES 400,TE-BIO-TNQ-TK401,TE-ACT-VLV-TFPD6-11147,TE-ACT-VLV-TFPD6-11201,,,,,,,,,,,,,,,,,,,,,,,,,,,,,,,,,,,,,,,,,,,,,,,,,,,,,,,,,,,,,,,,,,,,,,,,,,,confirmado,confirmado_auto,match_directo confirmado desde Project/Revit | hijo Project TE-ACT-VLV-TFPD6-11147 escrito en btz_description_05 (element_id=318340) | hijo Project TE-ACT-VLV-TFPD6-11201 escrito en btz_description_06 (element_id=318340),NO
171843,e873c32e-5e0c-4f36-b2a7-48d4917bce06-00029f43,TE-BIO-TNQ-TK402,TE,TE-ACT-LGC-SECTOR ACEITE,TE-ACT-LGC-TANQUES 400,TE-BIO-TNQ-TK402,TE-ACT-LGC-SECTOR,TE-ACT-LGC-TANQUES,TE-ACT-VLV-TFPD6-11148,TE-ACT-VLV-TFPD6-11202,,,,,,,,,,,,,,,,,,,,,,,,,,,,,,,,,,,,,,,,,,,,,,,,,,,,,,,,,,,,,,,,,,,,,,,,,confirmado,confirmado_auto,match_directo confirmado desde Project/Revit | hijo Project TE-ACT-LGC-SECTOR escrito en btz_description_05 (element_id=171843) | hijo Project TE-ACT-LGC-TANQUES escrito en btz_description_06 (element_id=171843) | hijo Project TE-ACT-VLV-TFPD6-11148 escrito en btz_description_07 (element_id=171843) | hijo Project TE-ACT-VLV-TFPD6-11202 escrito en btz_description_08 (element_id=171843),NO
171963,e873c32e-5e0c-4f36-b2a7-48d4917bce06-00029fbb,TE-FUEL-TNQ-TK403,TE,TE-ACT-LGC-SECTOR ACEITE,TE-ACT-LGC-TANQUES 400,TE-FUEL-TNQ-TK403,TE-ACT-CCM-CCMAC,TE-ACT-MLC-MLC,TE-ACT-VLV-TFPD6-11199,TE-ACT-VLV-TFPD6-12867,,,,,,,,,,,,,,,,,,,,,,,,,,,,,,,,,,,,,,,,,,,,,,,,,,,,,,,,,,,,,,,,,,,,,,,,,confirmado,confirmado_auto,match_directo confirmado desde Project/Revit | hijo Project TE-ACT-CCM-CCMAC escrito en btz_description_05 (element_id=171963) | hijo Project TE-ACT-MLC-MLC escrito en btz_description_06 (element_id=171963) | hijo Project TE-ACT-VLV-TFPD6-11199 escrito en btz_description_07 (element_id=171963) | hijo Project TE-ACT-VLV-TFPD6-12867 escrito en btz_description_08 (element_id=171963),NO
318484,dc2f52e8-69c4-45c8-a7dd-658a902d58d3-0004dc14,TE-FUEL-TNQ-TK404,TE,TE-ACT-LGC-SECTOR ACEITE,TE-ACT-LGC-TANQUES 400,TE-FUEL-TNQ-TK404,TE-ACT-VLV-TFPD6-12871,TE-ACT-VLV-TFPD6-12872,,,,,,,,,,,,,,,,,,,,,,,,,,,,,,,,,,,,,,,,,,,,,,,,,,,,,,,,,,,,,,,,,,,,,,,,,,,confirmado,confirmado_auto,match_directo confirmado desde Project/Revit | hijo Project TE-ACT-VLV-TFPD6-12871 escrito en btz_description_05 (element_id=318484) | hijo Project TE-ACT-VLV-TFPD6-12872 escrito en btz_description_06 (element_id=318484),NO
318499,dc2f52e8-69c4-45c8-a7dd-658a902d58d3-0004dc23,TE-FUEL-TNQ-TK405,TE,TE-ACT-LGC-SECTOR ACEITE,TE-ACT-LGC-TANQUES 400,TE-FUEL-TNQ-TK405,TE-ACT-VLV-TFPD6-12868,TE-ACT-VLV-TFPD6-12869,,,,,,,,,,,,,,,,,,,,,,,,,,,,,,,,,,,,,,,,,,,,,,,,,,,,,,,,,,,,,,,,,,,,,,,,,,,confirmado,confirmado_auto,match_directo confirmado desde Project/Revit | hijo Project TE-ACT-VLV-TFPD6-12868 escrito en btz_description_05 (element_id=318499) | hijo Project TE-ACT-VLV-TFPD6-12869 escrito en btz_description_06 (element_id=318499),NO
196872,25d0f85d-57da-4cae-8ca2-9b682363407e-00030108,TE-ACT-TNQ-TK1,TE,TE-ACT-LGC-SECTOR ACEITE,TE-ACT-LGC-TANQUES ACEITE,TE-ACT-TNQ-TK1,TE-ACT-VLV-TFPD-13783,TE-ACT-VLV-TFPD-13786,TE-ACT-TNQ-TK11,TE-BBR-BMB-DESAG,,,,,,,,,,,,,,,,,,,,,,,,,,,,,,,,,,,,,,,,,,,,,,,,,,,,,,,,,,,,,,,,,,,,,,,,,confirmado,confirmado_auto,match_directo confirmado desde Project/Revit | hijo Project TE-ACT-VLV-TFPD-13783 escrito en btz_description_05 (element_id=196872) | hijo Project TE-ACT-VLV-TFPD-13786 escrito en btz_description_06 (element_id=196872) | hijo Project TE-ACT-TNQ-TK11 escrito en btz_description_07 (element_id=196872) | hijo Project TE-BBR-BMB-DESAG escrito en btz_description_08 (element_id=196872),NO
196851,25d0f85d-57da-4cae-8ca2-9b682363407e-000300f3,TE-ACT-TNQ-TK2,TE,TE-ACT-LGC-SECTOR ACEITE,TE-ACT-LGC-TANQUES ACEITE,TE-ACT-TNQ-TK2,TE-ACT-AGT-AG501,TE-ACT-LIN-LINEA,,,,,,,,,,,,,,,,,,,,,,,,,,,,,,,,,,,,,,,,,,,,,,,,,,,,,,,,,,,,,,,,,,,,,,,,,,,confirmado,confirmado_auto,match_directo confirmado desde Project/Revit | hijo Project TE-ACT-AGT-AG501 escrito en btz_description_05 (element_id=196851) | hijo Project TE-ACT-LIN-LINEA escrito en btz_description_06 (element_id=196851),NO
196891,25d0f85d-57da-4cae-8ca2-9b682363407e-0003011b,TE-ACT-TNQ-TK3,TE,TE-ACT-LGC-SECTOR ACEITE,TE-ACT-LGC-TANQUES ACEITE,TE-ACT-TNQ-TK3,TE-ACT-VLV-TFPD-11198,TE-ACT-VLV-TFPD-11200,TE-ACT-AGT-AG502,TE-GLC-LGC-BOMBAS,,,,,,,,,,,,,,,,,,,,,,,,,,,,,,,,,,,,,,,,,,,,,,,,,,,,,,,,,,,,,,,,,,,,,,,,,confirmado,confirmado_auto,match_directo confirmado desde Project/Revit | hijo Project TE-ACT-VLV-TFPD-11198 escrito en btz_description_05 (element_id=196891) | hijo Project TE-ACT-VLV-TFPD-11200 escrito en btz_description_06 (element_id=196891) | hijo Project TE-ACT-AGT-AG502 escrito en btz_description_07 (element_id=196891) | hijo Project TE-GLC-LGC-BOMBAS escrito en btz_description_08 (element_id=196891),NO
196831,25d0f85d-57da-4cae-8ca2-9b682363407e-000300df,TE-ACT-TNQ-TK4,TE,TE-ACT-LGC-SECTOR ACEITE,TE-ACT-LGC-TANQUES ACEITE,TE-ACT-TNQ-TK4,TE-ACT-CÑR-CAÑERIA,TE-ACT-VLV-TFPD-11145,TE-ACT-VLV-TFPD-11146,TE-ACT-TNQ-TK10,,,,,,,,,,,,,,,,,,,,,,,,,,,,,,,,,,,,,,,,,,,,,,,,,,,,,,,,,,,,,,,,,,,,,,,,,confirmado,confirmado_auto,match_directo confirmado desde Project/Revit | hijo Project TE-ACT-CÑR-CAÑERIA escrito en btz_description_05 (element_id=196831) | hijo Project TE-ACT-VLV-TFPD-11145 escrito en btz_description_06 (element_id=196831) | hijo Project TE-ACT-VLV-TFPD-11146 escrito en btz_description_07 (element_id=196831) | hijo Project TE-ACT-TNQ-TK10 escrito en btz_description_08 (element_id=196831),NO
239885,25d0f85d-57da-4cae-8ca2-9b682363407e-0003a90d,TE-ACT-TNQ-TK5,TE,TE-ACT-LGC-SECTOR ACEITE,TE-ACT-LGC-TANQUES ACEITE,TE-ACT-TNQ-TK5,TE-GLC-BMB-BO303,,,,,,,,,,,,,,,,,,,,,,,,,,,,,,,,,,,,,,,,,,,,,,,,,,,,,,,,,,,,,,,,,,,,,,,,,,,,confirmado,confirmado_auto,match_directo confirmado desde Project/Revit | hijo Project TE-GLC-BMB-BO303 escrito en btz_description_05 (element_id=239885),NO
239868,25d0f85d-57da-4cae-8ca2-9b682363407e-0003a8fc,TE-ACT-TNQ-TK6,TE,TE-ACT-LGC-SECTOR ACEITE,TE-ACT-LGC-TANQUES ACEITE,TE-ACT-TNQ-TK6,TE-ACT-AGT-AG500,TE-GLC-BMB-BO302,,,,,,,,,,,,,,,,,,,,,,,,,,,,,,,,,,,,,,,,,,,,,,,,,,,,,,,,,,,,,,,,,,,,,,,,,,,confirmado,confirmado_auto,match_directo confirmado desde Project/Revit | hijo Project TE-ACT-AGT-AG500 escrito en btz_description_05 (element_id=239868) | hijo Project TE-GLC-BMB-BO302 escrito en btz_description_06 (element_id=239868),NO
239853,25d0f85d-57da-4cae-8ca2-9b682363407e-0003a8ed,TE-ACT-TNQ-TK7,TE,TE-ACT-LGC-SECTOR ACEITE,TE-ACT-LGC-TANQUES ACEITE,TE-ACT-TNQ-TK7,TE-ACT-TNQ-TK9,TE-GLC-BMB-BO301,,,,,,,,,,,,,,,,,,,,,,,,,,,,,,,,,,,,,,,,,,,,,,,,,,,,,,,,,,,,,,,,,,,,,,,,,,,confirmado,confirmado_auto,match_directo confirmado desde Project/Revit | hijo Project TE-ACT-TNQ-TK9 escrito en btz_description_05 (element_id=239853) | hijo Project TE-GLC-BMB-BO301 escrito en btz_description_06 (element_id=239853),NO
287288,3ef3eb15-44e2-4f2f-86e5-968d98d4d492-00046238,TE-LCT-TNQ-TK8,TE,TE-ACT-LGC-SECTOR ACEITE,TE-ACT-LGC-TANQUES ACEITE,TE-LCT-TNQ-TK8,TE-LCT-CLT-CALDERIN,TE-GLC-BMB-BO306,,,,,,,,,,,,,,,,,,,,,,,,,,,,,,,,,,,,,,,,,,,,,,,,,,,,,,,,,,,,,,,,,,,,,,,,,,,confirmado,confirmado_auto,match_directo confirmado desde Project/Revit | hijo Project TE-LCT-CLT-CALDERIN escrito en btz_description_05 (element_id=287288) | hijo Project TE-GLC-BMB-BO306 escrito en btz_description_06 (element_id=287288),NO
244647,537a4952-56a2-40b2-b335-4f8c5f98eeab-0003bba7,TE-ACT-PLA-CARGDESCACEOSL,TE,TE-ACT-PLA-CARGDESCACEOSL,TE-ACT-PLA-CARGDESCACEOSL,,,,,,,,,,,,,,,,,,,,,,,,,,,,,,,,,,,,,,,,,,,,,,,,,,,,,,,,,,,,,,,,,,,,,,,,,,,,,,confirmado,confirmado_auto,match_directo confirmado desde Project/Revit,NO
174229,e873c32e-5e0c-4f36-b2a7-48d4917bce06-0002a895,TE-ACT-TNQ-TK12,TE,TE-ACT-LGC-SECTOR ACEITE,TE-ACT-LGC-TANQUES ACEITE OSL,TE-ACT-TNQ-TK12,TE-ACT-PLM-AIRE2,TE-FUEL-BMB-BO410,TE-ACT-AGT-AG503,,,,,,,,,,,,,,,,,,,,,,,,,,,,,,,,,,,,,,,,,,,,,,,,,,,,,,,,,,,,,,,,,,,,,,,,,,confirmado,confirmado_auto,match_directo confirmado desde Project/Revit | hijo Project TE-ACT-PLM-AIRE2 escrito en btz_description_05 (element_id=174229) | hijo Project TE-FUEL-BMB-BO410 escrito en btz_description_06 (element_id=174229) | hijo Project TE-ACT-AGT-AG503 escrito en btz_description_07 (element_id=174229),NO
363228,c5789114-c0d4-413a-baf1-dd659684e66c-00058adc,TE-ADM-EDF-COCHERAS,TE,TE-ADM-LGC-EDIFICIOS VARIOS,TE-ADM-EDF-COCHERAS,,,,,,,,,,,,,,,,,,,,,,,,,,,,,,,,,,,,,,,,,,,,,,,,,,,,,,,,,,,,,,,,,,,,,,,,,,,,,,confirmado,confirmado_auto,match_directo confirmado desde Project/Revit,NO
364734,c5789114-c0d4-413a-baf1-dd659684e66c-000590be,TE-ADM-EDF-COMEDOR,TE,TE-ADM-LGC-EDIFICIOS VARIOS,TE-ADM-EDF-COMEDOR,,,,,,,,,,,,,,,,,,,,,,,,,,,,,,,,,,,,,,,,,,,,,,,,,,,,,,,,,,,,,,,,,,,,,,,,,,,,,,confirmado,confirmado_auto,match_directo confirmado desde Project/Revit,NO
243861,94c5ceaf-9c93-4a8b-ad76-b4723e012880-0003b895,TE-ADM-EDF-DPTO,TE,TE-ADM-LGC-EDIFICIOS VARIOS,TE-ADM-EDF-DPTO MEDICO,,,,,,,,,,,,,,,,,,,,,,,,,,,,,,,,,,,,,,,,,,,,,,,,,,,,,,,,,,,,,,,,,,,,,,,,,,,,,,confirmado,confirmado_auto,match_directo confirmado desde Project/Revit,NO
166752,e873c32e-5e0c-4f36-b2a7-48d4917bce06-00028b60,TE-ADM-EDF-PORTERIA,TE,TE-ADM-LGC-EDIFICIOS VARIOS,TE-ADM-EDF-PORTERIA,,TE-ADM-EDF-BICICLETERO,,,,,,,,,,,,,,,,,,,,,,,,,,,,,,,,,,,,,,,,,,,,,,,,,,,,,,,,,,,,,,,,,,,,,,,,,,,,confirmado,confirmado_auto,match_directo confirmado desde Project/Revit | hijo Project TE-ADM-EDF-BICICLETERO escrito en btz_description_05 (element_id=166752),NO
240182,25d0f85d-57da-4cae-8ca2-9b682363407e-0003aa36,TE-ADM-EDF-VESTUARIOS,TE,TE-ADM-LGC-EDIFICIOS VARIOS,TE-ADM-EDF-VESTUARIOS GRALES,,,,,,,,,,,,,,,,,,,,,,,,,,,,,,,,,,,,,,,,,,,,,,,,,,,,,,,,,,,,,,,,,,,,,,,,,,,,,,confirmado,confirmado_auto,match_directo confirmado desde Project/Revit,NO
349738,166708fd-8f1f-4231-bc3b-68b8d7570667-0005562a,TE-TDM-CNT-C01,TE,TE-TDM-LGC-TORRE DE MANIPULEO,TE-TDM-LGC-GALERIA C01/C05,TE-TDM-CNT-C01,TE-TDM-LGC-GALERIA,TE-TDM-SRN-SIRC01,TE-TDM-ASP-ASPERSOR,TE-TDM-CMP-COM1,TE-TDM-VLV-VRFMTDM,TE-TDM-VLV-ABE2,TE-TDM-AIR-AIRTM0-1,TE-TDM-LGC-BANCO,TE-TDM-VLV-P71,TE-TDM-VNT-B35,,,,,,,,,,,,,,,,,,,,,,,,,,,,,,,,,,,,,,,,,,,,,,,,,,,,,,,,,,,,,,,,,,,confirmado,confirmado_auto,match_directo confirmado desde Project/Revit | hijo Project TE-TDM-LGC-GALERIA escrito en btz_description_05 (element_id=349738) | hijo Project TE-TDM-SRN-SIRC01 escrito en btz_description_06 (element_id=349738) | hijo Project TE-TDM-ASP-ASPERSOR escrito en btz_description_07 (element_id=349738) | hijo Project TE-TDM-CMP-COM1 escrito en btz_description_08 (element_id=349738) | hijo Project TE-TDM-VLV-VRFMTDM escrito en btz_description_09 (element_id=349738) | hijo Project TE-TDM-VLV-ABE2 escrito en btz_description_10 (element_id=349738) | hijo Project TE-TDM-AIR-AIRTM0-1 escrito en btz_description_11 (element_id=349738) | hijo Project TE-TDM-LGC-BANCO escrito en btz_description_12 (element_id=349738) | hijo Project TE-TDM-VLV-P71 escrito en btz_description_13 (element_id=349738) | hijo Project TE-TDM-VNT-B35 escrito en btz_description_14 (element_id=349738),NO
374208,1dd9711a-59af-4c3f-8b41-17903a787e86-0005b5c0,TE-TDM-CNT-C05,TE,TE-TDM-LGC-TORRE DE MANIPULEO,TE-TDM-LGC-GALERIA C01/C05,TE-TDM-CNT-C05,TE-TDM-VLV-Q01,TE-TDM-VLV-Q02,TE-TDM-VLV-Q03,TE-TDM-VLV-Q04,TE-TDM-VLV-Q05,TE-TDM-VLV-Q06,TE-TDM-CNT-SACAMMETALES,TE-TDM-BMB-BATM2,TE-TDM-FLT-FMTDM,TE-TDM-LGC-BALANZAS,TE-TDM-VLV-ABE3,TE-TDM-AIR-AIRTM0-2,TE-TDM-SRN-SIR,TE-TDM-VLV-P81,,,,,,,,,,,,,,,,,,,,,,,,,,,,,,,,,,,,,,,,,,,,,,,,,,,,,,,,,,,,,,,confirmado,confirmado_auto,match_directo confirmado desde Project/Revit | hijo Project TE-TDM-VLV-Q01 escrito en btz_description_05 (element_id=374208) | hijo Project TE-TDM-VLV-Q02 escrito en btz_description_06 (element_id=374208) | hijo Project TE-TDM-VLV-Q03 escrito en btz_description_07 (element_id=374208) | hijo Project TE-TDM-VLV-Q04 escrito en btz_description_08 (element_id=374208) | hijo Project TE-TDM-VLV-Q05 escrito en btz_description_09 (element_id=374208) | hijo Project TE-TDM-VLV-Q06 escrito en btz_description_10 (element_id=374208) | hijo Project TE-TDM-CNT-SACAMMETALES escrito en btz_description_11 (element_id=374208) | hijo Project TE-TDM-BMB-BATM2 escrito en btz_description_12 (element_id=374208) | hijo Project TE-TDM-FLT-FMTDM escrito en btz_description_13 (element_id=374208) | hijo Project TE-TDM-LGC-BALANZAS escrito en btz_description_14 (element_id=374208) | hijo Project TE-TDM-VLV-ABE3 escrito en btz_description_15 (element_id=374208) | hijo Project TE-TDM-AIR-AIRTM0-2 escrito en btz_description_16 (element_id=374208) | hijo Project TE-TDM-SRN-SIR escrito en btz_description_17 (element_id=374208) | hijo Project TE-TDM-VLV-P81 escrito en btz_description_18 (element_id=374208),NO
243779,94c5ceaf-9c93-4a8b-ad76-b4723e012880-0003b843,TE-CLD-LGC-CALADO,TE,TE-ADM-LGC-EDIFICIOS VARIOS,TE-CLD-LGC-DPTOCALIDAD,TE-CLD-LGC-CALADO CAMIONES,,,,,,,,,,,,,,,,,,,,,,,,,,,,,,,,,,,,,,,,,,,,,,,,,,,,,,,,,,,,,,,,,,,,,,,,,,,,,confirmado,confirmado_auto,match_directo confirmado desde Project/Revit,NO
314154,dc2f52e8-69c4-45c8-a7dd-658a902d58d3-0004cb2a,TE-DDC-PTV-PV1,TE,TE-DDC-LGC-DESCARGA CAMIONES,TE-DDC-PTV-PV1,,TE-DDC-FLT-FMDDC,TE-DDC-LGC-PLAT,TE-DDC-CHD-CHPV1,TE-DDC-CLZ-CPV1,TE-DDC-CHD-CHCALZPV01,TE-DDC-SIS-DUSTMASTER-PV1,TE-DDC-VLV-PV1A,TE-DDC-VLV-PV1B,TE-DDC-VLV-PV1C,TE-DDC-VLV-PV1D,TE-DDC-VLV-PV1E,TE-DDC-VLV-PV1F,,,,,,,,,,,,,,,,,,,,,,,,,,,,,,,,,,,,,,,,,,,,,,,,,,,,,,,,,,,,,,,,,confirmado,confirmado_auto,match_directo confirmado desde Project/Revit | hijo Project TE-DDC-FLT-FMDDC escrito en btz_description_05 (element_id=314154) | hijo Project TE-DDC-LGC-PLAT escrito en btz_description_06 (element_id=314154) | hijo Project TE-DDC-CHD-CHPV1 escrito en btz_description_07 (element_id=314154) | hijo Project TE-DDC-CLZ-CPV1 escrito en btz_description_08 (element_id=314154) | hijo Project TE-DDC-CHD-CHCALZPV01 escrito en btz_description_09 (element_id=314154) | hijo Project TE-DDC-SIS-DUSTMASTER-PV1 escrito en btz_description_10 (element_id=314154) | hijo Project TE-DDC-VLV-PV1A escrito en btz_description_11 (element_id=314154) | hijo Project TE-DDC-VLV-PV1B escrito en btz_description_12 (element_id=314154) | hijo Project TE-DDC-VLV-PV1C escrito en btz_description_13 (element_id=314154) | hijo Project TE-DDC-VLV-PV1D escrito en btz_description_14 (element_id=314154) | hijo Project TE-DDC-VLV-PV1E escrito en btz_description_15 (element_id=314154) | hijo Project TE-DDC-VLV-PV1F escrito en btz_description_16 (element_id=314154),NO
314190,dc2f52e8-69c4-45c8-a7dd-658a902d58d3-0004cb4e,TE-DDC-PTV-PV2,TE,TE-DDC-LGC-DESCARGA CAMIONES,TE-DDC-PTV-PV2,,TE-DDC-BRL-BFMDDC,TE-DDC-CHD-CHPV2,TE-DDC-CLZ-CPV2,TE-DDC-CHD-CHCALZPV02,TE-DDC-SIS-DUSTMASTER-PV2,TE-DDC-VLV-PV2A,TE-DDC-VLV-PV2B,TE-DDC-VLV-PV2C,TE-DDC-VLV-PV2D,TE-DDC-VLV-PV2E,TE-DDC-VLV-PV2F,TE-DDC-SIS-LUBCENTRAL,,,,,,,,,,,,,,,,,,,,,,,,,,,,,,,,,,,,,,,,,,,,,,,,,,,,,,,,,,,,,,,,,confirmado,confirmado_auto,match_directo confirmado desde Project/Revit | hijo Project TE-DDC-BRL-BFMDDC escrito en btz_description_05 (element_id=314190) | hijo Project TE-DDC-CHD-CHPV2 escrito en btz_description_06 (element_id=314190) | hijo Project TE-DDC-CLZ-CPV2 escrito en btz_description_07 (element_id=314190) | hijo Project TE-DDC-CHD-CHCALZPV02 escrito en btz_description_08 (element_id=314190) | hijo Project TE-DDC-SIS-DUSTMASTER-PV2 escrito en btz_description_09 (element_id=314190) | hijo Project TE-DDC-VLV-PV2A escrito en btz_description_10 (element_id=314190) | hijo Project TE-DDC-VLV-PV2B escrito en btz_description_11 (element_id=314190) | hijo Project TE-DDC-VLV-PV2C escrito en btz_description_12 (element_id=314190) | hijo Project TE-DDC-VLV-PV2D escrito en btz_description_13 (element_id=314190) | hijo Project TE-DDC-VLV-PV2E escrito en btz_description_14 (element_id=314190) | hijo Project TE-DDC-VLV-PV2F escrito en btz_description_15 (element_id=314190) | hijo Project TE-DDC-SIS-LUBCENTRAL escrito en btz_description_16 (element_id=314190),NO
314219,dc2f52e8-69c4-45c8-a7dd-658a902d58d3-0004cb6b,TE-DDC-PTV-PV3,TE,TE-DDC-LGC-DESCARGA CAMIONES,TE-DDC-PTV-PV3,,TE-DDC-RSC-RFMDDC,TE-DDC-CHD-CHPV3,TE-DDC-CLZ-CPV3,TE-DDC-CHD-CHCALZPV03,TE-DDC-SIS-DUSTMASTER-PV3,TE-DDC-VLV-PV3A,TE-DDC-VLV-PV3B,TE-DDC-VLV-PV3C,TE-DDC-VLV-PV3D,TE-DDC-VLV-PV3E,TE-DDC-VLV-PV3F,TE-DDC-SIS-ASPIRACION,,,,,,,,,,,,,,,,,,,,,,,,,,,,,,,,,,,,,,,,,,,,,,,,,,,,,,,,,,,,,,,,,confirmado,confirmado_auto,match_directo confirmado desde Project/Revit | hijo Project TE-DDC-RSC-RFMDDC escrito en btz_description_05 (element_id=314219) | hijo Project TE-DDC-CHD-CHPV3 escrito en btz_description_06 (element_id=314219) | hijo Project TE-DDC-CLZ-CPV3 escrito en btz_description_07 (element_id=314219) | hijo Project TE-DDC-CHD-CHCALZPV03 escrito en btz_description_08 (element_id=314219) | hijo Project TE-DDC-SIS-DUSTMASTER-PV3 escrito en btz_description_09 (element_id=314219) | hijo Project TE-DDC-VLV-PV3A escrito en btz_description_10 (element_id=314219) | hijo Project TE-DDC-VLV-PV3B escrito en btz_description_11 (element_id=314219) | hijo Project TE-DDC-VLV-PV3C escrito en btz_description_12 (element_id=314219) | hijo Project TE-DDC-VLV-PV3D escrito en btz_description_13 (element_id=314219) | hijo Project TE-DDC-VLV-PV3E escrito en btz_description_14 (element_id=314219) | hijo Project TE-DDC-VLV-PV3F escrito en btz_description_15 (element_id=314219) | hijo Project TE-DDC-SIS-ASPIRACION escrito en btz_description_16 (element_id=314219),NO
314239,dc2f52e8-69c4-45c8-a7dd-658a902d58d3-0004cb7f,TE-DDC-PTV-PV4,TE,TE-DDC-LGC-DESCARGA CAMIONES,TE-DDC-PTV-PV4,,TE-DDC-VLV-VRFMDDC,TE-DDC-CHD-CHPV4,TE-DDC-CLZ-CPV4,TE-DDC-CHD-CHCALZPV04,TE-DDC-SIS-DUSTMASTER-PV4,TE-DDC-VLV-PV4A,TE-DDC-VLV-PV4B,TE-DDC-VLV-PV4C,TE-DDC-VLV-PV4D,TE-DDC-VLV-PV4E,TE-DDC-VLV-PV4F,,,,,,,,,,,,,,,,,,,,,,,,,,,,,,,,,,,,,,,,,,,,,,,,,,,,,,,,,,,,,,,,,,confirmado,confirmado_auto,match_directo confirmado desde Project/Revit | hijo Project TE-DDC-VLV-VRFMDDC escrito en btz_description_05 (element_id=314239) | hijo Project TE-DDC-CHD-CHPV4 escrito en btz_description_06 (element_id=314239) | hijo Project TE-DDC-CLZ-CPV4 escrito en btz_description_07 (element_id=314239) | hijo Project TE-DDC-CHD-CHCALZPV04 escrito en btz_description_08 (element_id=314239) | hijo Project TE-DDC-SIS-DUSTMASTER-PV4 escrito en btz_description_09 (element_id=314239) | hijo Project TE-DDC-VLV-PV4A escrito en btz_description_10 (element_id=314239) | hijo Project TE-DDC-VLV-PV4B escrito en btz_description_11 (element_id=314239) | hijo Project TE-DDC-VLV-PV4C escrito en btz_description_12 (element_id=314239) | hijo Project TE-DDC-VLV-PV4D escrito en btz_description_13 (element_id=314239) | hijo Project TE-DDC-VLV-PV4E escrito en btz_description_14 (element_id=314239) | hijo Project TE-DDC-VLV-PV4F escrito en btz_description_15 (element_id=314239),NO
170458,e873c32e-5e0c-4f36-b2a7-48d4917bce06-000299da,TE-DDC-PTV-PV5,TE,TE-DDC-LGC-DESCARGA CAMIONES,TE-DDC-PTV-PV5,Es exclusivamente de la secadora,TE-DDC-LGC-DESCARGA,TE-DDC-VNT-VFMDDC,TE-DDC-CHD-CHPV5,TE-DDC-CLZ-CPV5,TE-DDC-CHD-CHCALZPV05,TE-DDC-FLT-FMAPV5,TE-DDC-SIS-DUSTMASTER-PV5,TE-DDC-VLV-PV5A,TE-DDC-VLV-PV5B,TE-DDC-VLV-PV5C,TE-DDC-VNT-VEFMAPV5,,,,,,,,,,,,,,,,,,,,,,,,,,,,,,,,,,,,,,,,,,,,,,,,,,,,,,,,,,,,,,,,,,confirmado,confirmado_auto,match_directo confirmado desde Project/Revit | hijo Project TE-DDC-LGC-DESCARGA escrito en btz_description_05 (element_id=170458) | hijo Project TE-DDC-VNT-VFMDDC escrito en btz_description_06 (element_id=170458) | hijo Project TE-DDC-CHD-CHPV5 escrito en btz_description_07 (element_id=170458) | hijo Project TE-DDC-CLZ-CPV5 escrito en btz_description_08 (element_id=170458) | hijo Project TE-DDC-CHD-CHCALZPV05 escrito en btz_description_09 (element_id=170458) | hijo Project TE-DDC-FLT-FMAPV5 escrito en btz_description_10 (element_id=170458) | hijo Project TE-DDC-SIS-DUSTMASTER-PV5 escrito en btz_description_11 (element_id=170458) | hijo Project TE-DDC-VLV-PV5A escrito en btz_description_12 (element_id=170458) | hijo Project TE-DDC-VLV-PV5B escrito en btz_description_13 (element_id=170458) | hijo Project TE-DDC-VLV-PV5C escrito en btz_description_14 (element_id=170458) | hijo Project TE-DDC-VNT-VEFMAPV5 escrito en btz_description_15 (element_id=170458),NO
352276,166708fd-8f1f-4231-bc3b-68b8d7570667-00056014,TE-EMB-LGC-DOLPHIN,TE,TE-EMB-LGC-SECTOR EMBARQUE,TE-EMB-LGC-DOLPHIN,,TE-EMB-LGC-CCM,TE-EMB-DLP-D1,TE-EMB-DLP-D2,TE-EMB-DLP-D3,TE-EMB-DLP-D4,,,,,,,,,,,,,,,,,,,,,,,,,,,,,,,,,,,,,,,,,,,,,,,,,,,,,,,,,,,,,,,,,,,,,,,,confirmado,confirmado_auto,match_directo confirmado desde Project/Revit | hijo Project TE-EMB-LGC-CCM escrito en btz_description_05 (element_id=352276) | hijo Project TE-EMB-DLP-D1 escrito en btz_description_06 (element_id=352276) | hijo Project TE-EMB-DLP-D2 escrito en btz_description_07 (element_id=352276) | hijo Project TE-EMB-DLP-D3 escrito en btz_description_08 (element_id=352276) | hijo Project TE-EMB-DLP-D4 escrito en btz_description_09 (element_id=352276),NO
370890,c0e94eee-2efb-4074-b595-adbb9aa5b956-0005a8ca,TE-EMB-PSC-P1,TE,TE-EMB-LGC-SECTOR EMBARQUE,TE-EMB-LGC-PESCANTES,TE-EMB-PSC-P1,TE-EMB-CCM-CCMP1,TE-EMB-CHD-CENT,TE-EMB-CHD-CUCHARA,TE-EMB-CIL-CHPP1,TE-EMB-CNT-TB1,TE-EMB-PIL-PILA,TE-EMB-TTL-TUBO,,,,,,,,,,,,,,,,,,,,,,,,,,,,,,,,,,,,,,,,,,,,,,,,,,,,,,,,,,,,,,,,,,,,,,confirmado,confirmado_auto,match_directo confirmado desde Project/Revit | hijo Project TE-EMB-CCM-CCMP1 escrito en btz_description_05 (element_id=370890) | hijo Project TE-EMB-LGC-PESCANTES ya existía en btz_description_03 | hijo Project TE-EMB-CHD-CENT escrito en btz_description_06 (element_id=370890) | hijo Project TE-EMB-CHD-CUCHARA escrito en btz_description_07 (element_id=370890) | hijo Project TE-EMB-CIL-CHPP1 escrito en btz_description_08 (element_id=370890) | hijo Project TE-EMB-CNT-TB1 escrito en btz_description_09 (element_id=370890) | hijo Project TE-EMB-PIL-PILA escrito en btz_description_10 (element_id=370890) | hijo Project TE-EMB-TTL-TUBO escrito en btz_description_11 (element_id=370890),NO
372532,c0e94eee-2efb-4074-b595-adbb9aa5b956-0005af34,TE-EMB-PSC-P2,TE,TE-EMB-LGC-SECTOR EMBARQUE,TE-EMB-LGC-PESCANTES,TE-EMB-PSC-P2,TE-EMB-CCM-CCMP1INF,TE-EMB-CIL-CHPP2,TE-EMB-CNT-TB2,,,,,,,,,,,,,,,,,,,,,,,,,,,,,,,,,,,,,,,,,,,,,,,,,,,,,,,,,,,,,,,,,,,,,,,,,,confirmado,confirmado_auto,match_directo confirmado desde Project/Revit | hijo Project TE-EMB-CCM-CCMP1INF escrito en btz_description_05 (element_id=372532) | hijo Project TE-EMB-CIL-CHPP2 escrito en btz_description_06 (element_id=372532) | hijo Project TE-EMB-CNT-TB2 escrito en btz_description_07 (element_id=372532),NO
372571,c0e94eee-2efb-4074-b595-adbb9aa5b956-0005af5b,TE-EMB-PSC-P3,TE,TE-EMB-LGC-SECTOR EMBARQUE,TE-EMB-LGC-PESCANTES,TE-EMB-PSC-P3,TE-EMB-CCM-CCMP2,TE-EMB-CIL-CHPP3,TE-EMB-CNT-TB3,,,,,,,,,,,,,,,,,,,,,,,,,,,,,,,,,,,,,,,,,,,,,,,,,,,,,,,,,,,,,,,,,,,,,,,,,,confirmado,confirmado_auto,match_directo confirmado desde Project/Revit | hijo Project TE-EMB-CCM-CCMP2 escrito en btz_description_05 (element_id=372571) | hijo Project TE-EMB-CIL-CHPP3 escrito en btz_description_06 (element_id=372571) | hijo Project TE-EMB-CNT-TB3 escrito en btz_description_07 (element_id=372571),NO
285419,121e7c49-6f80-4698-91bd-c7c5a38e25dd-00045aeb,TE-SCD-FLT-FMAMAP,TE,TE-SCD-LGC-SECTOR SECADORA,TE-SCD-FLT-FMAMAP,,redler secadora,centiladores aire caliente,elevador 7,elevador 8,TE-SEC-SECSEKW(SECADORA),TE-RFN-FLT-FARG,TE-RFN-FLT-FARS,TE-SCD-LGC-SECTOR,TE-SCD-VLV-VRFMAMAP,TE-SCD-VNT-VLFMAMAP,TE-SEC-QMD-QM01,TE-SEC-QMD-QM04,TE-SCD-LGC-VENTIL,TE-SEC-VNT-VE03,TE-SEC-SEC-SEKW,TE-SEC-BRZ-BDEP1,TE-SEC-DPR-DEPU2,TE-SEC-DST-DESTERRADOR,TE-SEC-VLV-VALV,TE-SEC-VLV-V8,,,,,,,,,,,,,,,,,,,,,,,,,,,,,,,,,,,,,,,,,,,,,,,,,,,,,,,,,confirmado,confirmado_auto,match_directo confirmado desde Project/Revit | hijo Project TE-RFN-FLT-FARG escrito en btz_description_10 (element_id=285419) | hijo Project TE-RFN-FLT-FARS escrito en btz_description_11 (element_id=285419) | hijo Project TE-SCD-LGC-SECTOR escrito en btz_description_12 (element_id=285419) | hijo Project TE-SCD-VLV-VRFMAMAP escrito en btz_description_13 (element_id=285419) | hijo Project TE-SCD-VNT-VLFMAMAP escrito en btz_description_14 (element_id=285419) | hijo Project TE-SEC-QMD-QM01 escrito en btz_description_15 (element_id=285419) | hijo Project TE-SEC-QMD-QM04 escrito en btz_description_16 (element_id=285419) | hijo Project TE-SCD-LGC-VENTIL escrito en btz_description_17 (element_id=285419) | hijo Project TE-SEC-VNT-VE03 escrito en btz_description_18 (element_id=285419) | hijo Project TE-SEC-SEC-SEKW escrito en btz_description_19 (element_id=285419) | hijo Project TE-SEC-BRZ-BDEP1 escrito en btz_description_20 (element_id=285419) | hijo Project TE-SEC-DPR-DEPU2 escrito en btz_description_21 (element_id=285419) | hijo Project TE-SEC-DST-DESTERRADOR escrito en btz_description_22 (element_id=285419) | hijo Project TE-SEC-VLV-VALV escrito en btz_description_23 (element_id=285419) | hijo Project TE-SEC-VLV-V8 escrito en btz_description_24 (element_id=285419),NO
376778,8accc226-fd17-4cff-b8d4-a22c3cd8ef0a-0005bfca,TE-SCD-LGC-REDLER,TE,TE-SCD-LGC-SECTOR SECADORA,TE-SCD-LGC-REDLER SECADORA,,redler secadora,centiladores aire caliente,elevador 7,elevador 8,TE-SEC-SECSEKW(SECADORA),TE-SCD-CCM-CCM,TE-SEC-QMD-QM02,TE-SEC-QMD-QM05,TE-SEC-RDL-R31,TE-SEC-RDL-R32,TE-SEC-VLV-V1,TE-SEC-VLV-V2,TE-SEC-RDL-R33,TE-SEC-RDL-R34,TE-SEC-VNT-VE01,TE-SEC-VNT-VE04,TE-SEC-BSC-BASCULANTE,TE-SEC-CCL-CDEPU1,TE-SEC-BRZ-BDEP2,TE-SEC-VLV-VRDEST,TE-SEC-VLV-V5,,,,,,,,,,,,,,,,,,,,,,,,,,,,,,,,,,,,,,,,,,,,,,,,,,,,,,,,confirmado,confirmado_auto,match_directo confirmado desde Project/Revit | hijo Project TE-SCD-CCM-CCM escrito en btz_description_10 (element_id=376778) | hijo Project TE-SEC-QMD-QM02 escrito en btz_description_11 (element_id=376778) | hijo Project TE-SEC-QMD-QM05 escrito en btz_description_12 (element_id=376778) | hijo Project TE-SEC-RDL-R31 escrito en btz_description_13 (element_id=376778) | hijo Project TE-SEC-RDL-R32 escrito en btz_description_14 (element_id=376778) | hijo Project TE-SEC-VLV-V1 escrito en btz_description_15 (element_id=376778) | hijo Project TE-SEC-VLV-V2 escrito en btz_description_16 (element_id=376778) | hijo Project TE-SEC-RDL-R33 escrito en btz_description_17 (element_id=376778) | hijo Project TE-SEC-RDL-R34 escrito en btz_description_18 (element_id=376778) | hijo Project TE-SEC-VNT-VE01 escrito en btz_description_19 (element_id=376778) | hijo Project TE-SEC-VNT-VE04 escrito en btz_description_20 (element_id=376778) | hijo Project TE-SEC-BSC-BASCULANTE escrito en btz_description_21 (element_id=376778) | hijo Project TE-SEC-CCL-CDEPU1 escrito en btz_description_22 (element_id=376778) | hijo Project TE-SEC-BRZ-BDEP2 escrito en btz_description_23 (element_id=376778) | hijo Project TE-SEC-VLV-VRDEST escrito en btz_description_24 (element_id=376778) | hijo Project TE-SEC-VLV-V5 escrito en btz_description_25 (element_id=376778),NO
376800,8accc226-fd17-4cff-b8d4-a22c3cd8ef0a-0005bfe0,TE-SEC-NOR-EL7,TE,TE-SCD-LGC-SECTOR SECADORA,TE-SEC-NOR-EL7,,redler secadora,centiladores aire caliente,elevador 7,elevador 8,TE-SEC-SECSEKW(SECADORA),TE-SCD-LGC-QUEMADORES,TE-SEC-QMD-QM03,TE-SEC-QMD-QM06,TE-SEC-VNT-VE02,TE-SEC-VNT-VE05,TE-SEC-VLV-V3,TE-SEC-VLV-V4,TE-SEC-NOR-EL8,TE-SEC-DPR-DEPU1,TE-SEC-RSC-ROSCDEPU,TE-SEC-CCL-CDEPU2,TE-SEC-VNT-VENTDEST,TE-SEC-VLV-V6,,,,,,,,,,,,,,,,,,,,,,,,,,,,,,,,,,,,,,,,,,,,,,,,,,,,,,,,,,,confirmado,confirmado_auto,match_directo confirmado desde Project/Revit | hijo Project TE-SCD-LGC-QUEMADORES escrito en btz_description_10 (element_id=376800) | hijo Project TE-SEC-QMD-QM03 escrito en btz_description_11 (element_id=376800) | hijo Project TE-SEC-QMD-QM06 escrito en btz_description_12 (element_id=376800) | hijo Project TE-SEC-VNT-VE02 escrito en btz_description_13 (element_id=376800) | hijo Project TE-SEC-VNT-VE05 escrito en btz_description_14 (element_id=376800) | hijo Project TE-SEC-VLV-V3 escrito en btz_description_15 (element_id=376800) | hijo Project TE-SEC-VLV-V4 escrito en btz_description_16 (element_id=376800) | hijo Project TE-SEC-NOR-EL8 escrito en btz_description_17 (element_id=376800) | hijo Project TE-SEC-DPR-DEPU1 escrito en btz_description_18 (element_id=376800) | hijo Project TE-SEC-RSC-ROSCDEPU escrito en btz_description_19 (element_id=376800) | hijo Project TE-SEC-CCL-CDEPU2 escrito en btz_description_20 (element_id=376800) | hijo Project TE-SEC-VNT-VENTDEST escrito en btz_description_21 (element_id=376800) | hijo Project TE-SEC-VLV-V6 escrito en btz_description_22 (element_id=376800),NO
375014,8accc226-fd17-4cff-b8d4-a22c3cd8ef0a-0005b8e6,TE-TDM-LGC-CINTAS,TE,TE-TDM-LGC-TORRE DE MANIPULEO,TE-TDM-LGC-CINTAS TRANSFERENCI,,TE-TDM-BMB-BR1,TE-TDM-BRL-BRFMTDM,TE-TDM-VLV-ABE1,TE-TDM-VLV-P75,TE-TDM-AIR-AIRTM2-1,TE-TDM-CNT-CT1,TE-TDM-ASP-ACT1,TE-TDM-VLV-P37,TE-TDM-VLV-P38,TE-TDM-VLV-P40,TE-TDM-CNT-CT2,TE-TDM-VLV-Q40,TE-TDM-VLV-Q41,TE-TDM-VLV-Q42,TE-TDM-VLV-P39,TE-TDM-VLV-P41,TE-TDM-VLV-P42,TE-TDM-VLV-Q43,TE-TDM-VLV-Q44,TE-TDM-VLV-P52,TE-TDM-TBL-TABLERO,,,,,,,,,,,,,,,,,,,,,,,,,,,,,,,,,,,,,,,,,,,,,,,,,,,,,,,,confirmado,confirmado_auto,match_directo confirmado desde Project/Revit | hijo Project TE-TDM-BMB-BR1 escrito en btz_description_05 (element_id=375014) | hijo Project TE-TDM-BRL-BRFMTDM escrito en btz_description_06 (element_id=375014) | hijo Project TE-TDM-VLV-ABE1 escrito en btz_description_07 (element_id=375014) | hijo Project TE-TDM-VLV-P75 escrito en btz_description_08 (element_id=375014) | hijo Project TE-TDM-AIR-AIRTM2-1 escrito en btz_description_09 (element_id=375014) | hijo Project TE-TDM-CNT-CT1 escrito en btz_description_10 (element_id=375014) | hijo Project TE-TDM-ASP-ACT1 escrito en btz_description_11 (element_id=375014) | hijo Project TE-TDM-VLV-P37 escrito en btz_description_12 (element_id=375014) | hijo Project TE-TDM-VLV-P38 escrito en btz_description_13 (element_id=375014) | hijo Project TE-TDM-VLV-P40 escrito en btz_description_14 (element_id=375014) | hijo Project TE-TDM-CNT-CT2 escrito en btz_description_15 (element_id=375014) | hijo Project TE-TDM-VLV-Q40 escrito en btz_description_16 (element_id=375014) | hijo Project TE-TDM-VLV-Q41 escrito en btz_description_17 (element_id=375014) | hijo Project TE-TDM-VLV-Q42 escrito en btz_description_18 (element_id=375014) | hijo Project TE-TDM-VLV-P39 escrito en btz_description_19 (element_id=375014) | hijo Project TE-TDM-VLV-P41 escrito en btz_description_20 (element_id=375014) | hijo Project TE-TDM-VLV-P42 escrito en btz_description_21 (element_id=375014) | hijo Project TE-TDM-VLV-Q43 escrito en btz_description_22 (element_id=375014) | hijo Project TE-TDM-VLV-Q44 escrito en btz_description_23 (element_id=375014) | hijo Project TE-TDM-VLV-P52 escrito en btz_description_24 (element_id=375014) | hijo Project TE-TDM-TBL-TABLERO escrito en btz_description_25 (element_id=375014),NO
374459,1dd9711a-59af-4c3f-8b41-17903a787e86-0005b6bb,TE-TDM-LGC-ELEVADORES,TE,TE-TDM-LGC-TORRE DE MANIPULEO,TE-TDM-LGC-ELEVADORES,,TE-TDM-BMB-BATM3,TE-TDM-BMB-BSFMTDM,TE-TDM-BLN-BALANZA,TE-TDM-VLV-P20,TE-TDM-GNR-GENERADOR,TE-TDM-NOR-EL1,TE-TDM-VLV-ASEL1,TE-TDM-NOR-EL2,TE-TDM-VLV-ASEL2,TE-TDM-VLV-Q10,TE-TDM-VLV-Q11,TE-TDM-VLV-Q12,TE-TDM-VLV-Q13,TE-TDM-NOR-EL3,TE-TDM-VLV-Q07,TE-TDM-VLV-Q08,TE-TDM-VLV-Q09,TE-TDM-VLV-Q45,TE-TDM-VLV-Q9,TE-TDM-NOR-EL4,TE-TDM-VLV-Q35,TE-TDM-VLV-Q36,TE-TDM-VLV-Q37,TE-TDM-VLV-Q38,TE-TDM-VLV-Q39,TE-TDM-VLV-Q39A,TE-TDM-LGC-VALVULAS,TE-TDM-VLV-P82,,,,,,,,,,,,,,,,,,,,,,,,,,,,,,,,,,,,,,,,,,,,,,,,,confirmado,confirmado_auto,match_directo confirmado desde Project/Revit | hijo Project TE-TDM-BMB-BATM3 escrito en btz_description_05 (element_id=374459) | hijo Project TE-TDM-BMB-BSFMTDM escrito en btz_description_06 (element_id=374459) | hijo Project TE-TDM-BLN-BALANZA escrito en btz_description_07 (element_id=374459) | hijo Project TE-TDM-VLV-P20 escrito en btz_description_08 (element_id=374459) | hijo Project TE-TDM-GNR-GENERADOR escrito en btz_description_09 (element_id=374459) | hijo Project TE-TDM-NOR-EL1 escrito en btz_description_10 (element_id=374459) | hijo Project TE-TDM-VLV-ASEL1 escrito en btz_description_11 (element_id=374459) | hijo Project TE-TDM-NOR-EL2 escrito en btz_description_12 (element_id=374459) | hijo Project TE-TDM-VLV-ASEL2 escrito en btz_description_13 (element_id=374459) | hijo Project TE-TDM-VLV-Q10 escrito en btz_description_14 (element_id=374459) | hijo Project TE-TDM-VLV-Q11 escrito en btz_description_15 (element_id=374459) | hijo Project TE-TDM-VLV-Q12 escrito en btz_description_16 (element_id=374459) | hijo Project TE-TDM-VLV-Q13 escrito en btz_description_17 (element_id=374459) | hijo Project TE-TDM-NOR-EL3 escrito en btz_description_18 (element_id=374459) | hijo Project TE-TDM-VLV-Q07 escrito en btz_description_19 (element_id=374459) | hijo Project TE-TDM-VLV-Q08 escrito en btz_description_20 (element_id=374459) | hijo Project TE-TDM-VLV-Q09 escrito en btz_description_21 (element_id=374459) | hijo Project TE-TDM-VLV-Q45 escrito en btz_description_22 (element_id=374459) | hijo Project TE-TDM-VLV-Q9 escrito en btz_description_23 (element_id=374459) | hijo Project TE-TDM-NOR-EL4 escrito en btz_description_24 (element_id=374459) | hijo Project TE-TDM-VLV-Q35 escrito en btz_description_25 (element_id=374459) | hijo Project TE-TDM-VLV-Q36 escrito en btz_description_26 (element_id=374459) | hijo Project TE-TDM-VLV-Q37 escrito en btz_description_27 (element_id=374459) | hijo Project TE-TDM-VLV-Q38 escrito en btz_description_28 (element_id=374459) | hijo Project TE-TDM-VLV-Q39 escrito en btz_description_29 (element_id=374459) | hijo Project TE-TDM-VLV-Q39A escrito en btz_description_30 (element_id=374459) | hijo Project TE-TDM-LGC-VALVULAS escrito en btz_description_31 (element_id=374459) | hijo Project TE-TDM-VLV-P82 escrito en btz_description_32 (element_id=374459),NO
374802,1dd9711a-59af-4c3f-8b41-17903a787e86-0005b812,TE-TDM-LGC-PENDULARES,TE,TE-TDM-LGC-TORRE DE MANIPULEO,TE-TDM-LGC-PENDULARES TDM,,TE-TDM-BMB-BDPO,TE-TDM-BMB-BSFMTDM-2,TE-EMB-VLV-VPBE1,TE-TDM-VLV-P21,TE-TDM-CCM-CCMP2,TE-TDM-PND-PEN1,TE-TDM-PND-PEN2,TE-TDM-PND-PEN3,TE-TDM-VLV-AP,TE-TDM-VLV-P51,TE-TDM-MLC-FOSOTDM,,,,,,,,,,,,,,,,,,,,,,,,,,,,,,,,,,,,,,,,,,,,,,,,,,,,,,,,,,,,,,,,,,confirmado,confirmado_auto,match_directo confirmado desde Project/Revit | hijo Project TE-TDM-BMB-BDPO escrito en btz_description_05 (element_id=374802) | hijo Project TE-TDM-BMB-BSFMTDM-2 escrito en btz_description_06 (element_id=374802) | hijo Project TE-EMB-VLV-VPBE1 escrito en btz_description_07 (element_id=374802) | hijo Project TE-TDM-VLV-P21 escrito en btz_description_08 (element_id=374802) | hijo Project TE-TDM-CCM-CCMP2 escrito en btz_description_09 (element_id=374802) | hijo Project TE-TDM-PND-PEN1 escrito en btz_description_10 (element_id=374802) | hijo Project TE-TDM-PND-PEN2 escrito en btz_description_11 (element_id=374802) | hijo Project TE-TDM-PND-PEN3 escrito en btz_description_12 (element_id=374802) | hijo Project TE-TDM-VLV-AP escrito en btz_description_13 (element_id=374802) | hijo Project TE-TDM-VLV-P51 escrito en btz_description_14 (element_id=374802) | hijo Project TE-TDM-MLC-FOSOTDM escrito en btz_description_15 (element_id=374802),NO
198120,25d0f85d-57da-4cae-8ca2-9b682363407e-000305e8,TE-TLL-TALLER,TE,TE-ADM-LGC-EDIFICIOS VARIOS,TE-TLL-TALLER TERM EMB,,TE-TLL-GNR-,TE-TLL-MLC-MLC,,,,,,,,,,,,,,,,,,,,,,,,,,,,,,,,,,,,,,,,,,,,,,,,,,,,,,,,,,,,,,,,,,,,,,,,,,,confirmado,confirmado_auto,match_directo confirmado desde Project/Revit | hijo Project TE-TLL-GNR- escrito en btz_description_05 (element_id=198120) | hijo Project TE-TLL-MLC-MLC escrito en btz_description_06 (element_id=198120),NO
174187,e873c32e-5e0c-4f36-b2a7-48d4917bce06-0002a86b,,TE,TE-ACT-LGC-SECTOR ACEITE,TE-ACT-LGC-TANQUES ACEITE OSL,TE-LCT-TNQ-TK2,TE-ACT-CMP-COM708,TE-ACT-MLC-MUESTRAS,,,,,,,,,,,,,,,,,,,,,,,,,,,,,,,,,,,,,,,,,,,,,,,,,,,,,,,,,,,,,,,,,,,,,,,,,,,confirmado,confirmado_auto,hijo Project TE-ACT-CMP-COM708 escrito en btz_description_05 (element_id=174187) | hijo Project TE-ACT-MLC-MUESTRAS escrito en btz_description_06 (element_id=174187),NO
174203,e873c32e-5e0c-4f36-b2a7-48d4917bce06-0002a87b,,TE,TE-ACT-LGC-SECTOR ACEITE,TE-ACT-LGC-TANQUES ACEITE OSL,TE-LCT-TNQ-TK1,TE-ACT-PLM-AIRE1,TE-FUEL-CRG-CARG,,,,,,,,,,,,,,,,,,,,,,,,,,,,,,,,,,,,,,,,,,,,,,,,,,,,,,,,,,,,,,,,,,,,,,,,,,,confirmado,confirmado_auto,hijo Project TE-ACT-PLM-AIRE1 escrito en btz_description_05 (element_id=174203) | hijo Project TE-FUEL-CRG-CARG escrito en btz_description_06 (element_id=174203),NO
197248,25d0f85d-57da-4cae-8ca2-9b682363407e-00030280,,TE,TE-ACT-LGC-SECTOR ACEITE,,,TE-GLC-BMB-BO300,,,,,,,,,,,,,,,,,,,,,,,,,,,,,,,,,,,,,,,,,,,,,,,,,,,,,,,,,,,,,,,,,,,,,,,,,,,,confirmado,confirmado_auto,hijo Project TE-GLC-BMB-BO300 escrito en btz_description_05 (element_id=197248),NO
239910,25d0f85d-57da-4cae-8ca2-9b682363407e-0003a926,,TE,TE-ACT-LGC-SECTOR ACEITE,TE-GLC-LGC-TANQUES TGR,TE-GLC-TNQ-TK TGR7,TE-GLC-BMB-BO304,TE-GLC-LGC-TANQUES,TE-ACT-VLV-TFPD6-13785,TE-ACT-VLV-TFPD4-17102,,,,,,,,,,,,,,,,,,,,,,,,,,,,,,,,,,,,,,,,,,,,,,,,,,,,,,,,,,,,,,,,,,,,,,,,,confirmado,confirmado_auto,hijo Project TE-GLC-BMB-BO304 escrito en btz_description_05 (element_id=239910) | hijo Project TE-GLC-LGC-TANQUES escrito en btz_description_06 (element_id=239910) | hijo Project TE-ACT-VLV-TFPD6-13785 escrito en btz_description_07 (element_id=239910) | hijo Project TE-ACT-VLV-TFPD4-17102 escrito en btz_description_08 (element_id=239910),NO
287117,121e7c49-6f80-4698-91bd-c7c5a38e25dd-0004618d,,TE,TE-ACT-LGC-SECTOR ACEITE,TE-GLC-LGC-TANQUES TGR,TE-GLC-TNQ-TK TGR9,TE-GLC-BMB-BO305,TE-GLC-CLT-CALDERIN,TE-ACT-VLV-TFPD4-17099,TE-ACT-VLV-TFPD6-14116,,,,,,,,,,,,,,,,,,,,,,,,,,,,,,,,,,,,,,,,,,,,,,,,,,,,,,,,,,,,,,,,,,,,,,,,,confirmado,confirmado_auto,hijo Project TE-GLC-BMB-BO305 escrito en btz_description_05 (element_id=287117) | hijo Project TE-GLC-CLT-CALDERIN escrito en btz_description_06 (element_id=287117) | hijo Project TE-ACT-VLV-TFPD4-17099 escrito en btz_description_07 (element_id=287117) | hijo Project TE-ACT-VLV-TFPD6-14116 escrito en btz_description_08 (element_id=287117),NO
308642,dc2f52e8-69c4-45c8-a7dd-658a902d58d3-0004b5a2,,TE,TE-ACT-LGC-SECTOR ACEITE,TE-GLC-LGC-TANQUES TGR,TE-GLC-TNQ-TK TGR8,TE-GLC-TNQ-TK,TE-ACT-VLV-TFPD4-17103,TE-ACT-VLV-TFPD6-14117,TE-RFN-LCT-LECTOR,,,,,,,,,,,,,,,,,,,,,,,,,,,,,,,,,,,,,,,,,,,,,,,,,,,,,,,,,,,,,,,,,,,,,,,,,confirmado,confirmado_auto,hijo Project TE-GLC-TNQ-TK escrito en btz_description_05 (element_id=308642) | hijo Project TE-ACT-VLV-TFPD4-17103 escrito en btz_description_06 (element_id=308642) | hijo Project TE-ACT-VLV-TFPD6-14117 escrito en btz_description_07 (element_id=308642) | hijo Project TE-RFN-LCT-LECTOR escrito en btz_description_08 (element_id=308642),NO
308734,dc2f52e8-69c4-45c8-a7dd-658a902d58d3-0004b5fe,,TE,TE-ACT-LGC-SECTOR ACEITE,TE-GLC-LGC-TANQUES TGR,TE-GLC-TNQ-TK TGR10,TE-ACT-VLV-TFPD6-13781,TE-ACT-VLV-TFPD4-17100,,,,,,,,,,,,,,,,,,,,,,,,,,,,,,,,,,,,,,,,,,,,,,,,,,,,,,,,,,,,,,,,,,,,,,,,,,,confirmado,confirmado_auto,hijo Project TE-ACT-VLV-TFPD6-13781 escrito en btz_description_05 (element_id=308734) | hijo Project TE-ACT-VLV-TFPD4-17100 escrito en btz_description_06 (element_id=308734),NO
350956,166708fd-8f1f-4231-bc3b-68b8d7570667-00055aec,,TE,TE-ACT-LGC-SECTOR ACEITE,TE-ACT-LGC-BOMBAS DE ACEITE,TE-ACT-SLA-SALA BMB ACEITE,TE-ACT-LGC-BOMBAS,TE-LCT-BMB-BO105,TE-ACT-SLA-SALA,TE-ACT-BMB-BO109,TE-ACT-BMB-BO512,TE-ACT-BMB-BO201,,,,,,,,,,,,,,,,,,,,,,,,,,,,,,,,,,,,,,,,,,,,,,,,,,,,,,,,,,,,,,,,,,,,,,,confirmado,confirmado_auto,hijo Project TE-ACT-LGC-BOMBAS escrito en btz_description_05 (element_id=350956) | hijo Project TE-LCT-BMB-BO105 escrito en btz_description_06 (element_id=350956) | hijo Project TE-ACT-SLA-SALA escrito en btz_description_07 (element_id=350956) | hijo Project TE-ACT-BMB-BO109 escrito en btz_description_08 (element_id=350956) | hijo Project TE-ACT-BMB-BO512 escrito en btz_description_09 (element_id=350956) | hijo Project TE-ACT-BMB-BO201 escrito en btz_description_10 (element_id=350956),NO
351012,166708fd-8f1f-4231-bc3b-68b8d7570667-00055b24,,TE,TE-ACT-LGC-SECTOR ACEITE,TE-ACT-LGC-BOMBAS DE ACEITE,,TE-LCT-BMB-BO101,TE-LCT-BMB-BO107,,,,,,,,,,,,,,,,,,,,,,,,,,,,,,,,,,,,,,,,,,,,,,,,,,,,,,,,,,,,,,,,,,,,,,,,,,,confirmado,confirmado_auto,hijo Project TE-LCT-BMB-BO101 escrito en btz_description_05 (element_id=351012) | hijo Project TE-LCT-BMB-BO107 escrito en btz_description_06 (element_id=351012),NO
357674,1dd21141-8de6-4d43-b824-f67da67065de-0005752a,,TE,TE-ACT-LGC-SECTOR ACEITE,TE-ACT-LGC-BOMBAS DE ACEITE,TE-ACT-SLA-SALA BMB OSL,TE-LCT-BMB-BO102,TE-LCT-BMB-BO113,TE-ACT-BMB-BO108,TE-ACT-BMB-BO511,TE-ACT-BMB-BO200,,,,,,,,,,,,,,,,,,,,,,,,,,,,,,,,,,,,,,,,,,,,,,,,,,,,,,,,,,,,,,,,,,,,,,,,confirmado,confirmado_auto,hijo Project TE-LCT-BMB-BO102 escrito en btz_description_05 (element_id=357674) | hijo Project TE-LCT-BMB-BO113 escrito en btz_description_06 (element_id=357674) | hijo Project TE-ACT-BMB-BO108 escrito en btz_description_07 (element_id=357674) | hijo Project TE-ACT-BMB-BO511 escrito en btz_description_08 (element_id=357674) | hijo Project TE-ACT-BMB-BO200 escrito en btz_description_09 (element_id=357674),NO
361205,79a4e34a-87ef-4472-9c35-b34f669597e2-000582f5,,TE,TE-ACT-LGC-SECTOR ACEITE,TE-ACT-LGC-BOMBAS DE ACEITE,TE-ACT-LGC-BOMBAS LECITINA,TE-LCT-BMB-BO103,,,,,,,,,,,,,,,,,,,,,,,,,,,,,,,,,,,,,,,,,,,,,,,,,,,,,,,,,,,,,,,,,,,,,,,,,,,,confirmado,confirmado_auto,hijo Project TE-LCT-BMB-BO103 escrito en btz_description_05 (element_id=361205),NO
354957,b711483d-ace3-4f9c-be95-628f10df186b-00056a8d,,,TE-ACT-SLA-SALA BMB BAJO BARR,,,TE-ACT-BMB-BO106,TE-ACT-BMB-BO510,TE-ACT-BMB-BO513,,,,,,,,,,,,,,,,,,,,,,,,,,,,,,,,,,,,,,,,,,,,,,,,,,,,,,,,,,,,,,,,,,,,,,,,,,confirmado,confirmado_auto,hijo Project TE-ACT-BMB-BO106 escrito en btz_description_05 (element_id=354957) | hijo Project TE-ACT-BMB-BO510 escrito en btz_description_06 (element_id=354957) | hijo Project TE-ACT-BMB-BO513 escrito en btz_description_07 (element_id=354957),NO
377655,c5ee6896-39ff-4562-be63-4682b50c65ca-0005c337,P10-PRL-ACS-TPRL,TE,P10-PRL-LGC-PRELIMPIEZA,P10-PRL-ACS-TPRL,,TE-BBR-LGC-SECTOR,TE-LGC-OLEO-VIC-PAT,TE-MDU-LGC-SECTOR,TE-MDU-LGC-REPUESTOS,TE-MSB-LGC-SECTOR,TE-RFN-LGC-CARGADERO,TE-ADD-LGC-DES,TE-ADD-TNQ-BATAN,TE-ADD-LGC-CINTAS,TE-ADD-CNT-Z1,TE-ADD-CNT-Z2,TE-ADD-CNT-Z3,TE-ADD-CNT-Z4,TE-ADD-LGC-MALACATES,TE-ADD-LGC-TOLVAS,TE-ELE-LGC-EQUIPOS,TE-CMN-LGC-ALTAVOCES,TE-CMN-LGC-RT,TE-LGC-CENTRAL,TE-LGC-LINEA,TE-TRF-LGC-TRAFOS,TE-LGC-EQUIPOS,TE-LGC-RUTAS,TE-LGC-ZONA,TE-PLY-LGC-SECTOR,TE-PLY-LGC-BARRANCA,TE-PLY-LGC-CANALES,TE-PLY-LGC-CCTV,TE-PLY-LGC-CHICA,TE-PLY-LGC-PRINCIPAL,TE-PLY-LGC-RGRAC,,,,,,,,,,,,,,,,,,,,,,,,,,,,,,,,,,,,,,,,,,,,,,confirmado,confirmado_auto,hijo Project TE-BBR-LGC-SECTOR escrito en btz_description_05 (element_id=377655) | hijo Project TE-LGC-OLEO-VIC-PAT escrito en btz_description_06 (element_id=377655) | hijo Project TE-MDU-LGC-SECTOR escrito en btz_description_07 (element_id=377655) | hijo Project TE-MDU-LGC-REPUESTOS escrito en btz_description_08 (element_id=377655) | hijo Project TE-MSB-LGC-SECTOR escrito en btz_description_09 (element_id=377655) | hijo Project TE-RFN-LGC-CARGADERO escrito en btz_description_10 (element_id=377655) | hijo Project TE-ADD-LGC-DES escrito en btz_description_11 (element_id=377655) | hijo Project TE-ADD-TNQ-BATAN escrito en btz_description_12 (element_id=377655) | hijo Project TE-ADD-LGC-CINTAS escrito en btz_description_13 (element_id=377655) | hijo Project TE-ADD-CNT-Z1 escrito en btz_description_14 (element_id=377655) | hijo Project TE-ADD-CNT-Z2 escrito en btz_description_15 (element_id=377655) | hijo Project TE-ADD-CNT-Z3 escrito en btz_description_16 (element_id=377655) | hijo Project TE-ADD-CNT-Z4 escrito en btz_description_17 (element_id=377655) | hijo Project TE-ADD-LGC-MALACATES escrito en btz_description_18 (element_id=377655) | hijo Project TE-ADD-LGC-TOLVAS escrito en btz_description_19 (element_id=377655) | hijo Project TE-ELE-LGC-EQUIPOS escrito en btz_description_20 (element_id=377655) | hijo Project TE-CMN-LGC-ALTAVOCES escrito en btz_description_21 (element_id=377655) | hijo Project TE-CMN-LGC-RT escrito en btz_description_22 (element_id=377655) | hijo Project TE-LGC-CENTRAL escrito en btz_description_23 (element_id=377655) | hijo Project TE-LGC-LINEA escrito en btz_description_24 (element_id=377655) | hijo Project TE-TRF-LGC-TRAFOS escrito en btz_description_25 (element_id=377655) | hijo Project TE-LGC-EQUIPOS escrito en btz_description_26 (element_id=377655) | hijo Project TE-LGC-RUTAS escrito en btz_description_27 (element_id=377655) | hijo Project TE-LGC-ZONA escrito en btz_description_28 (element_id=377655) | hijo Project TE-PLY-LGC-SECTOR escrito en btz_description_29 (element_id=377655) | hijo Project TE-PLY-LGC-BARRANCA escrito en btz_description_30 (element_id=377655) | hijo Project TE-PLY-LGC-CANALES escrito en btz_description_31 (element_id=377655) | hijo Project TE-PLY-LGC-CCTV escrito en btz_description_32 (element_id=377655) | hijo Project TE-PLY-LGC-CHICA escrito en btz_description_33 (element_id=377655) | hijo Project TE-PLY-LGC-PRINCIPAL escrito en btz_description_34 (element_id=377655) | hijo Project TE-PLY-LGC-RGRAC escrito en btz_description_35 (element_id=377655),NO
166634,e873c32e-5e0c-4f36-b2a7-48d4917bce06-00028aea,,,TE-ADM-LGC-EDIFICIOS VARIOS,,,TE-ADM-LGC-EDIFICIOS,,,,,,,,,,,,,,,,,,,,,,,,,,,,,,,,,,,,,,,,,,,,,,,,,,,,,,,,,,,,,,,,,,,,,,,,,,,,confirmado,confirmado_auto,hijo Project TE-ADM-LGC-EDIFICIOS escrito en btz_description_05 (element_id=166634),NO
198056,25d0f85d-57da-4cae-8ca2-9b682363407e-000305a8,,TE,TE-ADM-LGC-EDIFICIOS VARIOS,TE-TLL-LGC-OBRADOR ELECTRICO,,TE-TLL-LGC-OBRADOR,,,,,,,,,,,,,,,,,,,,,,,,,,,,,,,,,,,,,,,,,,,,,,,,,,,,,,,,,,,,,,,,,,,,,,,,,,,,confirmado,confirmado_auto,hijo Project TE-TLL-LGC-OBRADOR escrito en btz_description_05 (element_id=198056),NO
164153,e873c32e-5e0c-4f36-b2a7-48d4917bce06-00028139,,TE,TE-ALM-LGC-ALMACENAJE (CELDAS),TE-ALM-CLD-CELDA 1,,TE-ALM-LGC-ALMACENAJE,TE-ALM-VNT-VBRFMSV,TE-ALM-VNT-VEFMAPELL,TE-ALM-CLD-CELDA,TE-ALM-LGC-VALV,TE-ALM-VLV-V105,TE-ALM-VLV-V110,TE-ALM-VLV-V115,TE-ALM-VLV-V120,TE-ALM-VLV-V125,TE-ALM-CCM-CCMBC2,TE-ALM-VLV-V202,TE-ALM-VLV-V207,TE-ALM-VLV-V212,TE-ALM-VLV-V217,TE-ALM-BMB-BDN3,TE-ALM-FLT-FMACSC3INF,TE-ALM-VLV-V304,TE-ALM-VLV-V309,TE-ALM-VLV-V314,TE-ALM-VLV-V319,TE-ALM-VLV-V324,TE-ALM-VLV-V329,TE-ALM-VNT-VECSC3-04,TE-ALM-VNT-VECSC3-09,TE-ALM-CNT-C12,TE-ALM-CNT-C7,TE-ALM-CNT-C9,TE-ALM-RSC-RFMC4,TE-ALM-VLV-VC402,TE-ALM-VLV-VC407,TE-ALM-VLV-VC412,TE-ALM-VLV-VC417,TE-ALM-VLV-VC422,TE-ALM-VLV-VC427,TE-ALM-VLV-VC432,TE-ALM-VLV-VC437,TE-ALM-VLV-VC442,TE-ALM-VLV-VC447,TE-ALM-VLV-VC452,,,,,,,,,,,,,,,,,,,,,,,,,,,,,,,,,,,,,confirmado,confirmado_auto,hijo Project TE-ALM-LGC-ALMACENAJE escrito en btz_description_05 (element_id=164153) | hijo Project TE-ALM-VNT-VBRFMSV escrito en btz_description_06 (element_id=164153) | hijo Project TE-ALM-VNT-VEFMAPELL escrito en btz_description_07 (element_id=164153) | hijo Project TE-ALM-CLD-CELDA escrito en btz_description_08 (element_id=164153) | hijo Project TE-ALM-LGC-VALV escrito en btz_description_09 (element_id=164153) | hijo Project TE-ALM-VLV-V105 escrito en btz_description_10 (element_id=164153) | hijo Project TE-ALM-VLV-V110 escrito en btz_description_11 (element_id=164153) | hijo Project TE-ALM-VLV-V115 escrito en btz_description_12 (element_id=164153) | hijo Project TE-ALM-VLV-V120 escrito en btz_description_13 (element_id=164153) | hijo Project TE-ALM-VLV-V125 escrito en btz_description_14 (element_id=164153) | hijo Project TE-ALM-CCM-CCMBC2 escrito en btz_description_15 (element_id=164153) | hijo Project TE-ALM-VLV-V202 escrito en btz_description_16 (element_id=164153) | hijo Project TE-ALM-VLV-V207 escrito en btz_description_17 (element_id=164153) | hijo Project TE-ALM-VLV-V212 escrito en btz_description_18 (element_id=164153) | hijo Project TE-ALM-VLV-V217 escrito en btz_description_19 (element_id=164153) | hijo Project TE-ALM-BMB-BDN3 escrito en btz_description_20 (element_id=164153) | hijo Project TE-ALM-FLT-FMACSC3INF escrito en btz_description_21 (element_id=164153) | hijo Project TE-ALM-VLV-V304 escrito en btz_description_22 (element_id=164153) | hijo Project TE-ALM-VLV-V309 escrito en btz_description_23 (element_id=164153) | hijo Project TE-ALM-VLV-V314 escrito en btz_description_24 (element_id=164153) | hijo Project TE-ALM-VLV-V319 escrito en btz_description_25 (element_id=164153) | hijo Project TE-ALM-VLV-V324 escrito en btz_description_26 (element_id=164153) | hijo Project TE-ALM-VLV-V329 escrito en btz_description_27 (element_id=164153) | hijo Project TE-ALM-VNT-VECSC3-04 escrito en btz_description_28 (element_id=164153) | hijo Project TE-ALM-VNT-VECSC3-09 escrito en btz_description_29 (element_id=164153) | hijo Project TE-ALM-CNT-C12 escrito en btz_description_30 (element_id=164153) | hijo Project TE-ALM-CNT-C7 escrito en btz_description_31 (element_id=164153) | hijo Project TE-ALM-CNT-C9 escrito en btz_description_32 (element_id=164153) | hijo Project TE-ALM-RSC-RFMC4 escrito en btz_description_33 (element_id=164153) | hijo Project TE-ALM-VLV-VC402 escrito en btz_description_34 (element_id=164153) | hijo Project TE-ALM-VLV-VC407 escrito en btz_description_35 (element_id=164153) | hijo Project TE-ALM-VLV-VC412 escrito en btz_description_36 (element_id=164153) | hijo Project TE-ALM-VLV-VC417 escrito en btz_description_37 (element_id=164153) | hijo Project TE-ALM-VLV-VC422 escrito en btz_description_38 (element_id=164153) | hijo Project TE-ALM-VLV-VC427 escrito en btz_description_39 (element_id=164153) | hijo Project TE-ALM-VLV-VC432 escrito en btz_description_40 (element_id=164153) | hijo Project TE-ALM-VLV-VC437 escrito en btz_description_41 (element_id=164153) | hijo Project TE-ALM-VLV-VC442 escrito en btz_description_42 (element_id=164153) | hijo Project TE-ALM-VLV-VC447 escrito en btz_description_43 (element_id=164153) | hijo Project TE-ALM-VLV-VC452 escrito en btz_description_44 (element_id=164153),NO
164356,e873c32e-5e0c-4f36-b2a7-48d4917bce06-00028204,,TE,TE-ALM-LGC-ALMACENAJE (CELDAS),TE-ALM-CLD-CELDA 2,,TE-ALM-FLT-FMAPELL,TE-ALM-VNT-VEFMSV,TE-ALM-BMB-BDN1,TE-ALM-VLV-V101,TE-ALM-VLV-V106,TE-ALM-VLV-V111,TE-ALM-VLV-V116,TE-ALM-VLV-V121,TE-TNL-CNT-CBC1,TE-ALM-CNT-CBC2,TE-ALM-VLV-V203,TE-ALM-VLV-V208,TE-ALM-VLV-V213,TE-ALM-VLV-V218,TE-ALM-CCM-CCMBC3,TE-ALM-VNT-VLFMACSC3INF,TE-ALM-VLV-V305,TE-ALM-VLV-V310,TE-ALM-VLV-V315,TE-ALM-VLV-V320,TE-ALM-VLV-V325,TE-ALM-SIS-VENTICELDA3,TE-ALM-VNT-VECSC3-05,TE-ALM-VNT-VECSC3-10,TE-ALM-CNT-C13,TE-ALM-VLV-VG19,TE-ALM-CRR-CTC9,TE-ALM-VLV-VRFMC4,TE-ALM-VLV-VC403,TE-ALM-VLV-VC408,TE-ALM-VLV-VC413,TE-ALM-VLV-VC418,TE-ALM-VLV-VC423,TE-ALM-VLV-VC428,TE-ALM-VLV-VC433,TE-ALM-VLV-VC438,TE-ALM-VLV-VC443,TE-ALM-VLV-VC448,TE-ALM-VLV-VC453,,,,,,,,,,,,,,,,,,,,,,,,,,,,,,,,,,,,,,confirmado,confirmado_auto,hijo Project TE-ALM-FLT-FMAPELL escrito en btz_description_05 (element_id=164356) | hijo Project TE-ALM-VNT-VEFMSV escrito en btz_description_06 (element_id=164356) | hijo Project TE-ALM-BMB-BDN1 escrito en btz_description_07 (element_id=164356) | hijo Project TE-ALM-VLV-V101 escrito en btz_description_08 (element_id=164356) | hijo Project TE-ALM-VLV-V106 escrito en btz_description_09 (element_id=164356) | hijo Project TE-ALM-VLV-V111 escrito en btz_description_10 (element_id=164356) | hijo Project TE-ALM-VLV-V116 escrito en btz_description_11 (element_id=164356) | hijo Project TE-ALM-VLV-V121 escrito en btz_description_12 (element_id=164356) | hijo Project TE-TNL-CNT-CBC1 escrito en btz_description_13 (element_id=164356) | hijo Project TE-ALM-CNT-CBC2 escrito en btz_description_14 (element_id=164356) | hijo Project TE-ALM-VLV-V203 escrito en btz_description_15 (element_id=164356) | hijo Project TE-ALM-VLV-V208 escrito en btz_description_16 (element_id=164356) | hijo Project TE-ALM-VLV-V213 escrito en btz_description_17 (element_id=164356) | hijo Project TE-ALM-VLV-V218 escrito en btz_description_18 (element_id=164356) | hijo Project TE-ALM-CCM-CCMBC3 escrito en btz_description_19 (element_id=164356) | hijo Project TE-ALM-VNT-VLFMACSC3INF escrito en btz_description_20 (element_id=164356) | hijo Project TE-ALM-VLV-V305 escrito en btz_description_21 (element_id=164356) | hijo Project TE-ALM-VLV-V310 escrito en btz_description_22 (element_id=164356) | hijo Project TE-ALM-VLV-V315 escrito en btz_description_23 (element_id=164356) | hijo Project TE-ALM-VLV-V320 escrito en btz_description_24 (element_id=164356) | hijo Project TE-ALM-VLV-V325 escrito en btz_description_25 (element_id=164356) | hijo Project TE-ALM-SIS-VENTICELDA3 escrito en btz_description_26 (element_id=164356) | hijo Project TE-ALM-VNT-VECSC3-05 escrito en btz_description_27 (element_id=164356) | hijo Project TE-ALM-VNT-VECSC3-10 escrito en btz_description_28 (element_id=164356) | hijo Project TE-ALM-CNT-C13 escrito en btz_description_29 (element_id=164356) | hijo Project TE-ALM-VLV-VG19 escrito en btz_description_30 (element_id=164356) | hijo Project TE-ALM-CRR-CTC9 escrito en btz_description_31 (element_id=164356) | hijo Project TE-ALM-VLV-VRFMC4 escrito en btz_description_32 (element_id=164356) | hijo Project TE-ALM-VLV-VC403 escrito en btz_description_33 (element_id=164356) | hijo Project TE-ALM-VLV-VC408 escrito en btz_description_34 (element_id=164356) | hijo Project TE-ALM-VLV-VC413 escrito en btz_description_35 (element_id=164356) | hijo Project TE-ALM-VLV-VC418 escrito en btz_description_36 (element_id=164356) | hijo Project TE-ALM-VLV-VC423 escrito en btz_description_37 (element_id=164356) | hijo Project TE-ALM-VLV-VC428 escrito en btz_description_38 (element_id=164356) | hijo Project TE-ALM-VLV-VC433 escrito en btz_description_39 (element_id=164356) | hijo Project TE-ALM-VLV-VC438 escrito en btz_description_40 (element_id=164356) | hijo Project TE-ALM-VLV-VC443 escrito en btz_description_41 (element_id=164356) | hijo Project TE-ALM-VLV-VC448 escrito en btz_description_42 (element_id=164356) | hijo Project TE-ALM-VLV-VC453 escrito en btz_description_43 (element_id=164356),NO
172255,e873c32e-5e0c-4f36-b2a7-48d4917bce06-0002a0df,,TE,TE-ALM-LGC-ALMACENAJE (CELDAS),TE-ALM-CLD-CELDA 3,,TE-ALM-FLT-FMSV,TE-ALM-LGC-ALIMENT,TE-ALM-CCM-CCMBC1,TE-ALM-VLV-V102,TE-ALM-VLV-V107,TE-ALM-VLV-V112,TE-ALM-VLV-V117,TE-ALM-VLV-V122,TE-TDM-SIS-ASP,TE-ALM-CNT-CSC2,TE-ALM-VLV-V204,TE-ALM-VLV-V209,TE-ALM-VLV-V214,TE-ALM-VLV-V219,TE-ALM-CNT-CSC3,TE-ALM-VLV-V301,TE-ALM-VLV-V306,TE-ALM-VLV-V311,TE-ALM-VLV-V316,TE-ALM-VLV-V321,TE-ALM-VLV-V326,TE-ALM-VNT-VECSC3-01,TE-ALM-VNT-VECSC3-06,TE-TNL-CNT-CBC3,TE-ALM-CNT-C6,TE-ALM-VLV-VG20,TE-ALM-FLT-FMC4,TE-ALM-VLV-VRFMC4INF,TE-ALM-VLV-VC404,TE-ALM-VLV-VC409,TE-ALM-VLV-VC414,TE-ALM-VLV-VC419,TE-ALM-VLV-VC424,TE-ALM-VLV-VC429,TE-ALM-VLV-VC434,TE-ALM-VLV-VC439,TE-ALM-VLV-VC444,TE-ALM-VLV-VC449,TE-TNL-CNT-CBC4,,,,,,,,,,,,,,,,,,,,,,,,,,,,,,,,,,,,,,confirmado,confirmado_auto,hijo Project TE-ALM-FLT-FMSV escrito en btz_description_05 (element_id=172255) | hijo Project TE-ALM-LGC-ALIMENT escrito en btz_description_06 (element_id=172255) | hijo Project TE-ALM-CCM-CCMBC1 escrito en btz_description_07 (element_id=172255) | hijo Project TE-ALM-VLV-V102 escrito en btz_description_08 (element_id=172255) | hijo Project TE-ALM-VLV-V107 escrito en btz_description_09 (element_id=172255) | hijo Project TE-ALM-VLV-V112 escrito en btz_description_10 (element_id=172255) | hijo Project TE-ALM-VLV-V117 escrito en btz_description_11 (element_id=172255) | hijo Project TE-ALM-VLV-V122 escrito en btz_description_12 (element_id=172255) | hijo Project TE-TDM-SIS-ASP escrito en btz_description_13 (element_id=172255) | hijo Project TE-ALM-CNT-CSC2 escrito en btz_description_14 (element_id=172255) | hijo Project TE-ALM-VLV-V204 escrito en btz_description_15 (element_id=172255) | hijo Project TE-ALM-VLV-V209 escrito en btz_description_16 (element_id=172255) | hijo Project TE-ALM-VLV-V214 escrito en btz_description_17 (element_id=172255) | hijo Project TE-ALM-VLV-V219 escrito en btz_description_18 (element_id=172255) | hijo Project TE-ALM-CNT-CSC3 escrito en btz_description_19 (element_id=172255) | hijo Project TE-ALM-VLV-V301 escrito en btz_description_20 (element_id=172255) | hijo Project TE-ALM-VLV-V306 escrito en btz_description_21 (element_id=172255) | hijo Project TE-ALM-VLV-V311 escrito en btz_description_22 (element_id=172255) | hijo Project TE-ALM-VLV-V316 escrito en btz_description_23 (element_id=172255) | hijo Project TE-ALM-VLV-V321 escrito en btz_description_24 (element_id=172255) | hijo Project TE-ALM-VLV-V326 escrito en btz_description_25 (element_id=172255) | hijo Project TE-ALM-VNT-VECSC3-01 escrito en btz_description_26 (element_id=172255) | hijo Project TE-ALM-VNT-VECSC3-06 escrito en btz_description_27 (element_id=172255) | hijo Project TE-TNL-CNT-CBC3 escrito en btz_description_28 (element_id=172255) | hijo Project TE-ALM-CNT-C6 escrito en btz_description_29 (element_id=172255) | hijo Project TE-ALM-VLV-VG20 escrito en btz_description_30 (element_id=172255) | hijo Project TE-ALM-FLT-FMC4 escrito en btz_description_31 (element_id=172255) | hijo Project TE-ALM-VLV-VRFMC4INF escrito en btz_description_32 (element_id=172255) | hijo Project TE-ALM-VLV-VC404 escrito en btz_description_33 (element_id=172255) | hijo Project TE-ALM-VLV-VC409 escrito en btz_description_34 (element_id=172255) | hijo Project TE-ALM-VLV-VC414 escrito en btz_description_35 (element_id=172255) | hijo Project TE-ALM-VLV-VC419 escrito en btz_description_36 (element_id=172255) | hijo Project TE-ALM-VLV-VC424 escrito en btz_description_37 (element_id=172255) | hijo Project TE-ALM-VLV-VC429 escrito en btz_description_38 (element_id=172255) | hijo Project TE-ALM-VLV-VC434 escrito en btz_description_39 (element_id=172255) | hijo Project TE-ALM-VLV-VC439 escrito en btz_description_40 (element_id=172255) | hijo Project TE-ALM-VLV-VC444 escrito en btz_description_41 (element_id=172255) | hijo Project TE-ALM-VLV-VC449 escrito en btz_description_42 (element_id=172255) | hijo Project TE-TNL-CNT-CBC4 escrito en btz_description_43 (element_id=172255),NO
173806,e873c32e-5e0c-4f36-b2a7-48d4917bce06-0002a6ee,,TE,TE-ALM-LGC-ALMACENAJE (SILOS),TE-ALM-SLO-SILO 6,,TE-ALM-BMB-BSFMSV,TE-ALM-CNT-CSSDIARIO,TE-ALM-SLO-SILO,TE-ALM-VNT-A15,TE-ALM-VNT-A55,TE-ALM-VLV-P57,TE-ALM-CNT-CSS6,TE-ALM-VNT-A46,TE-ALM-VNT-A86,TE-TNL-CNT-CBS6,TE-ALM-VNT-A37,TE-ALM-VNT-A77,TE-ALM-VLV-P79,TE-ALM-VLV-P53,TE-ALM-VLV-P48,TE-ALM-VLV-Q54,,,,,,,,,,,,,,,,,,,,,,,,,,,,,,,,,,,,,,,,,,,,,,,,,,,,,,,,,,,,,confirmado,confirmado_auto,hijo Project TE-ALM-BMB-BSFMSV escrito en btz_description_05 (element_id=173806) | hijo Project TE-ALM-CNT-CSSDIARIO escrito en btz_description_06 (element_id=173806) | hijo Project TE-ALM-SLO-SILO escrito en btz_description_07 (element_id=173806) | hijo Project TE-ALM-VNT-A15 escrito en btz_description_08 (element_id=173806) | hijo Project TE-ALM-VNT-A55 escrito en btz_description_09 (element_id=173806) | hijo Project TE-ALM-VLV-P57 escrito en btz_description_10 (element_id=173806) | hijo Project TE-ALM-CNT-CSS6 escrito en btz_description_11 (element_id=173806) | hijo Project TE-ALM-VNT-A46 escrito en btz_description_12 (element_id=173806) | hijo Project TE-ALM-VNT-A86 escrito en btz_description_13 (element_id=173806) | hijo Project TE-TNL-CNT-CBS6 escrito en btz_description_14 (element_id=173806) | hijo Project TE-ALM-VNT-A37 escrito en btz_description_15 (element_id=173806) | hijo Project TE-ALM-VNT-A77 escrito en btz_description_16 (element_id=173806) | hijo Project TE-ALM-VLV-P79 escrito en btz_description_17 (element_id=173806) | hijo Project TE-ALM-VLV-P53 escrito en btz_description_18 (element_id=173806) | hijo Project TE-ALM-VLV-P48 escrito en btz_description_19 (element_id=173806) | hijo Project TE-ALM-VLV-Q54 escrito en btz_description_20 (element_id=173806),NO
174050,e873c32e-5e0c-4f36-b2a7-48d4917bce06-0002a7e2,,TE,TE-ALM-LGC-ALMACENAJE (SILOS),TE-ALM-SLO-SILO 4,,TE-ALM-VLV-VRTNFMSV,TE-ALM-FLT-FMACSSD,TE-ALM-CNT-CSS5,TE-ALM-VNT-A25,TE-ALM-VNT-A65,TE-ALM-VLV-P58,TE-ALM-VNT-A16,TE-ALM-VNT-A56,TE-ALM-VLV-P65,TE-ALM-CNT-CSS7,TE-ALM-VNT-A47,TE-ALM-VNT-A87,TE-TNL-CNT-CBS7,TE-ALM-VLV-P54,TE-ALM-VLV-P49,TE-ALM-VLV-Q55,,,,,,,,,,,,,,,,,,,,,,,,,,,,,,,,,,,,,,,,,,,,,,,,,,,,,,,,,,,,,confirmado,confirmado_auto,hijo Project TE-ALM-VLV-VRTNFMSV escrito en btz_description_05 (element_id=174050) | hijo Project TE-ALM-FLT-FMACSSD escrito en btz_description_06 (element_id=174050) | hijo Project TE-ALM-CNT-CSS5 escrito en btz_description_07 (element_id=174050) | hijo Project TE-ALM-VNT-A25 escrito en btz_description_08 (element_id=174050) | hijo Project TE-ALM-VNT-A65 escrito en btz_description_09 (element_id=174050) | hijo Project TE-ALM-VLV-P58 escrito en btz_description_10 (element_id=174050) | hijo Project TE-ALM-VNT-A16 escrito en btz_description_11 (element_id=174050) | hijo Project TE-ALM-VNT-A56 escrito en btz_description_12 (element_id=174050) | hijo Project TE-ALM-VLV-P65 escrito en btz_description_13 (element_id=174050) | hijo Project TE-ALM-CNT-CSS7 escrito en btz_description_14 (element_id=174050) | hijo Project TE-ALM-VNT-A47 escrito en btz_description_15 (element_id=174050) | hijo Project TE-ALM-VNT-A87 escrito en btz_description_16 (element_id=174050) | hijo Project TE-TNL-CNT-CBS7 escrito en btz_description_17 (element_id=174050) | hijo Project TE-ALM-VLV-P54 escrito en btz_description_18 (element_id=174050) | hijo Project TE-ALM-VLV-P49 escrito en btz_description_19 (element_id=174050) | hijo Project TE-ALM-VLV-Q55 escrito en btz_description_20 (element_id=174050),NO
174292,e873c32e-5e0c-4f36-b2a7-48d4917bce06-0002a8d4,,TE,TE-ALM-LGC-ALMACENAJE (CELDAS),TE-ALM-CLD-CELDA 4,,TE-ALM-BRL-BRFMSV,TE-ALM-VNT-VLFMACSSD,TE-ALM-CNT-CSC1,TE-ALM-VLV-V103,TE-ALM-VLV-V108,TE-ALM-VLV-V113,TE-ALM-VLV-V118,TE-ALM-VLV-V123,TE-TDM-SIS-INY,TE-ALM-CRR-CTCSC2,TE-ALM-VLV-V205,TE-ALM-VLV-V210,TE-ALM-VLV-V215,TE-ALM-VLV-V220,TE-ALM-CNT-CSC3S,TE-ALM-VLV-V302,TE-ALM-VLV-V307,TE-ALM-VLV-V312,TE-ALM-VLV-V317,TE-ALM-VLV-V322,TE-ALM-VLV-V327,TE-ALM-VNT-VECSC3-02,TE-ALM-VNT-VECSC3-07,TE-ALM-CCM-CCMBC4,TE-ALM-VLV-VG17,TE-ALM-CNT-C8,TE-ALM-BMB-BSTN1,TE-ALM-VNT-VFMC4,TE-ALM-VLV-VC405,TE-ALM-VLV-VC410,TE-ALM-VLV-VC415,TE-ALM-VLV-VC420,TE-ALM-VLV-VC425,TE-ALM-VLV-VC430,TE-ALM-VLV-VC435,TE-ALM-VLV-VC440,TE-ALM-VLV-VC445,TE-ALM-VLV-VC450,,,,,,,,,,,,,,,,,,,,,,,,,,,,,,,,,,,,,,,confirmado,confirmado_auto,hijo Project TE-ALM-BRL-BRFMSV escrito en btz_description_05 (element_id=174292) | hijo Project TE-ALM-VNT-VLFMACSSD escrito en btz_description_06 (element_id=174292) | hijo Project TE-ALM-CNT-CSC1 escrito en btz_description_07 (element_id=174292) | hijo Project TE-ALM-VLV-V103 escrito en btz_description_08 (element_id=174292) | hijo Project TE-ALM-VLV-V108 escrito en btz_description_09 (element_id=174292) | hijo Project TE-ALM-VLV-V113 escrito en btz_description_10 (element_id=174292) | hijo Project TE-ALM-VLV-V118 escrito en btz_description_11 (element_id=174292) | hijo Project TE-ALM-VLV-V123 escrito en btz_description_12 (element_id=174292) | hijo Project TE-TDM-SIS-INY escrito en btz_description_13 (element_id=174292) | hijo Project TE-ALM-CRR-CTCSC2 escrito en btz_description_14 (element_id=174292) | hijo Project TE-ALM-VLV-V205 escrito en btz_description_15 (element_id=174292) | hijo Project TE-ALM-VLV-V210 escrito en btz_description_16 (element_id=174292) | hijo Project TE-ALM-VLV-V215 escrito en btz_description_17 (element_id=174292) | hijo Project TE-ALM-VLV-V220 escrito en btz_description_18 (element_id=174292) | hijo Project TE-ALM-CNT-CSC3S escrito en btz_description_19 (element_id=174292) | hijo Project TE-ALM-VLV-V302 escrito en btz_description_20 (element_id=174292) | hijo Project TE-ALM-VLV-V307 escrito en btz_description_21 (element_id=174292) | hijo Project TE-ALM-VLV-V312 escrito en btz_description_22 (element_id=174292) | hijo Project TE-ALM-VLV-V317 escrito en btz_description_23 (element_id=174292) | hijo Project TE-ALM-VLV-V322 escrito en btz_description_24 (element_id=174292) | hijo Project TE-ALM-VLV-V327 escrito en btz_description_25 (element_id=174292) | hijo Project TE-ALM-VNT-VECSC3-02 escrito en btz_description_26 (element_id=174292) | hijo Project TE-ALM-VNT-VECSC3-07 escrito en btz_description_27 (element_id=174292) | hijo Project TE-ALM-CCM-CCMBC4 escrito en btz_description_28 (element_id=174292) | hijo Project TE-ALM-VLV-VG17 escrito en btz_description_29 (element_id=174292) | hijo Project TE-ALM-CNT-C8 escrito en btz_description_30 (element_id=174292) | hijo Project TE-ALM-BMB-BSTN1 escrito en btz_description_31 (element_id=174292) | hijo Project TE-ALM-VNT-VFMC4 escrito en btz_description_32 (element_id=174292) | hijo Project TE-ALM-VLV-VC405 escrito en btz_description_33 (element_id=174292) | hijo Project TE-ALM-VLV-VC410 escrito en btz_description_34 (element_id=174292) | hijo Project TE-ALM-VLV-VC415 escrito en btz_description_35 (element_id=174292) | hijo Project TE-ALM-VLV-VC420 escrito en btz_description_36 (element_id=174292) | hijo Project TE-ALM-VLV-VC425 escrito en btz_description_37 (element_id=174292) | hijo Project TE-ALM-VLV-VC430 escrito en btz_description_38 (element_id=174292) | hijo Project TE-ALM-VLV-VC435 escrito en btz_description_39 (element_id=174292) | hijo Project TE-ALM-VLV-VC440 escrito en btz_description_40 (element_id=174292) | hijo Project TE-ALM-VLV-VC445 escrito en btz_description_41 (element_id=174292) | hijo Project TE-ALM-VLV-VC450 escrito en btz_description_42 (element_id=174292),NO
314581,dc2f52e8-69c4-45c8-a7dd-658a902d58d3-0004ccd5,,TE,TE-ALM-LGC-ALMACENAJE (SILOS),TE-ALM-SLO-SILO 7,,TE-ALM-RSC-RFMSV,TE-ALM-NOR-EL5,TE-ALM-SRN-SIRSS5,TE-ALM-VNT-A35,TE-ALM-VNT-A75,TE-ALM-VLV-P59,TE-ALM-VNT-A26,TE-ALM-VNT-A66,TE-ALM-VLV-P66,TE-ALM-VNT-A17,TE-ALM-VNT-A57,TE-ALM-VLV-P77,TE-ALM-CCM-CCMBS4,TE-ALM-VLV-P55,TE-EMB-CNT-CSS4S,TE-ALM-VLV-Q56,,,,,,,,,,,,,,,,,,,,,,,,,,,,,,,,,,,,,,,,,,,,,,,,,,,,,,,,,,,,,confirmado,confirmado_auto,hijo Project TE-ALM-RSC-RFMSV escrito en btz_description_05 (element_id=314581) | hijo Project TE-ALM-NOR-EL5 escrito en btz_description_06 (element_id=314581) | hijo Project TE-ALM-SRN-SIRSS5 escrito en btz_description_07 (element_id=314581) | hijo Project TE-ALM-VNT-A35 escrito en btz_description_08 (element_id=314581) | hijo Project TE-ALM-VNT-A75 escrito en btz_description_09 (element_id=314581) | hijo Project TE-ALM-VLV-P59 escrito en btz_description_10 (element_id=314581) | hijo Project TE-ALM-VNT-A26 escrito en btz_description_11 (element_id=314581) | hijo Project TE-ALM-VNT-A66 escrito en btz_description_12 (element_id=314581) | hijo Project TE-ALM-VLV-P66 escrito en btz_description_13 (element_id=314581) | hijo Project TE-ALM-VNT-A17 escrito en btz_description_14 (element_id=314581) | hijo Project TE-ALM-VNT-A57 escrito en btz_description_15 (element_id=314581) | hijo Project TE-ALM-VLV-P77 escrito en btz_description_16 (element_id=314581) | hijo Project TE-ALM-CCM-CCMBS4 escrito en btz_description_17 (element_id=314581) | hijo Project TE-ALM-VLV-P55 escrito en btz_description_18 (element_id=314581) | hijo Project TE-EMB-CNT-CSS4S escrito en btz_description_19 (element_id=314581) | hijo Project TE-ALM-VLV-Q56 escrito en btz_description_20 (element_id=314581),NO
314647,dc2f52e8-69c4-45c8-a7dd-658a902d58d3-0004cd17,,TE,TE-ALM-LGC-ALMACENAJE (SILOS),TE-ALM-SLO-SILO 5,,TE-ALM-VLV-VDFMSV,TE-ALM-MLC-MALRESSIL,TE-ALM-SIS-AIREACION,TE-ALM-VNT-A45,TE-ALM-VNT-A85,TE-TNL-CNT-CBS5,TE-ALM-VNT-A36,TE-ALM-VNT-A76,TE-ALM-VLV-P67,TE-ALM-VNT-A27,TE-ALM-VNT-A67,TE-ALM-VLV-P78,TE-ALM-CNT-CSS4,TE-ALM-VLV-P56,TE-ALM-VLV-Q53,TE-TNL-CNT-CBS4,,,,,,,,,,,,,,,,,,,,,,,,,,,,,,,,,,,,,,,,,,,,,,,,,,,,,,,,,,,,,confirmado,confirmado_auto,hijo Project TE-ALM-VLV-VDFMSV escrito en btz_description_05 (element_id=314647) | hijo Project TE-ALM-MLC-MALRESSIL escrito en btz_description_06 (element_id=314647) | hijo Project TE-ALM-SIS-AIREACION escrito en btz_description_07 (element_id=314647) | hijo Project TE-ALM-VNT-A45 escrito en btz_description_08 (element_id=314647) | hijo Project TE-ALM-VNT-A85 escrito en btz_description_09 (element_id=314647) | hijo Project TE-TNL-CNT-CBS5 escrito en btz_description_10 (element_id=314647) | hijo Project TE-ALM-VNT-A36 escrito en btz_description_11 (element_id=314647) | hijo Project TE-ALM-VNT-A76 escrito en btz_description_12 (element_id=314647) | hijo Project TE-ALM-VLV-P67 escrito en btz_description_13 (element_id=314647) | hijo Project TE-ALM-VNT-A27 escrito en btz_description_14 (element_id=314647) | hijo Project TE-ALM-VNT-A67 escrito en btz_description_15 (element_id=314647) | hijo Project TE-ALM-VLV-P78 escrito en btz_description_16 (element_id=314647) | hijo Project TE-ALM-CNT-CSS4 escrito en btz_description_17 (element_id=314647) | hijo Project TE-ALM-VLV-P56 escrito en btz_description_18 (element_id=314647) | hijo Project TE-ALM-VLV-Q53 escrito en btz_description_19 (element_id=314647) | hijo Project TE-TNL-CNT-CBS4 escrito en btz_description_20 (element_id=314647),NO
386142,905be7f4-0c46-42ea-a443-0fdea469e6f3-0005e45e,,TE,TE-ALM-LGC-ALMACENAJE (CELDAS),TE-ALM-CLD-CELDA 4,,TE-ALM-VLV-VRFMSV,TE-ALM-VLV-VR2TN2FMAPELL,TE-ALM-CRR-CTCSC1,TE-ALM-VLV-V104,TE-ALM-VLV-V109,TE-ALM-VLV-V114,TE-ALM-VLV-V119,TE-ALM-VLV-V124,TE-ALM-BMB-BDN2,TE-ALM-VLV-V201,TE-ALM-VLV-V206,TE-ALM-VLV-V211,TE-ALM-VLV-V216,TE-ALM-ASP-ASPERSOR,TE-ALM-CRR-CTCSC3,TE-ALM-VLV-V303,TE-ALM-VLV-V308,TE-ALM-VLV-V313,TE-ALM-VLV-V318,TE-ALM-VLV-V323,TE-ALM-VLV-V328,TE-ALM-VNT-VECSC3-03,TE-ALM-VNT-VECSC3-08,TE-ALM-CNT-C11,TE-ALM-VLV-VG18,TE-ALM-CRR-CTC8,TE-ALM-BRL-BRFMC4,TE-ALM-VLV-VC401,TE-ALM-VLV-VC406,TE-ALM-VLV-VC411,TE-ALM-VLV-VC416,TE-ALM-VLV-VC421,TE-ALM-VLV-VC426,TE-ALM-VLV-VC431,TE-ALM-VLV-VC436,TE-ALM-VLV-VC441,TE-ALM-VLV-VC446,TE-ALM-VLV-VC451,,,,,,,,,,,,,,,,,,,,,,,,,,,,,,,,,,,,,,,confirmado,confirmado_auto,hijo Project TE-ALM-VLV-VRFMSV escrito en btz_description_05 (element_id=386142) | hijo Project TE-ALM-VLV-VR2TN2FMAPELL escrito en btz_description_06 (element_id=386142) | hijo Project TE-ALM-CRR-CTCSC1 escrito en btz_description_07 (element_id=386142) | hijo Project TE-ALM-VLV-V104 escrito en btz_description_08 (element_id=386142) | hijo Project TE-ALM-VLV-V109 escrito en btz_description_09 (element_id=386142) | hijo Project TE-ALM-VLV-V114 escrito en btz_description_10 (element_id=386142) | hijo Project TE-ALM-VLV-V119 escrito en btz_description_11 (element_id=386142) | hijo Project TE-ALM-VLV-V124 escrito en btz_description_12 (element_id=386142) | hijo Project TE-ALM-BMB-BDN2 escrito en btz_description_13 (element_id=386142) | hijo Project TE-ALM-VLV-V201 escrito en btz_description_14 (element_id=386142) | hijo Project TE-ALM-VLV-V206 escrito en btz_description_15 (element_id=386142) | hijo Project TE-ALM-VLV-V211 escrito en btz_description_16 (element_id=386142) | hijo Project TE-ALM-VLV-V216 escrito en btz_description_17 (element_id=386142) | hijo Project TE-ALM-ASP-ASPERSOR escrito en btz_description_18 (element_id=386142) | hijo Project TE-ALM-CRR-CTCSC3 escrito en btz_description_19 (element_id=386142) | hijo Project TE-ALM-VLV-V303 escrito en btz_description_20 (element_id=386142) | hijo Project TE-ALM-VLV-V308 escrito en btz_description_21 (element_id=386142) | hijo Project TE-ALM-VLV-V313 escrito en btz_description_22 (element_id=386142) | hijo Project TE-ALM-VLV-V318 escrito en btz_description_23 (element_id=386142) | hijo Project TE-ALM-VLV-V323 escrito en btz_description_24 (element_id=386142) | hijo Project TE-ALM-VLV-V328 escrito en btz_description_25 (element_id=386142) | hijo Project TE-ALM-VNT-VECSC3-03 escrito en btz_description_26 (element_id=386142) | hijo Project TE-ALM-VNT-VECSC3-08 escrito en btz_description_27 (element_id=386142) | hijo Project TE-ALM-CNT-C11 escrito en btz_description_28 (element_id=386142) | hijo Project TE-ALM-VLV-VG18 escrito en btz_description_29 (element_id=386142) | hijo Project TE-ALM-CRR-CTC8 escrito en btz_description_30 (element_id=386142) | hijo Project TE-ALM-BRL-BRFMC4 escrito en btz_description_31 (element_id=386142) | hijo Project TE-ALM-VLV-VC401 escrito en btz_description_32 (element_id=386142) | hijo Project TE-ALM-VLV-VC406 escrito en btz_description_33 (element_id=386142) | hijo Project TE-ALM-VLV-VC411 escrito en btz_description_34 (element_id=386142) | hijo Project TE-ALM-VLV-VC416 escrito en btz_description_35 (element_id=386142) | hijo Project TE-ALM-VLV-VC421 escrito en btz_description_36 (element_id=386142) | hijo Project TE-ALM-VLV-VC426 escrito en btz_description_37 (element_id=386142) | hijo Project TE-ALM-VLV-VC431 escrito en btz_description_38 (element_id=386142) | hijo Project TE-ALM-VLV-VC436 escrito en btz_description_39 (element_id=386142) | hijo Project TE-ALM-VLV-VC441 escrito en btz_description_40 (element_id=386142) | hijo Project TE-ALM-VLV-VC446 escrito en btz_description_41 (element_id=386142) | hijo Project TE-ALM-VLV-VC451 escrito en btz_description_42 (element_id=386142),NO
247155,6d934a82-96dc-4146-9e66-1ddfb42e3787-0003c573,,TE,TE-DDV-LGC-DESC. VAGONES,,,TE-DDV-LGC-DESC,TE-DDV-BRL-BFMDDV,TE-DDV-NOR-EDDVAG,TE-DDV-VLV-VAGONES/RETORNO,,,,,,,,,,,,,,,,,,,,,,,,,,,,,,,,,,,,,,,,,,,,,,,,,,,,,,,,,,,,,,,,,,,,,,,,,confirmado,confirmado_auto,hijo Project TE-DDV-LGC-DESC escrito en btz_description_05 (element_id=247155) | hijo Project TE-DDV-BRL-BFMDDV escrito en btz_description_06 (element_id=247155) | hijo Project TE-DDV-NOR-EDDVAG escrito en btz_description_07 (element_id=247155) | hijo Project TE-DDV-VLV-VAGONES/RETORNO escrito en btz_description_08 (element_id=247155),NO
247308,6d934a82-96dc-4146-9e66-1ddfb42e3787-0003c60c,,TE,TE-DDV-LGC-DESC. VAGONES,,,TE-DDV-ASP-ASPER,TE-DDV-RSC-RFMDDV,TE-DDV-VLV-CLAP/VAGONES,,,,,,,,,,,,,,,,,,,,,,,,,,,,,,,,,,,,,,,,,,,,,,,,,,,,,,,,,,,,,,,,,,,,,,,,,,confirmado,confirmado_auto,hijo Project TE-DDV-ASP-ASPER escrito en btz_description_05 (element_id=247308) | hijo Project TE-DDV-RSC-RFMDDV escrito en btz_description_06 (element_id=247308) | hijo Project TE-DDV-VLV-CLAP/VAGONES escrito en btz_description_07 (element_id=247308),NO
247346,6d934a82-96dc-4146-9e66-1ddfb42e3787-0003c632,,TE,TE-DDV-LGC-DESC. VAGONES,,,TE-DDV-CCM-DESCVAGONES,TE-DDV-VLV-VRFMDDV,TE-DDV-VLV-VAGONES/CAMIONES,,,,,,,,,,,,,,,,,,,,,,,,,,,,,,,,,,,,,,,,,,,,,,,,,,,,,,,,,,,,,,,,,,,,,,,,,,confirmado,confirmado_auto,hijo Project TE-DDV-CCM-DESCVAGONES escrito en btz_description_05 (element_id=247346) | hijo Project TE-DDV-VLV-VRFMDDV escrito en btz_description_06 (element_id=247346) | hijo Project TE-DDV-VLV-VAGONES/CAMIONES escrito en btz_description_07 (element_id=247346),NO
247373,6d934a82-96dc-4146-9e66-1ddfb42e3787-0003c64d,,TE,TE-DDV-LGC-DESC. VAGONES,,,TE-DDV-FLT-FMDDV,TE-DDV-VNT-VFMDDV,TE-DDV-VLV-VAGONES/CR6,,,,,,,,,,,,,,,,,,,,,,,,,,,,,,,,,,,,,,,,,,,,,,,,,,,,,,,,,,,,,,,,,,,,,,,,,,confirmado,confirmado_auto,hijo Project TE-DDV-FLT-FMDDV escrito en btz_description_05 (element_id=247373) | hijo Project TE-DDV-VNT-VFMDDV escrito en btz_description_06 (element_id=247373) | hijo Project TE-DDV-VLV-VAGONES/CR6 escrito en btz_description_07 (element_id=247373),NO
238339,25d0f85d-57da-4cae-8ca2-9b682363407e-0003a303,,TE,TE-EMB-LGC-SECTOR EMBARQUE,TE-EMB-LGC-ATRAQUE/AMARRE,,TE-EMB-LGC-SECTOR,TE-EMB-MLL-MAB,,,,,,,,,,,,,,,,,,,,,,,,,,,,,,,,,,,,,,,,,,,,,,,,,,,,,,,,,,,,,,,,,,,,,,,,,,,confirmado,confirmado_auto,hijo Project TE-EMB-LGC-SECTOR escrito en btz_description_05 (element_id=238339) | hijo Project TE-EMB-LGC-ATRAQUE/AMARRE ya existía en btz_description_03 | hijo Project TE-EMB-MLL-MAB escrito en btz_description_06 (element_id=238339),NO
238578,25d0f85d-57da-4cae-8ca2-9b682363407e-0003a3f2,,TE,TE-EMB-LGC-SECTOR EMBARQUE,TE-EMB-LGC-ATRAQUE/AMARRE,,TE-EMB-CHD-CHSERV,TE-EMB-TRR-TAN,,,,,,,,,,,,,,,,,,,,,,,,,,,,,,,,,,,,,,,,,,,,,,,,,,,,,,,,,,,,,,,,,,,,,,,,,,,confirmado,confirmado_auto,hijo Project TE-EMB-CHD-CHSERV escrito en btz_description_05 (element_id=238578) | hijo Project TE-EMB-TRR-TAN escrito en btz_description_06 (element_id=238578),NO
238598,25d0f85d-57da-4cae-8ca2-9b682363407e-0003a406,,TE,TE-EMB-LGC-SECTOR EMBARQUE,TE-EMB-LGC-ATRAQUE/AMARRE,,TE-EMB-CUCH-CUCH,TE-EMB-TRR-TAS,,,,,,,,,,,,,,,,,,,,,,,,,,,,,,,,,,,,,,,,,,,,,,,,,,,,,,,,,,,,,,,,,,,,,,,,,,,confirmado,confirmado_auto,hijo Project TE-EMB-CUCH-CUCH escrito en btz_description_05 (element_id=238598) | hijo Project TE-EMB-TRR-TAS escrito en btz_description_06 (element_id=238598),NO
238634,25d0f85d-57da-4cae-8ca2-9b682363407e-0003a42a,,,TE-EMB-LGC-SECTOR EMBARQUE,,,TE-EMB-CÑO-CAÑONASPERSOR,,,,,,,,,,,,,,,,,,,,,,,,,,,,,,,,,,,,,,,,,,,,,,,,,,,,,,,,,,,,,,,,,,,,,,,,,,,,confirmado,confirmado_auto,hijo Project TE-EMB-CÑO-CAÑONASPERSOR escrito en btz_description_05 (element_id=238634),NO
239666,25d0f85d-57da-4cae-8ca2-9b682363407e-0003a832,,TE,TE-EMB-LGC-SECTOR EMBARQUE,TE-EMB-LGC-CINTAS EMBARQUE,,TE-EMB-GLR-ACCESO,TE-EMB-LGC-CINTAS,TE-EMB-ASP-ACE1,TE-EMB-VLV-VDP1/2,TE-EMB-ASP-ACE2,TE-EMB-VLV-VDP3/4,TE-EMB-ASP-ACE3,TE-EMB-ASP-ACE4,TE-EMB-VLV-VDP5/6,TE-EMB-ASP-ACE5,TE-EMB-VLV-VDP7/8,,,,,,,,,,,,,,,,,,,,,,,,,,,,,,,,,,,,,,,,,,,,,,,,,,,,,,,,,,,,,,,,,,confirmado,confirmado_auto,hijo Project TE-EMB-GLR-ACCESO escrito en btz_description_05 (element_id=239666) | hijo Project TE-EMB-LGC-CINTAS escrito en btz_description_06 (element_id=239666) | hijo Project TE-EMB-ASP-ACE1 escrito en btz_description_07 (element_id=239666) | hijo Project TE-EMB-VLV-VDP1/2 escrito en btz_description_08 (element_id=239666) | hijo Project TE-EMB-ASP-ACE2 escrito en btz_description_09 (element_id=239666) | hijo Project TE-EMB-VLV-VDP3/4 escrito en btz_description_10 (element_id=239666) | hijo Project TE-EMB-ASP-ACE3 escrito en btz_description_11 (element_id=239666) | hijo Project TE-EMB-ASP-ACE4 escrito en btz_description_12 (element_id=239666) | hijo Project TE-EMB-VLV-VDP5/6 escrito en btz_description_13 (element_id=239666) | hijo Project TE-EMB-ASP-ACE5 escrito en btz_description_14 (element_id=239666) | hijo Project TE-EMB-VLV-VDP7/8 escrito en btz_description_15 (element_id=239666),NO
350532,166708fd-8f1f-4231-bc3b-68b8d7570667-00055944,,,TE-EMB-LGC-SECTOR EMBARQUE,,,TE-EMB-ESC-ESC,,,,,,,,,,,,,,,,,,,,,,,,,,,,,,,,,,,,,,,,,,,,,,,,,,,,,,,,,,,,,,,,,,,,,,,,,,,,confirmado,confirmado_auto,hijo Project TE-EMB-ESC-ESC escrito en btz_description_05 (element_id=350532),NO
373139,c0e94eee-2efb-4074-b595-adbb9aa5b956-0005b193,,TE,TE-EMB-LGC-SECTOR EMBARQUE,TE-EMB-LGC-CINTAS EMBARQUE,,TE-EMB-CCM-CCMP3,TE-EMB-CNT-CE1,TE-EMB-VLV-RNCE1,TE-EMB-CNT-CE2,TE-EMB-VLV-RNCE2,TE-EMB-CNT-CE3,TE-EMB-CNT-CE4,TE-EMB-VLV-RNCE4,TE-EMB-CNT-CE5,TE-EMB-VLV-RNCE5,TE-EMB-GLR-GCE,,,,,,,,,,,,,,,,,,,,,,,,,,,,,,,,,,,,,,,,,,,,,,,,,,,,,,,,,,,,,,,,,,confirmado,confirmado_auto,hijo Project TE-EMB-CCM-CCMP3 escrito en btz_description_05 (element_id=373139) | hijo Project TE-EMB-CNT-CE1 escrito en btz_description_06 (element_id=373139) | hijo Project TE-EMB-VLV-RNCE1 escrito en btz_description_07 (element_id=373139) | hijo Project TE-EMB-CNT-CE2 escrito en btz_description_08 (element_id=373139) | hijo Project TE-EMB-VLV-RNCE2 escrito en btz_description_09 (element_id=373139) | hijo Project TE-EMB-CNT-CE3 escrito en btz_description_10 (element_id=373139) | hijo Project TE-EMB-CNT-CE4 escrito en btz_description_11 (element_id=373139) | hijo Project TE-EMB-VLV-RNCE4 escrito en btz_description_12 (element_id=373139) | hijo Project TE-EMB-CNT-CE5 escrito en btz_description_13 (element_id=373139) | hijo Project TE-EMB-VLV-RNCE5 escrito en btz_description_14 (element_id=373139) | hijo Project TE-EMB-GLR-GCE escrito en btz_description_15 (element_id=373139),NO
153025,e873c32e-5e0c-4f36-b2a7-48d4917bce06-000255c1,,TE,TE-EXP-LGC-EXPEDICION,TE-EXP-LGC-SECTOR ACCESO OSL,,TE-DDV-BLN-BALANZA,,,,,,,,,,,,,,,,,,,,,,,,,,,,,,,,,,,,,,,,,,,,,,,,,,,,,,,,,,,,,,,,,,,,,,,,,,,,confirmado,confirmado_auto,hijo Project TE-EXP-LGC-EXPEDICION ya existía en btz_description_02 | hijo Project TE-DDV-BLN-BALANZA escrito en btz_description_05 (element_id=153025),NO
153117,e873c32e-5e0c-4f36-b2a7-48d4917bce06-0002561d,,TE,TE-EXP-LGC-EXPEDICION,TE-EXP-LGC-SECTOR ACCESO OSL,,TE-EXP-LGC-SECTOR,,,,,,,,,,,,,,,,,,,,,,,,,,,,,,,,,,,,,,,,,,,,,,,,,,,,,,,,,,,,,,,,,,,,,,,,,,,,confirmado,confirmado_auto,hijo Project TE-EXP-LGC-SECTOR escrito en btz_description_05 (element_id=153117),NO
153162,e873c32e-5e0c-4f36-b2a7-48d4917bce06-0002564a,,TE,TE-EXP-LGC-EXPEDICION,TE-EXP-LGC-SECTOR ACCESO OSL,,TE-EXP-BRR-BARR,,,,,,,,,,,,,,,,,,,,,,,,,,,,,,,,,,,,,,,,,,,,,,,,,,,,,,,,,,,,,,,,,,,,,,,,,,,,confirmado,confirmado_auto,hijo Project TE-EXP-BRR-BARR escrito en btz_description_05 (element_id=153162),NO
200296,25d0f85d-57da-4cae-8ca2-9b682363407e-00030e68,,TE,TE-EXP-LGC-EXPEDICION,TE-EXP-LGC-SECTOR ACCESO OSL,,TE-EXP-CBN-CAB,,,,,,,,,,,,,,,,,,,,,,,,,,,,,,,,,,,,,,,,,,,,,,,,,,,,,,,,,,,,,,,,,,,,,,,,,,,,confirmado,confirmado_auto,hijo Project TE-EXP-CBN-CAB escrito en btz_description_05 (element_id=200296),NO
246541,6d934a82-96dc-4146-9e66-1ddfb42e3787-0003c30d,,TE,TE-EXP-LGC-EXPEDICION,TE-EXP-LGC-SECTOR BALANZA PTO,,TE-EXP-CMR-CAM,,,,,,,,,,,,,,,,,,,,,,,,,,,,,,,,,,,,,,,,,,,,,,,,,,,,,,,,,,,,,,,,,,,,,,,,,,,,confirmado,confirmado_auto,hijo Project TE-EXP-CMR-CAM escrito en btz_description_05 (element_id=246541),NO
248505,6d934a82-96dc-4146-9e66-1ddfb42e3787-0003cab9,,TE,TE-EXP-LGC-EXPEDICION,TE-EXP-LGC-SECTOR BALANZA PTO,,TE-PLY-BLN-OSL,,,,,,,,,,,,,,,,,,,,,,,,,,,,,,,,,,,,,,,,,,,,,,,,,,,,,,,,,,,,,,,,,,,,,,,,,,,,confirmado,confirmado_auto,hijo Project TE-PLY-BLN-OSL escrito en btz_description_05 (element_id=248505),NO
249234,6d934a82-96dc-4146-9e66-1ddfb42e3787-0003cd92,,TE,TE-EXP-LGC-EXPEDICION,TE-EXP-LGC-SECTOR BALANZA PTO,,TE-PLY-BLN-1,,,,,,,,,,,,,,,,,,,,,,,,,,,,,,,,,,,,,,,,,,,,,,,,,,,,,,,,,,,,,,,,,,,,,,,,,,,,confirmado,confirmado_auto,hijo Project TE-PLY-BLN-1 escrito en btz_description_05 (element_id=249234),NO
249243,6d934a82-96dc-4146-9e66-1ddfb42e3787-0003cd9b,,TE,TE-EXP-LGC-EXPEDICION,TE-EXP-LGC-SECTOR BALANZA PTO,,TE-PLY-BLN-2,,,,,,,,,,,,,,,,,,,,,,,,,,,,,,,,,,,,,,,,,,,,,,,,,,,,,,,,,,,,,,,,,,,,,,,,,,,,confirmado,confirmado_auto,hijo Project TE-PLY-BLN-2 escrito en btz_description_05 (element_id=249243),NO
238674,25d0f85d-57da-4cae-8ca2-9b682363407e-0003a452,,TE,TE-TDM-LGC-TORRE DE MANIPULEO,,,TE-TDM-LGC-TORRE,TE-TDM-BMB-BR2,TE-TDM-RSC-RFMTDM,TE-TDM-VLV-VBPB1,TE-TDM-LGC-CCM,TE-TDM-AIR-AIRTM2-2,TE-TDM-VLV-P61,TE-TDM-AIR-AIRTABLERO,,,,,,,,,,,,,,,,,,,,,,,,,,,,,,,,,,,,,,,,,,,,,,,,,,,,,,,,,,,,,,,,,,,,,confirmado,confirmado_auto,hijo Project TE-TDM-LGC-TORRE escrito en btz_description_05 (element_id=238674) | hijo Project TE-TDM-BMB-BR2 escrito en btz_description_06 (element_id=238674) | hijo Project TE-TDM-RSC-RFMTDM escrito en btz_description_07 (element_id=238674) | hijo Project TE-TDM-VLV-VBPB1 escrito en btz_description_08 (element_id=238674) | hijo Project TE-TDM-LGC-CCM escrito en btz_description_09 (element_id=238674) | hijo Project TE-TDM-AIR-AIRTM2-2 escrito en btz_description_10 (element_id=238674) | hijo Project TE-TDM-VLV-P61 escrito en btz_description_11 (element_id=238674) | hijo Project TE-TDM-AIR-AIRTABLERO escrito en btz_description_12 (element_id=238674),NO
346372,166708fd-8f1f-4231-bc3b-68b8d7570667-00054904,,TE,TE-TDM-LGC-TORRE DE MANIPULEO,TE-TE6-LGC-TORRE EL9,,TE-TDM-ASC-ASCENSOR,TE-TDM-BMB-BRPF,TE-TDM-VLV-VRBSFMTDM-2,TE-EMB-VLV-VPBE2,TE-TDM-CCM-CCMP0,TE-TDM-INCENDIO,TE-TDM-VLV-P62,TE-TDM-CMP-AC,TE-TE6-LGC-TORRE,TE-TE6-BRZ-BRFMEL9,TE-TE6-VLV-VR2TN1,TE-TE6-VLV-VR3CYC,TE-TE6-VNT-VLFMEL9,TE-TE6-MLC-MALC,TE-TE6-VLV-VG12,TE-TE6-VLV-VG22,TE-TE6-VLV-VG24,TE-TE6-VLV-VG26,TE-TE6-VLV-VG29,TE-TE6-MND-MLEL9,TE-TE6-VLV-VG14,TE-TE6-VLV-VG16,,,,,,,,,,,,,,,,,,,,,,,,,,,,,,,,,,,,,,,,,,,,,,,,,,,,,,,confirmado,confirmado_auto,hijo Project TE-TDM-ASC-ASCENSOR escrito en btz_description_05 (element_id=346372) | hijo Project TE-TDM-BMB-BRPF escrito en btz_description_06 (element_id=346372) | hijo Project TE-TDM-VLV-VRBSFMTDM-2 escrito en btz_description_07 (element_id=346372) | hijo Project TE-EMB-VLV-VPBE2 escrito en btz_description_08 (element_id=346372) | hijo Project TE-TDM-CCM-CCMP0 escrito en btz_description_09 (element_id=346372) | hijo Project TE-TDM-INCENDIO escrito en btz_description_10 (element_id=346372) | hijo Project TE-TDM-VLV-P62 escrito en btz_description_11 (element_id=346372) | hijo Project TE-TDM-CMP-AC escrito en btz_description_12 (element_id=346372) | hijo Project TE-TE6-LGC-TORRE escrito en btz_description_13 (element_id=346372) | hijo Project TE-TE6-BRZ-BRFMEL9 escrito en btz_description_14 (element_id=346372) | hijo Project TE-TE6-VLV-VR2TN1 escrito en btz_description_15 (element_id=346372) | hijo Project TE-TE6-VLV-VR3CYC escrito en btz_description_16 (element_id=346372) | hijo Project TE-TE6-VNT-VLFMEL9 escrito en btz_description_17 (element_id=346372) | hijo Project TE-TE6-MLC-MALC escrito en btz_description_18 (element_id=346372) | hijo Project TE-TE6-VLV-VG12 escrito en btz_description_19 (element_id=346372) | hijo Project TE-TE6-VLV-VG22 escrito en btz_description_20 (element_id=346372) | hijo Project TE-TE6-VLV-VG24 escrito en btz_description_21 (element_id=346372) | hijo Project TE-TE6-VLV-VG26 escrito en btz_description_22 (element_id=346372) | hijo Project TE-TE6-VLV-VG29 escrito en btz_description_23 (element_id=346372) | hijo Project TE-TE6-MND-MLEL9 escrito en btz_description_24 (element_id=346372) | hijo Project TE-TE6-VLV-VG14 escrito en btz_description_25 (element_id=346372) | hijo Project TE-TE6-VLV-VG16 escrito en btz_description_26 (element_id=346372),NO
373369,1dd9711a-59af-4c3f-8b41-17903a787e86-0005b279,,TE,TE-TDM-LGC-TORRE DE MANIPULEO,TE-TE6-LGC-TORRE EL6,,TE-TDM-BMB-BATM1,TE-TDM-PUL-AIRE3,TE-TDM-VNT-VFMTDM,TE-TDM-VLV-VBPB2,TE-TDM-CMP-TM,TE-TDM-LGC-SIRENAS,TE-TDM-VLV-P72,TE-TE6-FLT-FMEL9,TE-TE6-RSC-RFMEL9,TE-TE6-FLT-CFINOS,TE-TE6-VLV-VRFMEL9,TE-TE6-VNT-VPFMEL9,TE-TE6-NOR-EL6,TE-TE6-VLV-VG21,TE-TE6-VLV-VG23,TE-TE6-VLV-VG25,TE-TE6-VLV-VG28,TE-TE6-NOR-EL9,TE-TE6-VLV-VG13,TE-TE6-VLV-VG15,TE-TE6-VLV-VG27,,,,,,,,,,,,,,,,,,,,,,,,,,,,,,,,,,,,,,,,,,,,,,,,,,,,,,,,confirmado,confirmado_auto,hijo Project TE-TDM-BMB-BATM1 escrito en btz_description_05 (element_id=373369) | hijo Project TE-TDM-PUL-AIRE3 escrito en btz_description_06 (element_id=373369) | hijo Project TE-TDM-VNT-VFMTDM escrito en btz_description_07 (element_id=373369) | hijo Project TE-TDM-VLV-VBPB2 escrito en btz_description_08 (element_id=373369) | hijo Project TE-TDM-CMP-TM escrito en btz_description_09 (element_id=373369) | hijo Project TE-TDM-LGC-SIRENAS escrito en btz_description_10 (element_id=373369) | hijo Project TE-TDM-VLV-P72 escrito en btz_description_11 (element_id=373369) | hijo Project TE-TE6-FLT-FMEL9 escrito en btz_description_12 (element_id=373369) | hijo Project TE-TE6-RSC-RFMEL9 escrito en btz_description_13 (element_id=373369) | hijo Project TE-TE6-FLT-CFINOS escrito en btz_description_14 (element_id=373369) | hijo Project TE-TE6-VLV-VRFMEL9 escrito en btz_description_15 (element_id=373369) | hijo Project TE-TE6-VNT-VPFMEL9 escrito en btz_description_16 (element_id=373369) | hijo Project TE-TE6-NOR-EL6 escrito en btz_description_17 (element_id=373369) | hijo Project TE-TE6-VLV-VG21 escrito en btz_description_18 (element_id=373369) | hijo Project TE-TE6-VLV-VG23 escrito en btz_description_19 (element_id=373369) | hijo Project TE-TE6-VLV-VG25 escrito en btz_description_20 (element_id=373369) | hijo Project TE-TE6-VLV-VG28 escrito en btz_description_21 (element_id=373369) | hijo Project TE-TE6-NOR-EL9 escrito en btz_description_22 (element_id=373369) | hijo Project TE-TE6-VLV-VG13 escrito en btz_description_23 (element_id=373369) | hijo Project TE-TE6-VLV-VG15 escrito en btz_description_24 (element_id=373369) | hijo Project TE-TE6-VLV-VG27 escrito en btz_description_25 (element_id=373369),NO
