estado_match,tipo_asociacion,codigo_project,descripcion_project,project_id,outline_level,outline_number,parent_task_name,parent_codigo_project,ancestor_codes_project,ancestor_names_project,project_path,element_id_revit,unique_id_revit,category,family,type,name,btz_numero_activo,btz_path_actual,parametro_match,contenedor_sugerido_element_id,contenedor_sugerido_unique_id,contenedor_sugerido_path,contenedor_sugerido_nivel,slots_libres_contenedor,requiere_split_por_slots,puntaje_contenedor,segundo_puntaje_contenedor,diferencia_puntaje,criterio_contenedor,candidatos_contenedor,ancestro_project_usado,observacion,tipo_resolucion,ancestro_usado,cluster_element_ids,element_id_destino,btz_slot_sugerido,cluster_mode,motivo,btz_description_01,btz_description_02,btz_description_03,btz_description_04,btz_description_05,btz_description_06,btz_description_07,btz_description_08,btz_description_09,btz_description_10,btz_description_11,btz_description_12,btz_description_13,btz_description_14,btz_description_15,btz_description_16,btz_description_17,btz_description_18,btz_description_19,btz_description_20,btz_description_21,btz_description_22,btz_description_23,btz_description_24,btz_description_25,btz_description_26,btz_description_27,btz_description_28,btz_description_29,btz_description_30,btz_description_31,btz_description_32,btz_description_33,btz_description_34,btz_description_35,btz_description_36,btz_description_37,btz_description_38,btz_description_39,btz_description_40,btz_description_41,btz_description_42,btz_description_43,btz_description_44,btz_description_45,btz_description_46,btz_description_47,btz_description_48,btz_description_49,btz_description_50,btz_description_51,btz_description_52,btz_description_53,btz_description_54,btz_description_55,btz_description_56,btz_description_57,btz_description_58,btz_description_59,btz_description_60,btz_description_61,btz_description_62,btz_description_63,btz_description_64,btz_description_65,btz_description_66,btz_description_67,btz_description_68,btz_description_69,btz_description_70,btz_description_71,btz_description_72,btz_description_73,btz_description_74,btz_description_75,btz_description_76,btz_description_77,btz_description_78,btz_description_79,btz_description_80,motivo_revision
sin_contenedor,sin_asociacion,TE-BBR-CNL-CANAL,CANAL PLUVIAL BAJO BARRANCA (COMPLETO) | Grupo: TE-CANAL PLUVIAL,91,4,91,TE-BBR-LGC-SECTOR BAJO  BARR,TE-BBR-LGC-SECTOR,TE-ACT-LGC-SECTOR > TE-BBR-LGC-SECTOR,TE > TE-ACT-LGC-SECTOR ACEITE > TE-BBR-LGC-SECTOR BAJO  BARR,TE > TE-ACT-LGC-SECTOR ACEITE > TE-BBR-LGC-SECTOR BAJO  BARR > TE-BBR-CNL-CANAL PLUVIAL BBR,,,,,,,,,,,,,,,,,,,,,,Ningún contenedor supera puntaje mínimo 40.,,,,,,,,,,,,,,,,,,,,,,,,,,,,,,,,,,,,,,,,,,,,,,,,,,,,,,,,,,,,,,,,,,,,,,,,,,,,,,,,,,,,,,,,no se encontró contenedor compatible
sin_contenedor,sin_asociacion,TE-BBR-VLV-CLAP,CLAPETA EN CANAL PLUVIAL BAJO BARRANCA PREVIO A CÁMARA DECANTADORA NORTE. | Grupo: TE-VALVULA PLUVIAL,92,5,92,TE-BBR-CNL-CANAL PLUVIAL BBR,TE-BBR-CNL-CANAL,TE-ACT-LGC-SECTOR > TE-BBR-LGC-SECTOR > TE-BBR-CNL-CANAL,TE > TE-ACT-LGC-SECTOR ACEITE > TE-BBR-LGC-SECTOR BAJO  BARR > TE-BBR-CNL-CANAL PLUVIAL BBR,TE > TE-ACT-LGC-SECTOR ACEITE > TE-BBR-LGC-SECTOR BAJO  BARR > TE-BBR-CNL-CANAL PLUVIAL BBR > TE-BBR-VLV-CLAP PLUV NORTE,,,,,,,,,,,,,,,,,,,,,,Ningún contenedor supera puntaje mínimo 40.,,,,,,,,,,,,,,,,,,,,,,,,,,,,,,,,,,,,,,,,,,,,,,,,,,,,,,,,,,,,,,,,,,,,,,,,,,,,,,,,,,,,,,,,no se encontró contenedor compatible
sin_contenedor,sin_asociacion,TE-BBR-VLV-DESPURGUE,VALVULA DESPURGUE DE CÁMARA DECANTADORA NORTE | Grupo: TE-VALVULA PLUVIAL,93,5,93,TE-BBR-CNL-CANAL PLUVIAL BBR,TE-BBR-CNL-CANAL,TE-ACT-LGC-SECTOR > TE-BBR-LGC-SECTOR > TE-BBR-CNL-CANAL,TE > TE-ACT-LGC-SECTOR ACEITE > TE-BBR-LGC-SECTOR BAJO  BARR > TE-BBR-CNL-CANAL PLUVIAL BBR,TE > TE-ACT-LGC-SECTOR ACEITE > TE-BBR-LGC-SECTOR BAJO  BARR > TE-BBR-CNL-CANAL PLUVIAL BBR > TE-BBR-VLV-DESPURGUE DCT NORTE,,,,,,,,,,,,,,,,,,,,,,Ningún contenedor supera puntaje mínimo 40.,,,,,,,,,,,,,,,,,,,,,,,,,,,,,,,,,,,,,,,,,,,,,,,,,,,,,,,,,,,,,,,,,,,,,,,,,,,,,,,,,,,,,,,,no se encontró contenedor compatible
sin_contenedor,sin_asociacion,TE-BBR-VLV-EGRESO,VALVULA EGRESO DE CÁMARA DECANTADORA NORTE | Grupo: TE-VALVULA PLUVIAL,94,5,94,TE-BBR-CNL-CANAL PLUVIAL BBR,TE-BBR-CNL-CANAL,TE-ACT-LGC-SECTOR > TE-BBR-LGC-SECTOR > TE-BBR-CNL-CANAL,TE > TE-ACT-LGC-SECTOR ACEITE > TE-BBR-LGC-SECTOR BAJO  BARR > TE-BBR-CNL-CANAL PLUVIAL BBR,TE > TE-ACT-LGC-SECTOR ACEITE > TE-BBR-LGC-SECTOR BAJO  BARR > TE-BBR-CNL-CANAL PLUVIAL BBR > TE-BBR-VLV-EGRESO DCT NORTE,,,,,,,,,,,,,,,,,,,,,,Ningún contenedor supera puntaje mínimo 40.,,,,,,,,,,,,,,,,,,,,,,,,,,,,,,,,,,,,,,,,,,,,,,,,,,,,,,,,,,,,,,,,,,,,,,,,,,,,,,,,,,,,,,,,no se encontró contenedor compatible
sin_contenedor,sin_asociacion,TE-BBR-VLV-INGRESO,VALVULA INGRESO DE CÁMARA DECANTADORA NORTE | Grupo: TE-VALVULA PLUVIAL,95,5,95,TE-BBR-CNL-CANAL PLUVIAL BBR,TE-BBR-CNL-CANAL,TE-ACT-LGC-SECTOR > TE-BBR-LGC-SECTOR > TE-BBR-CNL-CANAL,TE > TE-ACT-LGC-SECTOR ACEITE > TE-BBR-LGC-SECTOR BAJO  BARR > TE-BBR-CNL-CANAL PLUVIAL BBR,TE > TE-ACT-LGC-SECTOR ACEITE > TE-BBR-LGC-SECTOR BAJO  BARR > TE-BBR-CNL-CANAL PLUVIAL BBR > TE-BBR-VLV-INGRESO DCT NORTE,,,,,,,,,,,,,,,,,,,,,,Ningún contenedor supera puntaje mínimo 40.,,,,,,,,,,,,,,,,,,,,,,,,,,,,,,,,,,,,,,,,,,,,,,,,,,,,,,,,,,,,,,,,,,,,,,,,,,,,,,,,,,,,,,,,no se encontró contenedor compatible
sin_contenedor,sin_asociacion,TE-BRR-VLV-VALV,VALVULA PLUVIAL EN EL PISO BAJO BARRANCA CENTRO | Grupo: TE-VALVULA PLUVIAL,96,5,96,TE-BBR-CNL-CANAL PLUVIAL BBR,TE-BBR-CNL-CANAL,TE-ACT-LGC-SECTOR > TE-BBR-LGC-SECTOR > TE-BBR-CNL-CANAL,TE > TE-ACT-LGC-SECTOR ACEITE > TE-BBR-LGC-SECTOR BAJO  BARR > TE-BBR-CNL-CANAL PLUVIAL BBR,TE > TE-ACT-LGC-SECTOR ACEITE > TE-BBR-LGC-SECTOR BAJO  BARR > TE-BBR-CNL-CANAL PLUVIAL BBR > TE-BRR-VLV-VALV PLUVIAL CENTRO,,,,,,,,,,,,,,,,,,,,,,Código repetido en Project 3 veces. Ningún contenedor supera puntaje mínimo 40.,,,,,,,,,,,,,,,,,,,,,,,,,,,,,,,,,,,,,,,,,,,,,,,,,,,,,,,,,,,,,,,,,,,,,,,,,,,,,,,,,,,,,,,,no se encontró contenedor compatible
sin_contenedor,sin_asociacion,TE-BBR-PLT-PILETA,PILETA DE DECANTACION | Grupo: TE-PLT PILETA DECANTA,99,4,99,TE-BBR-LGC-SECTOR BAJO  BARR,TE-BBR-LGC-SECTOR,TE-ACT-LGC-SECTOR > TE-BBR-LGC-SECTOR,TE > TE-ACT-LGC-SECTOR ACEITE > TE-BBR-LGC-SECTOR BAJO  BARR,TE > TE-ACT-LGC-SECTOR ACEITE > TE-BBR-LGC-SECTOR BAJO  BARR > TE-BBR-PLT-PILETA DECANT,,,,,,,,,,,,,,,,,,,,,,Ningún contenedor supera puntaje mínimo 40.,,,,,,,,,,,,,,,,,,,,,,,,,,,,,,,,,,,,,,,,,,,,,,,,,,,,,,,,,,,,,,,,,,,,,,,,,,,,,,,,,,,,,,,,no se encontró contenedor compatible
sin_contenedor,sin_asociacion,TE-BBR-CMR-CAMARA,CAMARA DECANTADORA BAJO BARRANCA (DESGRASADORA) | Grupo: TE-CMR CAMARA DECANT,101,5,101,TE-BBR-PLT-PILETA DECANT,TE-BBR-PLT-PILETA,TE-ACT-LGC-SECTOR > TE-BBR-LGC-SECTOR > TE-BBR-PLT-PILETA,TE > TE-ACT-LGC-SECTOR ACEITE > TE-BBR-LGC-SECTOR BAJO  BARR > TE-BBR-PLT-PILETA DECANT,TE > TE-ACT-LGC-SECTOR ACEITE > TE-BBR-LGC-SECTOR BAJO  BARR > TE-BBR-PLT-PILETA DECANT > TE-BBR-CMR-CAMARA DESGRAS,,,,,,,,,,,,,,,,,,,,,,Ningún contenedor supera puntaje mínimo 40.,,,,,,,,,,,,,,,,,,,,,,,,,,,,,,,,,,,,,,,,,,,,,,,,,,,,,,,,,,,,,,,,,,,,,,,,,,,,,,,,,,,,,,,,no se encontró contenedor compatible
sin_contenedor,sin_asociacion,TE-MDU-CSL-CASILLA,CASILLA VIGIA OPERADOR ACEITE AKZO NOBEL | Grupo: TE-CASILLA,126,4,126,TE-MDU-LGC-SECTOR AKZO NOBEL,TE-MDU-LGC-SECTOR,TE-ACT-LGC-SECTOR > TE-MDU-LGC-SECTOR,TE > TE-ACT-LGC-SECTOR ACEITE > TE-MDU-LGC-SECTOR AKZO NOBEL,TE > TE-ACT-LGC-SECTOR ACEITE > TE-MDU-LGC-SECTOR AKZO NOBEL > TE-MDU-CSL-CASILLA VIGIA OP,,,,,,,,,,,,,,,,,,,,,,Ningún contenedor supera puntaje mínimo 40.,,,,,,,,,,,,,,,,,,,,,,,,,,,,,,,,,,,,,,,,,,,,,,,,,,,,,,,,,,,,,,,,,,,,,,,,,,,,,,,,,,,,,,,,no se encontró contenedor compatible
sin_contenedor,sin_asociacion,TE-MDU-CÑR-CAÑERIA,CAÑERIA ACEITES/BIODIESEL AKZO NOBEL | Grupo: TE-CAÑERÍA AKZO NOBEL,127,4,127,TE-MDU-LGC-SECTOR AKZO NOBEL,TE-MDU-LGC-SECTOR,TE-ACT-LGC-SECTOR > TE-MDU-LGC-SECTOR,TE > TE-ACT-LGC-SECTOR ACEITE > TE-MDU-LGC-SECTOR AKZO NOBEL,TE > TE-ACT-LGC-SECTOR ACEITE > TE-MDU-LGC-SECTOR AKZO NOBEL > TE-MDU-CÑR-CAÑERIA AKZO NOBE,,,,,,,,,,,,,,,,,,,,,,Ningún contenedor supera puntaje mínimo 40.,,,,,,,,,,,,,,,,,,,,,,,,,,,,,,,,,,,,,,,,,,,,,,,,,,,,,,,,,,,,,,,,,,,,,,,,,,,,,,,,,,,,,,,,no se encontró contenedor compatible
sin_contenedor,sin_asociacion,TE-MDU-BOY-BOYA,BOYA 4 DE AMARRE AKZO NOBEL | Grupo: TE-BOYA AMARRE,129,5,129,TE-MDU-LGC-REPUESTOS,TE-MDU-LGC-REPUESTOS,TE-ACT-LGC-SECTOR > TE-MDU-LGC-SECTOR > TE-MDU-LGC-REPUESTOS,TE > TE-ACT-LGC-SECTOR ACEITE > TE-MDU-LGC-SECTOR AKZO NOBEL > TE-MDU-LGC-REPUESTOS,TE > TE-ACT-LGC-SECTOR ACEITE > TE-MDU-LGC-SECTOR AKZO NOBEL > TE-MDU-LGC-REPUESTOS > TE-MDU-BOY-BOYA 4,,,,,,,,,,,,,,,,,,,,,,Código repetido en Project 4 veces. Ningún contenedor supera puntaje mínimo 40.,,,,,,,,,,,,,,,,,,,,,,,,,,,,,,,,,,,,,,,,,,,,,,,,,,,,,,,,,,,,,,,,,,,,,,,,,,,,,,,,,,,,,,,,no se encontró contenedor compatible
sin_contenedor,sin_asociacion,TE-MDU-MLC-M.E.T,MALACATE ELEC. P/MANGUERA EMBARQUE AKZO NOBEL | Grupo: TE-MLC-M.E.T. DE MANGUERA,130,4,130,TE-MDU-LGC-SECTOR AKZO NOBEL,TE-MDU-LGC-SECTOR,TE-ACT-LGC-SECTOR > TE-MDU-LGC-SECTOR,TE > TE-ACT-LGC-SECTOR ACEITE > TE-MDU-LGC-SECTOR AKZO NOBEL,TE > TE-ACT-LGC-SECTOR ACEITE > TE-MDU-LGC-SECTOR AKZO NOBEL > TE-MDU-MLC-M.E.T. DE MANGUERA,,,,,,,,,,,,,,,,,,,,,,Ningún contenedor supera puntaje mínimo 40.,,,,,,,,,,,,,,,,,,,,,,,,,,,,,,,,,,,,,,,,,,,,,,,,,,,,,,,,,,,,,,,,,,,,,,,,,,,,,,,,,,,,,,,,no se encontró contenedor compatible
sin_contenedor,sin_asociacion,TE-MDU-MNG-MANGUERAS,MANGUERAS EMBARQUE AKZO NOBEL | Grupo: TE-MANGUERAS AKZO NOBEL,131,4,131,TE-MDU-LGC-SECTOR AKZO NOBEL,TE-MDU-LGC-SECTOR,TE-ACT-LGC-SECTOR > TE-MDU-LGC-SECTOR,TE > TE-ACT-LGC-SECTOR ACEITE > TE-MDU-LGC-SECTOR AKZO NOBEL,TE > TE-ACT-LGC-SECTOR ACEITE > TE-MDU-LGC-SECTOR AKZO NOBEL > TE-MDU-MNG-MANGUERAS AKZO NOBE,,,,,,,,,,,,,,,,,,,,,,Ningún contenedor supera puntaje mínimo 40.,,,,,,,,,,,,,,,,,,,,,,,,,,,,,,,,,,,,,,,,,,,,,,,,,,,,,,,,,,,,,,,,,,,,,,,,,,,,,,,,,,,,,,,,no se encontró contenedor compatible
sin_contenedor,sin_asociacion,TE-MDU-SIS-SIST,SISTEMA DISTANCIA BUQUE AMARRE / DESAMARRE AKZO NOBEL | Grupo: TE-SISTEMA AMARRE,132,4,132,TE-MDU-LGC-SECTOR AKZO NOBEL,TE-MDU-LGC-SECTOR,TE-ACT-LGC-SECTOR > TE-MDU-LGC-SECTOR,TE > TE-ACT-LGC-SECTOR ACEITE > TE-MDU-LGC-SECTOR AKZO NOBEL,TE > TE-ACT-LGC-SECTOR ACEITE > TE-MDU-LGC-SECTOR AKZO NOBEL > TE-MDU-SIS-SIST DIST AMARRE,,,,,,,,,,,,,,,,,,,,,,Ningún contenedor supera puntaje mínimo 40.,,,,,,,,,,,,,,,,,,,,,,,,,,,,,,,,,,,,,,,,,,,,,,,,,,,,,,,,,,,,,,,,,,,,,,,,,,,,,,,,,,,,,,,,no se encontró contenedor compatible
sin_contenedor,sin_asociacion,TE-MDU-TRM-SCRAPPER,TRAMPA SCRAPPER AKZO NOBEL | Grupo: TE-TRAMPA SCRAPPER AKZO NOBEL,136,4,136,TE-MDU-LGC-SECTOR AKZO NOBEL,TE-MDU-LGC-SECTOR,TE-ACT-LGC-SECTOR > TE-MDU-LGC-SECTOR,TE > TE-ACT-LGC-SECTOR ACEITE > TE-MDU-LGC-SECTOR AKZO NOBEL,TE > TE-ACT-LGC-SECTOR ACEITE > TE-MDU-LGC-SECTOR AKZO NOBEL > TE-MDU-TRM-SCRAPPER AKZO NOBEL,,,,,,,,,,,,,,,,,,,,,,Ningún contenedor supera puntaje mínimo 40.,,,,,,,,,,,,,,,,,,,,,,,,,,,,,,,,,,,,,,,,,,,,,,,,,,,,,,,,,,,,,,,,,,,,,,,,,,,,,,,,,,,,,,,,no se encontró contenedor compatible
sin_contenedor,sin_asociacion,TE-MDU-VLV-ELE,ELECTROVALVULA AKZO NOBEL | Grupo: TE-ELECTROVALVULA AKZO NOBE,137,4,137,TE-MDU-LGC-SECTOR AKZO NOBEL,TE-MDU-LGC-SECTOR,TE-ACT-LGC-SECTOR > TE-MDU-LGC-SECTOR,TE > TE-ACT-LGC-SECTOR ACEITE > TE-MDU-LGC-SECTOR AKZO NOBEL,TE > TE-ACT-LGC-SECTOR ACEITE > TE-MDU-LGC-SECTOR AKZO NOBEL > TE-MDU-VLV-ELE VAL AKZO NOBEL,,,,,,,,,,,,,,,,,,,,,,Ningún contenedor supera puntaje mínimo 40.,,,,,,,,,,,,,,,,,,,,,,,,,,,,,,,,,,,,,,,,,,,,,,,,,,,,,,,,,,,,,,,,,,,,,,,,,,,,,,,,,,,,,,,,no se encontró contenedor compatible
sin_contenedor,sin_asociacion,TE-MSB-CÑR-CAÑERIA,CAÑERIA ACEITE/BIODIESEL ( VALVULAS + TRAMPA SCRAPPER + MANGUERAS DE EMBARQUE ) MUELLE SAN BENITO | Grupo: TE-CAÑERIA SAN BENITO,139,4,139,TE-MSB-LGC-SECTOR SAN BENITO,TE-MSB-LGC-SECTOR,TE-ACT-LGC-SECTOR > TE-MSB-LGC-SECTOR,TE > TE-ACT-LGC-SECTOR ACEITE > TE-MSB-LGC-SECTOR SAN BENITO,TE > TE-ACT-LGC-SECTOR ACEITE > TE-MSB-LGC-SECTOR SAN BENITO > TE-MSB-CÑR-CAÑERIA ACT/BIO,,,,,,,,,,,,,,,,,,,,,,Ningún contenedor supera puntaje mínimo 40.,,,,,,,,,,,,,,,,,,,,,,,,,,,,,,,,,,,,,,,,,,,,,,,,,,,,,,,,,,,,,,,,,,,,,,,,,,,,,,,,,,,,,,,,no se encontró contenedor compatible
sin_contenedor,sin_asociacion,TE-RFN-BRZ-BRAZO,BRAZO DE CARGA ARTICULADO LADO CENTRO (CIGÜEÑA) | Grupo: TE-BRAZO CARGA REF,141,4,141,TE-RFN-LGC-CARGADERO,TE-RFN-LGC-CARGADERO,TE-ACT-LGC-SECTOR > TE-RFN-LGC-CARGADERO,TE > TE-ACT-LGC-SECTOR ACEITE > TE-RFN-LGC-CARGADERO,TE > TE-ACT-LGC-SECTOR ACEITE > TE-RFN-LGC-CARGADERO > TE-RFN-BRZ-BRAZO CARGA CENTRO,,,,,,,,,,,,,,,,,,,,,,Código repetido en Project 3 veces. Ningún contenedor supera puntaje mínimo 40.,,,,,,,,,,,,,,,,,,,,,,,,,,,,,,,,,,,,,,,,,,,,,,,,,,,,,,,,,,,,,,,,,,,,,,,,,,,,,,,,,,,,,,,,no se encontró contenedor compatible
sin_contenedor,sin_asociacion,TE-RFN-CDL-CAUDAL,CAUDALIMETRO DE GIRASOL REFINADO LADO NORTE | Grupo: TE-CAUDALIMETRO REF,144,4,144,TE-RFN-LGC-CARGADERO,TE-RFN-LGC-CARGADERO,TE-ACT-LGC-SECTOR > TE-RFN-LGC-CARGADERO,TE > TE-ACT-LGC-SECTOR ACEITE > TE-RFN-LGC-CARGADERO,TE > TE-ACT-LGC-SECTOR ACEITE > TE-RFN-LGC-CARGADERO > TE-RFN-CDL-CAUDAL GIRASOL,,,,,,,,,,,,,,,,,,,,,,Código repetido en Project 2 veces. Ningún contenedor supera puntaje mínimo 40.,,,,,,,,,,,,,,,,,,,,,,,,,,,,,,,,,,,,,,,,,,,,,,,,,,,,,,,,,,,,,,,,,,,,,,,,,,,,,,,,,,,,,,,,no se encontró contenedor compatible
sin_contenedor,sin_asociacion,TE-RFN-CRT-CORTINA,CORTINA NORESTE DE NAVE CARGADERO REFINADO | Grupo: TE-CORTINA CARG REF,146,4,146,TE-RFN-LGC-CARGADERO,TE-RFN-LGC-CARGADERO,TE-ACT-LGC-SECTOR > TE-RFN-LGC-CARGADERO,TE > TE-ACT-LGC-SECTOR ACEITE > TE-RFN-LGC-CARGADERO,TE > TE-ACT-LGC-SECTOR ACEITE > TE-RFN-LGC-CARGADERO > TE-RFN-CRT-CORTINA NE,,,,,,,,,,,,,,,,,,,,,,Código repetido en Project 4 veces. Ningún contenedor supera puntaje mínimo 40.,,,,,,,,,,,,,,,,,,,,,,,,,,,,,,,,,,,,,,,,,,,,,,,,,,,,,,,,,,,,,,,,,,,,,,,,,,,,,,,,,,,,,,,,no se encontró contenedor compatible
sin_contenedor,sin_asociacion,TE-RFN-VLV-VN,VALVULA NEUMATICA GIRASOL REFINADO LADO NORTE | Grupo: TE-VALVUL NEUM REF,153,4,153,TE-RFN-LGC-CARGADERO,TE-RFN-LGC-CARGADERO,TE-ACT-LGC-SECTOR > TE-RFN-LGC-CARGADERO,TE > TE-ACT-LGC-SECTOR ACEITE > TE-RFN-LGC-CARGADERO,TE > TE-ACT-LGC-SECTOR ACEITE > TE-RFN-LGC-CARGADERO > TE-RFN-VLV-VN GIRASOL,,,,,,,,,,,,,,,,,,,,,,Código repetido en Project 2 veces. Ningún contenedor supera puntaje mínimo 40.,,,,,,,,,,,,,,,,,,,,,,,,,,,,,,,,,,,,,,,,,,,,,,,,,,,,,,,,,,,,,,,,,,,,,,,,,,,,,,,,,,,,,,,,no se encontró contenedor compatible
sin_contenedor,sin_asociacion,TE-ADD-AMR-AMARR,AMARRADERO DE BARCAZAS EN ISLA ROSITA | Grupo: TE-AMR AMARRADERO,156,3,156,TE-ADD-LGC-DES BARCAZAS,TE-ADD-LGC-DES,TE-ADD-LGC-DES,TE > TE-ADD-LGC-DES BARCAZAS,TE > TE-ADD-LGC-DES BARCAZAS > TE-ADD-AMR-AMARR BARCAZAS,,,,,,,,,,,,,,,,,,,,,,Ningún contenedor supera puntaje mínimo 40.,,,,,,,,,,,,,,,,,,,,,,,,,,,,,,,,,,,,,,,,,,,,,,,,,,,,,,,,,,,,,,,,,,,,,,,,,,,,,,,,,,,,,,,,no se encontró contenedor compatible
sin_contenedor,sin_asociacion,TE-ADD-CCM-CCMBARC,CCM SERVICIOS INFERIOR PILA 3 | Grupo: TE-CCMBARC,157,3,157,TE-ADD-LGC-DES BARCAZAS,TE-ADD-LGC-DES,TE-ADD-LGC-DES,TE > TE-ADD-LGC-DES BARCAZAS,TE > TE-ADD-LGC-DES BARCAZAS > TE-ADD-CCM-CCMBARC,,,,,,,,,,,,,,,,,,,,,,Ningún contenedor supera puntaje mínimo 40.,,,,,,,,,,,,,,,,,,,,,,,,,,,,,,,,,,,,,,,,,,,,,,,,,,,,,,,,,,,,,,,,,,,,,,,,,,,,,,,,,,,,,,,,no se encontró contenedor compatible
sin_contenedor,sin_asociacion,TE-ADD-CRR-CPDB1,CARRO PERTIGA ALMEJA DESC.BARCAZ 1 | Grupo: TE-CRR PERTIGA,158,3,158,TE-ADD-LGC-DES BARCAZAS,TE-ADD-LGC-DES,TE-ADD-LGC-DES,TE > TE-ADD-LGC-DES BARCAZAS,TE > TE-ADD-LGC-DES BARCAZAS > TE-ADD-CRR-CPDB1,,,,,,,,,,,,,,,,,,,,,,Ningún contenedor supera puntaje mínimo 40.,,,,,,,,,,,,,,,,,,,,,,,,,,,,,,,,,,,,,,,,,,,,,,,,,,,,,,,,,,,,,,,,,,,,,,,,,,,,,,,,,,,,,,,,no se encontró contenedor compatible
sin_contenedor,sin_asociacion,TE-ADD-ESC-EABA,ESCALERA ACCESO A BARCAZA LADO NORTE | Grupo: TE-ESC ESCALERA,159,3,159,TE-ADD-LGC-DES BARCAZAS,TE-ADD-LGC-DES,TE-ADD-LGC-DES,TE > TE-ADD-LGC-DES BARCAZAS,TE > TE-ADD-LGC-DES BARCAZAS > TE-ADD-ESC-EABA,,,,,,,,,,,,,,,,,,,,,,Ningún contenedor supera puntaje mínimo 40.,,,,,,,,,,,,,,,,,,,,,,,,,,,,,,,,,,,,,,,,,,,,,,,,,,,,,,,,,,,,,,,,,,,,,,,,,,,,,,,,,,,,,,,,no se encontró contenedor compatible
sin_contenedor,sin_asociacion,TE-ADD-ESC-EABS,ESCALERA DE ACCESO A BARCAZA DE SOLIDOS | Grupo: TE-ESC ESCALERA,160,3,160,TE-ADD-LGC-DES BARCAZAS,TE-ADD-LGC-DES,TE-ADD-LGC-DES,TE > TE-ADD-LGC-DES BARCAZAS,TE > TE-ADD-LGC-DES BARCAZAS > TE-ADD-ESC-EABS,,,,,,,,,,,,,,,,,,,,,,Ningún contenedor supera puntaje mínimo 40.,,,,,,,,,,,,,,,,,,,,,,,,,,,,,,,,,,,,,,,,,,,,,,,,,,,,,,,,,,,,,,,,,,,,,,,,,,,,,,,,,,,,,,,,no se encontró contenedor compatible
sin_contenedor,sin_asociacion,TE-ADD-GRU-SENNEBOGEN,GRUA SENNEBOGEN 870 | Grupo: TE-GRUA SENNEBOGEN 870,161,3,161,TE-ADD-LGC-DES BARCAZAS,TE-ADD-LGC-DES,TE-ADD-LGC-DES,TE > TE-ADD-LGC-DES BARCAZAS,TE > TE-ADD-LGC-DES BARCAZAS > TE-ADD-GRU-SENNEBOGEN,,,,,,,,,,,,,,,,,,,,,,Ningún contenedor supera puntaje mínimo 40.,,,,,,,,,,,,,,,,,,,,,,,,,,,,,,,,,,,,,,,,,,,,,,,,,,,,,,,,,,,,,,,,,,,,,,,,,,,,,,,,,,,,,,,,no se encontró contenedor compatible
sin_contenedor,sin_asociacion,TE-ADD-ADB-ADB1,ALMEJA DESCARGA BARCAZAS NRO 1 | Grupo: TE-ADB ALMEJA ADB1,162,4,162,TE-ADD-GRU-SENNEBOGEN,TE-ADD-GRU-SENNEBOGEN,TE-ADD-LGC-DES > TE-ADD-GRU-SENNEBOGEN,TE > TE-ADD-LGC-DES BARCAZAS > TE-ADD-GRU-SENNEBOGEN,TE > TE-ADD-LGC-DES BARCAZAS > TE-ADD-GRU-SENNEBOGEN > TE-ADD-ADB-ADB1 (ALMEJA),,,,,,,,,,,,,,,,,,,,,,Ningún contenedor supera puntaje mínimo 40.,,,,,,,,,,,,,,,,,,,,,,,,,,,,,,,,,,,,,,,,,,,,,,,,,,,,,,,,,,,,,,,,,,,,,,,,,,,,,,,,,,,,,,,,no se encontró contenedor compatible
sin_contenedor,sin_asociacion,TE-ADD-CHD-CHGALM,CENTRAL HIDRAULICA DE  GIRO DE ALMEJA | Grupo: TE-CHD CENTRAL ALMEJ,163,4,163,TE-ADD-GRU-SENNEBOGEN,TE-ADD-GRU-SENNEBOGEN,TE-ADD-LGC-DES > TE-ADD-GRU-SENNEBOGEN,TE > TE-ADD-LGC-DES BARCAZAS > TE-ADD-GRU-SENNEBOGEN,TE > TE-ADD-LGC-DES BARCAZAS > TE-ADD-GRU-SENNEBOGEN > TE-ADD-CHD-CHGALM,,,,,,,,,,,,,,,,,,,,,,Ningún contenedor supera puntaje mínimo 40.,,,,,,,,,,,,,,,,,,,,,,,,,,,,,,,,,,,,,,,,,,,,,,,,,,,,,,,,,,,,,,,,,,,,,,,,,,,,,,,,,,,,,,,,no se encontró contenedor compatible
sin_contenedor,sin_asociacion,TE-ADD-VLV-VDZ1,VALVULA DOSIFICADORA DE Z1 | Grupo: TE-VLV DOSIF VDZ1,167,5,167,TE-ADD-CNT-Z1,TE-ADD-CNT-Z1,TE-ADD-LGC-DES > TE-ADD-LGC-CINTAS > TE-ADD-CNT-Z1,TE > TE-ADD-LGC-DES BARCAZAS > TE-ADD-LGC-CINTAS DESC BARC > TE-ADD-CNT-Z1,TE > TE-ADD-LGC-DES BARCAZAS > TE-ADD-LGC-CINTAS DESC BARC > TE-ADD-CNT-Z1 > TE-ADD-VLV-VDZ1,,,,,,,,,,,,,,,,,,,,,,Ningún contenedor supera puntaje mínimo 40.,,,,,,,,,,,,,,,,,,,,,,,,,,,,,,,,,,,,,,,,,,,,,,,,,,,,,,,,,,,,,,,,,,,,,,,,,,,,,,,,,,,,,,,,no se encontró contenedor compatible
sin_contenedor,sin_asociacion,TE-ADD-MLC-MEIB1,MALACATE PARA COLOCAR BOBCAT DENTRO DE BARCAZAS (C.M.1000 KG) | Grupo: TE-MLC-MEIB1,172,4,172,TE-ADD-LGC-MALACATES,TE-ADD-LGC-MALACATES,TE-ADD-LGC-DES > TE-ADD-LGC-MALACATES,TE > TE-ADD-LGC-DES BARCAZAS > TE-ADD-LGC-MALACATES,TE > TE-ADD-LGC-DES BARCAZAS > TE-ADD-LGC-MALACATES > TE-ADD-MLC-MEIB1,,,,,,,,,,,,,,,,,,,,,,Ningún contenedor supera puntaje mínimo 40.,,,,,,,,,,,,,,,,,,,,,,,,,,,,,,,,,,,,,,,,,,,,,,,,,,,,,,,,,,,,,,,,,,,,,,,,,,,,,,,,,,,,,,,,no se encontró contenedor compatible
sin_contenedor,sin_asociacion,TE-ADD-MLC-MHA,MALACATE PASARELA DE ACCESO (C.M. 500 KG) | Grupo: TE-MLC-MHA,173,4,173,TE-ADD-LGC-MALACATES,TE-ADD-LGC-MALACATES,TE-ADD-LGC-DES > TE-ADD-LGC-MALACATES,TE > TE-ADD-LGC-DES BARCAZAS > TE-ADD-LGC-MALACATES,TE > TE-ADD-LGC-DES BARCAZAS > TE-ADD-LGC-MALACATES > TE-ADD-MLC-MHA,,,,,,,,,,,,,,,,,,,,,,Ningún contenedor supera puntaje mínimo 40.,,,,,,,,,,,,,,,,,,,,,,,,,,,,,,,,,,,,,,,,,,,,,,,,,,,,,,,,,,,,,,,,,,,,,,,,,,,,,,,,,,,,,,,,no se encontró contenedor compatible
sin_contenedor,sin_asociacion,TE-ADD-MLC-MLAB,MALACATE TREN DE BARCAZAS (CAPACIDAD 1 BARCAZA CARGADA) | Grupo: TE-MLC-MLAB,174,4,174,TE-ADD-LGC-MALACATES,TE-ADD-LGC-MALACATES,TE-ADD-LGC-DES > TE-ADD-LGC-MALACATES,TE > TE-ADD-LGC-DES BARCAZAS > TE-ADD-LGC-MALACATES,TE > TE-ADD-LGC-DES BARCAZAS > TE-ADD-LGC-MALACATES > TE-ADD-MLC-MLAB,,,,,,,,,,,,,,,,,,,,,,Ningún contenedor supera puntaje mínimo 40.,,,,,,,,,,,,,,,,,,,,,,,,,,,,,,,,,,,,,,,,,,,,,,,,,,,,,,,,,,,,,,,,,,,,,,,,,,,,,,,,,,,,,,,,no se encontró contenedor compatible
sin_contenedor,sin_asociacion,TE-ADD-MLC-MLC1,MALACATE ARRASTRE BARCAZAS | Grupo: TE-MLC-MLC1,175,4,175,TE-ADD-LGC-MALACATES,TE-ADD-LGC-MALACATES,TE-ADD-LGC-DES > TE-ADD-LGC-MALACATES,TE > TE-ADD-LGC-DES BARCAZAS > TE-ADD-LGC-MALACATES,TE > TE-ADD-LGC-DES BARCAZAS > TE-ADD-LGC-MALACATES > TE-ADD-MLC-MLC1,,,,,,,,,,,,,,,,,,,,,,Ningún contenedor supera puntaje mínimo 40.,,,,,,,,,,,,,,,,,,,,,,,,,,,,,,,,,,,,,,,,,,,,,,,,,,,,,,,,,,,,,,,,,,,,,,,,,,,,,,,,,,,,,,,,no se encontró contenedor compatible
sin_contenedor,sin_asociacion,TE-ADD-MLC-MLC2,MALACATE DE ARRASTRE TAPAS BARCAZAS DOLPHIN 4 LADO SUR | Grupo: TE-MLC-MLC2,176,4,176,TE-ADD-LGC-MALACATES,TE-ADD-LGC-MALACATES,TE-ADD-LGC-DES > TE-ADD-LGC-MALACATES,TE > TE-ADD-LGC-DES BARCAZAS > TE-ADD-LGC-MALACATES,TE > TE-ADD-LGC-DES BARCAZAS > TE-ADD-LGC-MALACATES > TE-ADD-MLC-MLC2,,,,,,,,,,,,,,,,,,,,,,Ningún contenedor supera puntaje mínimo 40.,,,,,,,,,,,,,,,,,,,,,,,,,,,,,,,,,,,,,,,,,,,,,,,,,,,,,,,,,,,,,,,,,,,,,,,,,,,,,,,,,,,,,,,,no se encontró contenedor compatible
sin_contenedor,sin_asociacion,TE-ADD-MLC-MLC3,MALACATE HONGUITO DOLPHIN 1 | Grupo: TE-MLC-MLC3,177,4,177,TE-ADD-LGC-MALACATES,TE-ADD-LGC-MALACATES,TE-ADD-LGC-DES > TE-ADD-LGC-MALACATES,TE > TE-ADD-LGC-DES BARCAZAS > TE-ADD-LGC-MALACATES,TE > TE-ADD-LGC-DES BARCAZAS > TE-ADD-LGC-MALACATES > TE-ADD-MLC-MLC3,,,,,,,,,,,,,,,,,,,,,,Ningún contenedor supera puntaje mínimo 40.,,,,,,,,,,,,,,,,,,,,,,,,,,,,,,,,,,,,,,,,,,,,,,,,,,,,,,,,,,,,,,,,,,,,,,,,,,,,,,,,,,,,,,,,no se encontró contenedor compatible
sin_contenedor,sin_asociacion,TE-ADD-MLC-MLC4,MALACATE HONGUITO 2 | Grupo: TE-MLC-MLC4,178,4,178,TE-ADD-LGC-MALACATES,TE-ADD-LGC-MALACATES,TE-ADD-LGC-DES > TE-ADD-LGC-MALACATES,TE > TE-ADD-LGC-DES BARCAZAS > TE-ADD-LGC-MALACATES,TE > TE-ADD-LGC-DES BARCAZAS > TE-ADD-LGC-MALACATES > TE-ADD-MLC-MLC4,,,,,,,,,,,,,,,,,,,,,,Ningún contenedor supera puntaje mínimo 40.,,,,,,,,,,,,,,,,,,,,,,,,,,,,,,,,,,,,,,,,,,,,,,,,,,,,,,,,,,,,,,,,,,,,,,,,,,,,,,,,,,,,,,,,no se encontró contenedor compatible
sin_contenedor,sin_asociacion,TE-ADD-MLC-MLC5,MALACATE HONGUITO 3 | Grupo: TE-MLC-MLC5,179,4,179,TE-ADD-LGC-MALACATES,TE-ADD-LGC-MALACATES,TE-ADD-LGC-DES > TE-ADD-LGC-MALACATES,TE > TE-ADD-LGC-DES BARCAZAS > TE-ADD-LGC-MALACATES,TE > TE-ADD-LGC-DES BARCAZAS > TE-ADD-LGC-MALACATES > TE-ADD-MLC-MLC5,,,,,,,,,,,,,,,,,,,,,,Ningún contenedor supera puntaje mínimo 40.,,,,,,,,,,,,,,,,,,,,,,,,,,,,,,,,,,,,,,,,,,,,,,,,,,,,,,,,,,,,,,,,,,,,,,,,,,,,,,,,,,,,,,,,no se encontró contenedor compatible
sin_contenedor,sin_asociacion,TE-ADD-MLC-MLC6,MALACATE DE ARRASTRA TAPAS DOLPHIN 3 LADO NORTE | Grupo: TE-MLC-MLC6,180,4,180,TE-ADD-LGC-MALACATES,TE-ADD-LGC-MALACATES,TE-ADD-LGC-DES > TE-ADD-LGC-MALACATES,TE > TE-ADD-LGC-DES BARCAZAS > TE-ADD-LGC-MALACATES,TE > TE-ADD-LGC-DES BARCAZAS > TE-ADD-LGC-MALACATES > TE-ADD-MLC-MLC6,,,,,,,,,,,,,,,,,,,,,,Ningún contenedor supera puntaje mínimo 40.,,,,,,,,,,,,,,,,,,,,,,,,,,,,,,,,,,,,,,,,,,,,,,,,,,,,,,,,,,,,,,,,,,,,,,,,,,,,,,,,,,,,,,,,no se encontró contenedor compatible
sin_contenedor,sin_asociacion,TE-ADD-MLC-MLC7,MALACATE ESCALERA ACCESO BARCAZAS DOLPHIN 1 | Grupo: TE-MLC ESC AB,181,4,181,TE-ADD-LGC-MALACATES,TE-ADD-LGC-MALACATES,TE-ADD-LGC-DES > TE-ADD-LGC-MALACATES,TE > TE-ADD-LGC-DES BARCAZAS > TE-ADD-LGC-MALACATES,TE > TE-ADD-LGC-DES BARCAZAS > TE-ADD-LGC-MALACATES > TE-ADD-MLC-MLC7,,,,,,,,,,,,,,,,,,,,,,Ningún contenedor supera puntaje mínimo 40.,,,,,,,,,,,,,,,,,,,,,,,,,,,,,,,,,,,,,,,,,,,,,,,,,,,,,,,,,,,,,,,,,,,,,,,,,,,,,,,,,,,,,,,,no se encontró contenedor compatible
sin_contenedor,sin_asociacion,TE-ADD-MLC-MLC8,MALACATE ESCALERA ACCESO BARCAZAS ACEITE PILA 1 | Grupo: TE-MLC ESC ABA,182,4,182,TE-ADD-LGC-MALACATES,TE-ADD-LGC-MALACATES,TE-ADD-LGC-DES > TE-ADD-LGC-MALACATES,TE > TE-ADD-LGC-DES BARCAZAS > TE-ADD-LGC-MALACATES,TE > TE-ADD-LGC-DES BARCAZAS > TE-ADD-LGC-MALACATES > TE-ADD-MLC-MLC8,,,,,,,,,,,,,,,,,,,,,,Ningún contenedor supera puntaje mínimo 40.,,,,,,,,,,,,,,,,,,,,,,,,,,,,,,,,,,,,,,,,,,,,,,,,,,,,,,,,,,,,,,,,,,,,,,,,,,,,,,,,,,,,,,,,no se encontró contenedor compatible
sin_contenedor,sin_asociacion,TE-ADD-MLC-MLCD2,MALACATE DE ARRASRE TAPAS BARCAZAS EN DOLPHIN NRO 2 | Grupo: TE-MLC-MLCD2,183,4,183,TE-ADD-LGC-MALACATES,TE-ADD-LGC-MALACATES,TE-ADD-LGC-DES > TE-ADD-LGC-MALACATES,TE > TE-ADD-LGC-DES BARCAZAS > TE-ADD-LGC-MALACATES,TE > TE-ADD-LGC-DES BARCAZAS > TE-ADD-LGC-MALACATES > TE-ADD-MLC-MLCD2,,,,,,,,,,,,,,,,,,,,,,Ningún contenedor supera puntaje mínimo 40.,,,,,,,,,,,,,,,,,,,,,,,,,,,,,,,,,,,,,,,,,,,,,,,,,,,,,,,,,,,,,,,,,,,,,,,,,,,,,,,,,,,,,,,,no se encontró contenedor compatible
sin_contenedor,sin_asociacion,TE-ADD-MLC-MLCD4,MALACATE HONGUITO NRO 4 | Grupo: TE-MLC-MLCD4,184,4,184,TE-ADD-LGC-MALACATES,TE-ADD-LGC-MALACATES,TE-ADD-LGC-DES > TE-ADD-LGC-MALACATES,TE > TE-ADD-LGC-DES BARCAZAS > TE-ADD-LGC-MALACATES,TE > TE-ADD-LGC-DES BARCAZAS > TE-ADD-LGC-MALACATES > TE-ADD-MLC-MLCD4,,,,,,,,,,,,,,,,,,,,,,Ningún contenedor supera puntaje mínimo 40.,,,,,,,,,,,,,,,,,,,,,,,,,,,,,,,,,,,,,,,,,,,,,,,,,,,,,,,,,,,,,,,,,,,,,,,,,,,,,,,,,,,,,,,,no se encontró contenedor compatible
sin_contenedor,sin_asociacion,TE-ADD-TLV-TDAT,TOLVAS DE DESCARGA A TIERRA DESDE RIO | Grupo: TE-TLV DESC TIERRA,186,4,186,TE-ADD-LGC-TOLVAS AZUFRE,TE-ADD-LGC-TOLVAS,TE-ADD-LGC-DES > TE-ADD-LGC-TOLVAS,TE > TE-ADD-LGC-DES BARCAZAS > TE-ADD-LGC-TOLVAS AZUFRE,TE > TE-ADD-LGC-DES BARCAZAS > TE-ADD-LGC-TOLVAS AZUFRE > TE-ADD-TLV-TDAT (RIO A TIERRA),,,,,,,,,,,,,,,,,,,,,,Ningún contenedor supera puntaje mínimo 40.,,,,,,,,,,,,,,,,,,,,,,,,,,,,,,,,,,,,,,,,,,,,,,,,,,,,,,,,,,,,,,,,,,,,,,,,,,,,,,,,,,,,,,,,no se encontró contenedor compatible
sin_contenedor,sin_asociacion,TE-ADD-TLV-TF,TOLVA FIJA DIRECTO A Z1 DESCARGA ALMEJA ELECTRICA | Grupo: TE-TLV FIJA A Z1,187,4,187,TE-ADD-LGC-TOLVAS AZUFRE,TE-ADD-LGC-TOLVAS,TE-ADD-LGC-DES > TE-ADD-LGC-TOLVAS,TE > TE-ADD-LGC-DES BARCAZAS > TE-ADD-LGC-TOLVAS AZUFRE,TE > TE-ADD-LGC-DES BARCAZAS > TE-ADD-LGC-TOLVAS AZUFRE > TE-ADD-TLV-TF (A Z1),,,,,,,,,,,,,,,,,,,,,,Código repetido en Project 2 veces. Ningún contenedor supera puntaje mínimo 40.,,,,,,,,,,,,,,,,,,,,,,,,,,,,,,,,,,,,,,,,,,,,,,,,,,,,,,,,,,,,,,,,,,,,,,,,,,,,,,,,,,,,,,,,no se encontró contenedor compatible
sin_contenedor,sin_asociacion,TE-ADD-TLV-TFN,TOLVA FIJA NORTE DIRECTO A Z3 | Grupo: TE-TLV FIJA NORTE,189,4,189,TE-ADD-LGC-TOLVAS AZUFRE,TE-ADD-LGC-TOLVAS,TE-ADD-LGC-DES > TE-ADD-LGC-TOLVAS,TE > TE-ADD-LGC-DES BARCAZAS > TE-ADD-LGC-TOLVAS AZUFRE,TE > TE-ADD-LGC-DES BARCAZAS > TE-ADD-LGC-TOLVAS AZUFRE > TE-ADD-TLV-TFN (A Z3),,,,,,,,,,,,,,,,,,,,,,Ningún contenedor supera puntaje mínimo 40.,,,,,,,,,,,,,,,,,,,,,,,,,,,,,,,,,,,,,,,,,,,,,,,,,,,,,,,,,,,,,,,,,,,,,,,,,,,,,,,,,,,,,,,,no se encontró contenedor compatible
sin_contenedor,sin_asociacion,TE-ADD-TLV-TFNA,TOLVA FIJA CHICA NORTE A A Z2 (NORTE) | Grupo: TE-TLV FIJA A Z2,190,4,190,TE-ADD-LGC-TOLVAS AZUFRE,TE-ADD-LGC-TOLVAS,TE-ADD-LGC-DES > TE-ADD-LGC-TOLVAS,TE > TE-ADD-LGC-DES BARCAZAS > TE-ADD-LGC-TOLVAS AZUFRE,TE > TE-ADD-LGC-DES BARCAZAS > TE-ADD-LGC-TOLVAS AZUFRE > TE-ADD-TLV-TFNA (A Z2),,,,,,,,,,,,,,,,,,,,,,Ningún contenedor supera puntaje mínimo 40.,,,,,,,,,,,,,,,,,,,,,,,,,,,,,,,,,,,,,,,,,,,,,,,,,,,,,,,,,,,,,,,,,,,,,,,,,,,,,,,,,,,,,,,,no se encontró contenedor compatible
sin_contenedor,sin_asociacion,TE-ADD-TLV-TFNB,TOLVA FIJA CHICA NORTE B A Z2 (SUR) | Grupo: TE-TLV FIJA A Z2,191,4,191,TE-ADD-LGC-TOLVAS AZUFRE,TE-ADD-LGC-TOLVAS,TE-ADD-LGC-DES > TE-ADD-LGC-TOLVAS,TE > TE-ADD-LGC-DES BARCAZAS > TE-ADD-LGC-TOLVAS AZUFRE,TE > TE-ADD-LGC-DES BARCAZAS > TE-ADD-LGC-TOLVAS AZUFRE > TE-ADD-TLV-TFNB (A Z2),,,,,,,,,,,,,,,,,,,,,,Ningún contenedor supera puntaje mínimo 40.,,,,,,,,,,,,,,,,,,,,,,,,,,,,,,,,,,,,,,,,,,,,,,,,,,,,,,,,,,,,,,,,,,,,,,,,,,,,,,,,,,,,,,,,no se encontró contenedor compatible
sin_contenedor,sin_asociacion,TE-ADD-TLV-TMN,TOLVA MOVIL NORTE DIRECTO A Z2 | Grupo: TE-TLV MOVIL NORTE,192,4,192,TE-ADD-LGC-TOLVAS AZUFRE,TE-ADD-LGC-TOLVAS,TE-ADD-LGC-DES > TE-ADD-LGC-TOLVAS,TE > TE-ADD-LGC-DES BARCAZAS > TE-ADD-LGC-TOLVAS AZUFRE,TE > TE-ADD-LGC-DES BARCAZAS > TE-ADD-LGC-TOLVAS AZUFRE > TE-ADD-TLV-TMN (A Z2),,,,,,,,,,,,,,,,,,,,,,Ningún contenedor supera puntaje mínimo 40.,,,,,,,,,,,,,,,,,,,,,,,,,,,,,,,,,,,,,,,,,,,,,,,,,,,,,,,,,,,,,,,,,,,,,,,,,,,,,,,,,,,,,,,,no se encontró contenedor compatible
sin_contenedor,sin_asociacion,TE-ADD-TLV-TMS,TOLVA MOVIL SUR DIRECTO A Z2 | Grupo: TE-TLV MOVIL SUR,193,4,193,TE-ADD-LGC-TOLVAS AZUFRE,TE-ADD-LGC-TOLVAS,TE-ADD-LGC-DES > TE-ADD-LGC-TOLVAS,TE > TE-ADD-LGC-DES BARCAZAS > TE-ADD-LGC-TOLVAS AZUFRE,TE > TE-ADD-LGC-DES BARCAZAS > TE-ADD-LGC-TOLVAS AZUFRE > TE-ADD-TLV-TMS (A Z2),,,,,,,,,,,,,,,,,,,,,,Ningún contenedor supera puntaje mínimo 40.,,,,,,,,,,,,,,,,,,,,,,,,,,,,,,,,,,,,,,,,,,,,,,,,,,,,,,,,,,,,,,,,,,,,,,,,,,,,,,,,,,,,,,,,no se encontró contenedor compatible
sin_contenedor,sin_asociacion,TE-ADD-TLV-TOLVA,TOLVA FIJA DESCARGA GRUA SENNEBOGEN A Z2 | Grupo: TE-TLV FIJA SENNEGOVEN,194,4,194,TE-ADD-LGC-TOLVAS AZUFRE,TE-ADD-LGC-TOLVAS,TE-ADD-LGC-DES > TE-ADD-LGC-TOLVAS,TE > TE-ADD-LGC-DES BARCAZAS > TE-ADD-LGC-TOLVAS AZUFRE,TE > TE-ADD-LGC-DES BARCAZAS > TE-ADD-LGC-TOLVAS AZUFRE > TE-ADD-TLV-TOLVA MOTORIZADA,,,,,,,,,,,,,,,,,,,,,,Ningún contenedor supera puntaje mínimo 40.,,,,,,,,,,,,,,,,,,,,,,,,,,,,,,,,,,,,,,,,,,,,,,,,,,,,,,,,,,,,,,,,,,,,,,,,,,,,,,,,,,,,,,,,no se encontró contenedor compatible
sin_contenedor,sin_asociacion,TE-ADD-PNT-JUEGO,JUEGO DE PONTONES (CANT 10) | Grupo: TE-JUEGO PONTONES,195,3,195,TE-ADD-LGC-DES BARCAZAS,TE-ADD-LGC-DES,TE-ADD-LGC-DES,TE > TE-ADD-LGC-DES BARCAZAS,TE > TE-ADD-LGC-DES BARCAZAS > TE-ADD-PNT-JUEGO DE PONTONES,,,,,,,,,,,,,,,,,,,,,,Ningún contenedor supera puntaje mínimo 40.,,,,,,,,,,,,,,,,,,,,,,,,,,,,,,,,,,,,,,,,,,,,,,,,,,,,,,,,,,,,,,,,,,,,,,,,,,,,,,,,,,,,,,,,no se encontró contenedor compatible
sin_contenedor,sin_asociacion,TE-ADD-MLC-MM1,MALACATE LADO NORTE MANUAL TIPO TRINQUETA DE PONTONES | Grupo: TE-MALACATE PONTON,196,4,196,TE-ADD-PNT-JUEGO DE PONTONES,TE-ADD-PNT-JUEGO,TE-ADD-LGC-DES > TE-ADD-PNT-JUEGO,TE > TE-ADD-LGC-DES BARCAZAS > TE-ADD-PNT-JUEGO DE PONTONES,TE > TE-ADD-LGC-DES BARCAZAS > TE-ADD-PNT-JUEGO DE PONTONES > TE-ADD-MLC-MM1 (NORTE),,,,,,,,,,,,,,,,,,,,,,Ningún contenedor supera puntaje mínimo 40.,,,,,,,,,,,,,,,,,,,,,,,,,,,,,,,,,,,,,,,,,,,,,,,,,,,,,,,,,,,,,,,,,,,,,,,,,,,,,,,,,,,,,,,,no se encontró contenedor compatible
sin_contenedor,sin_asociacion,TE-ADD-MLC-MM2,MALACATE LADO SUR MANUAL TIPO TRINQUETA DE PONTONES | Grupo: TE-MALACATE PONTON,197,4,197,TE-ADD-PNT-JUEGO DE PONTONES,TE-ADD-PNT-JUEGO,TE-ADD-LGC-DES > TE-ADD-PNT-JUEGO,TE > TE-ADD-LGC-DES BARCAZAS > TE-ADD-PNT-JUEGO DE PONTONES,TE > TE-ADD-LGC-DES BARCAZAS > TE-ADD-PNT-JUEGO DE PONTONES > TE-ADD-MLC-MM2 (SUR),,,,,,,,,,,,,,,,,,,,,,Ningún contenedor supera puntaje mínimo 40.,,,,,,,,,,,,,,,,,,,,,,,,,,,,,,,,,,,,,,,,,,,,,,,,,,,,,,,,,,,,,,,,,,,,,,,,,,,,,,,,,,,,,,,,no se encontró contenedor compatible
sin_contenedor,sin_asociacion,TE-ADD-PRT-PDB1,PERTIGA DESCARGA BARCAZAS 1 | Grupo: TE-PRT PERTIDA PDB1,198,3,198,TE-ADD-LGC-DES BARCAZAS,TE-ADD-LGC-DES,TE-ADD-LGC-DES,TE > TE-ADD-LGC-DES BARCAZAS,TE > TE-ADD-LGC-DES BARCAZAS > TE-ADD-PRT-PDB1 (PERTIGA),,,,,,,,,,,,,,,,,,,,,,Ningún contenedor supera puntaje mínimo 40.,,,,,,,,,,,,,,,,,,,,,,,,,,,,,,,,,,,,,,,,,,,,,,,,,,,,,,,,,,,,,,,,,,,,,,,,,,,,,,,,,,,,,,,,no se encontró contenedor compatible
sin_contenedor,sin_asociacion,TE-ADD-VLV-VDP73/74,CLAPETA DE DESVIO CINTA Z3 A Z4/TOLVAS | Grupo: TE-VLV DESVIO VDP73/74,199,3,199,TE-ADD-LGC-DES BARCAZAS,TE-ADD-LGC-DES,TE-ADD-LGC-DES,TE > TE-ADD-LGC-DES BARCAZAS,TE > TE-ADD-LGC-DES BARCAZAS > TE-ADD-VLV-VDP73/74,,,,,,,,,,,,,,,,,,,,,,Ningún contenedor supera puntaje mínimo 40.,,,,,,,,,,,,,,,,,,,,,,,,,,,,,,,,,,,,,,,,,,,,,,,,,,,,,,,,,,,,,,,,,,,,,,,,,,,,,,,,,,,,,,,,no se encontró contenedor compatible
sin_contenedor,sin_asociacion,TE-ADD-VLV-VPBE3,VALVULA POS-BALANZA DE RECEPCION NRO3 | Grupo: TE-VLV GUILLOTINA VPBE3,200,3,200,TE-ADD-LGC-DES BARCAZAS,TE-ADD-LGC-DES,TE-ADD-LGC-DES,TE > TE-ADD-LGC-DES BARCAZAS,TE > TE-ADD-LGC-DES BARCAZAS > TE-ADD-VLV-VPBE3,,,,,,,,,,,,,,,,,,,,,,Ningún contenedor supera puntaje mínimo 40.,,,,,,,,,,,,,,,,,,,,,,,,,,,,,,,,,,,,,,,,,,,,,,,,,,,,,,,,,,,,,,,,,,,,,,,,,,,,,,,,,,,,,,,,no se encontró contenedor compatible
sin_contenedor,sin_asociacion,TE-ADD-VLV-VTT1,VALVULA TOLVA DE TIERRA TT1 | Grupo: TE-VLV GUILLOTINA VTT1,201,3,201,TE-ADD-LGC-DES BARCAZAS,TE-ADD-LGC-DES,TE-ADD-LGC-DES,TE > TE-ADD-LGC-DES BARCAZAS,TE > TE-ADD-LGC-DES BARCAZAS > TE-ADD-VLV-VTT1,,,,,,,,,,,,,,,,,,,,,,Ningún contenedor supera puntaje mínimo 40.,,,,,,,,,,,,,,,,,,,,,,,,,,,,,,,,,,,,,,,,,,,,,,,,,,,,,,,,,,,,,,,,,,,,,,,,,,,,,,,,,,,,,,,,no se encontró contenedor compatible
sin_contenedor,sin_asociacion,TE-ADD-VLV-VTT2,VALVULA TOLVA DE TIERRA TT2 | Grupo: TE-VLV GUILLOTINA VTT2,202,3,202,TE-ADD-LGC-DES BARCAZAS,TE-ADD-LGC-DES,TE-ADD-LGC-DES,TE > TE-ADD-LGC-DES BARCAZAS,TE > TE-ADD-LGC-DES BARCAZAS > TE-ADD-VLV-VTT2,,,,,,,,,,,,,,,,,,,,,,Ningún contenedor supera puntaje mínimo 40.,,,,,,,,,,,,,,,,,,,,,,,,,,,,,,,,,,,,,,,,,,,,,,,,,,,,,,,,,,,,,,,,,,,,,,,,,,,,,,,,,,,,,,,,no se encontró contenedor compatible
sin_contenedor,sin_asociacion,TE-PLY-PLM-CFB630,CARGADOR FRONTAL BOB-CAT S630 | Grupo: TE-PLM BOBCAT S630,203,3,203,TE-ADD-LGC-DES BARCAZAS,TE-ADD-LGC-DES,TE-ADD-LGC-DES,TE > TE-ADD-LGC-DES BARCAZAS,TE > TE-ADD-LGC-DES BARCAZAS > TE-PLY-PLM-CFB630,,,,,,,,,,,,,,,,,,,,,,Ningún contenedor supera puntaje mínimo 40.,,,,,,,,,,,,,,,,,,,,,,,,,,,,,,,,,,,,,,,,,,,,,,,,,,,,,,,,,,,,,,,,,,,,,,,,,,,,,,,,,,,,,,,,no se encontró contenedor compatible
sin_contenedor,sin_asociacion,TE-PLY-PLM-CFBS850-2,CARGADOR FRONTAL BOB-CAT S850 BARCAZAS | Grupo: TE-PLM BOBCAT S850 BARC,204,3,204,TE-ADD-LGC-DES BARCAZAS,TE-ADD-LGC-DES,TE-ADD-LGC-DES,TE > TE-ADD-LGC-DES BARCAZAS,TE > TE-ADD-LGC-DES BARCAZAS > TE-PLY-PLM-CFBS850-2,,,,,,,,,,,,,,,,,,,,,,Ningún contenedor supera puntaje mínimo 40.,,,,,,,,,,,,,,,,,,,,,,,,,,,,,,,,,,,,,,,,,,,,,,,,,,,,,,,,,,,,,,,,,,,,,,,,,,,,,,,,,,,,,,,,no se encontró contenedor compatible
sin_contenedor,sin_asociacion,TE-ALM-CRR-CTCSC4,CARRO CINTA SOBRE CELDA 4 | Grupo: TE-CRR CARRO CTCSC4,215,2,215,TE,,,TE,TE > TE-ALM-CRR-CTCSC4,,,,,,,,,,,,,,,,,,,,,,force_ancestor_container: ningún ancestro de Project coincide con el export Revit (campos BTZ/Mark/Comments/path).,force_ancestor_sin_contenedor,,,,,,force_ancestor_container: sin_ancestro_en_modelo,,,,,,,,,,,,,,,,,,,,,,,,,,,,,,,,,,,,,,,,,,,,,,,,,,,,,,,,,,,,,,,,,,,,,,,,,,,,,,,,,no se encontró contenedor compatible
sin_contenedor,sin_asociacion,TE-ALM-LGC-ALMACENAJE(CELDAS,ALMACENAJE (CELDAS) | Grupo: TE-SECTOR,281,2,281,TE,,,TE,TE > TE-ALM-LGC-ALMACENAJE(CELDAS),,,,,,,,,,,,,,,,,,,,,,force_ancestor_container: ningún ancestro de Project coincide con el export Revit (campos BTZ/Mark/Comments/path).,force_ancestor_sin_contenedor,,,,,,force_ancestor_container: sin_ancestro_en_modelo,,,,,,,,,,,,,,,,,,,,,,,,,,,,,,,,,,,,,,,,,,,,,,,,,,,,,,,,,,,,,,,,,,,,,,,,,,,,,,,,,no se encontró contenedor compatible
sin_contenedor,sin_asociacion,TE-TNL-VNT-IA1,INYECCION DE AIRE CBC1 SUR | Grupo: TE-VNT VENTILADOR IA1,316,4,316,TE-ALM-CLD-CELDA 1,TE-ALM-CLD-CELDA,TE-ALM-LGC-ALMACENAJE(CELDAS > TE-ALM-CLD-CELDA,TE > TE-ALM-LGC-ALMACENAJE(CELDAS) > TE-ALM-CLD-CELDA 1,TE > TE-ALM-LGC-ALMACENAJE(CELDAS) > TE-ALM-CLD-CELDA 1 > TE-TNL-VNT-IA1,,,,,,,,,,,,,,,,,,,,,,Ningún contenedor supera puntaje mínimo 40.,,,,,,,,,,,,,,,,,,,,,,,,,,,,,,,,,,,,,,,,,,,,,,,,,,,,,,,,,,,,,,,,,,,,,,,,,,,,,,,,,,,,,,,,no se encontró contenedor compatible
sin_contenedor,sin_asociacion,TE-TNL-VNT-IA2,INYECCION DE AIRE CBC2 NORTE | Grupo: TE-VNT VENTILADOR IA2,346,4,346,TE-ALM-CLD-CELDA 2,TE-ALM-CLD-CELDA,TE-ALM-LGC-ALMACENAJE(CELDAS > TE-ALM-CLD-CELDA,TE > TE-ALM-LGC-ALMACENAJE(CELDAS) > TE-ALM-CLD-CELDA 2,TE > TE-ALM-LGC-ALMACENAJE(CELDAS) > TE-ALM-CLD-CELDA 2 > TE-TNL-VNT-IA2,,,,,,,,,,,,,,,,,,,,,,Ningún contenedor supera puntaje mínimo 40.,,,,,,,,,,,,,,,,,,,,,,,,,,,,,,,,,,,,,,,,,,,,,,,,,,,,,,,,,,,,,,,,,,,,,,,,,,,,,,,,,,,,,,,,no se encontró contenedor compatible
sin_contenedor,sin_asociacion,TE-TNL-VNT-IA3,INYECCION DE AIRE DE CBC3 NORTE | Grupo: TE-VNT VENTILADOR IA3,398,5,398,TE-TNL-CNT-CBC3,TE-TNL-CNT-CBC3,TE-ALM-LGC-ALMACENAJE(CELDAS > TE-ALM-CLD-CELDA > TE-TNL-CNT-CBC3,TE > TE-ALM-LGC-ALMACENAJE(CELDAS) > TE-ALM-CLD-CELDA 3 > TE-TNL-CNT-CBC3,TE > TE-ALM-LGC-ALMACENAJE(CELDAS) > TE-ALM-CLD-CELDA 3 > TE-TNL-CNT-CBC3 > TE-TNL-VNT-IA3,,,,,,,,,,,,,,,,,,,,,,Ningún contenedor supera puntaje mínimo 40.,,,,,,,,,,,,,,,,,,,,,,,,,,,,,,,,,,,,,,,,,,,,,,,,,,,,,,,,,,,,,,,,,,,,,,,,,,,,,,,,,,,,,,,,no se encontró contenedor compatible
sin_contenedor,sin_asociacion,TE-TNL-VNT-IA4,INYECCION DE AIRE CBS4 SUR | Grupo: TE-VNT VENTILADOR IA4,477,5,477,TE-TNL-CNT-CBC4 C10,TE-TNL-CNT-CBC4,TE-ALM-LGC-ALMACENAJE(CELDAS > TE-ALM-CLD-CELDA > TE-TNL-CNT-CBC4,TE > TE-ALM-LGC-ALMACENAJE(CELDAS) > TE-ALM-CLD-CELDA 4 > TE-TNL-CNT-CBC4 C10,TE > TE-ALM-LGC-ALMACENAJE(CELDAS) > TE-ALM-CLD-CELDA 4 > TE-TNL-CNT-CBC4 C10 > TE-TNL-VNT-IA4,,,,,,,,,,,,,,,,,,,,,,Ningún contenedor supera puntaje mínimo 40.,,,,,,,,,,,,,,,,,,,,,,,,,,,,,,,,,,,,,,,,,,,,,,,,,,,,,,,,,,,,,,,,,,,,,,,,,,,,,,,,,,,,,,,,no se encontró contenedor compatible
sin_contenedor,sin_asociacion,TE-TNL-VLV-P27,VALVULA P27 CARGA DE CBS4 A EL5 | Grupo: TE-VLV GUILLOTINA P27,494,5,494,TE-TNL-CNT-CBS4,TE-TNL-CNT-CBS4,TE-ALM-LGC-ALMACENAJE(CELDAS > TE-ALM-SLO-SILO > TE-TNL-CNT-CBS4,TE > TE-ALM-LGC-ALMACENAJE(CELDAS) > TE-ALM-SLO-SILO 4 > TE-TNL-CNT-CBS4,TE > TE-ALM-LGC-ALMACENAJE(CELDAS) > TE-ALM-SLO-SILO 4 > TE-TNL-CNT-CBS4 > TE-TNL-VLV-P27,,,,,,,,,,,,,,,,,,,,,,Ningún contenedor supera puntaje mínimo 40.,,,,,,,,,,,,,,,,,,,,,,,,,,,,,,,,,,,,,,,,,,,,,,,,,,,,,,,,,,,,,,,,,,,,,,,,,,,,,,,,,,,,,,,,no se encontró contenedor compatible
sin_contenedor,sin_asociacion,TE-TNL-VLV-P28,VALVULA P28 CARGA DE CBS4 A CR3 | Grupo: TE-VLV GUILLOTINA P28,495,5,495,TE-TNL-CNT-CBS4,TE-TNL-CNT-CBS4,TE-ALM-LGC-ALMACENAJE(CELDAS > TE-ALM-SLO-SILO > TE-TNL-CNT-CBS4,TE > TE-ALM-LGC-ALMACENAJE(CELDAS) > TE-ALM-SLO-SILO 4 > TE-TNL-CNT-CBS4,TE > TE-ALM-LGC-ALMACENAJE(CELDAS) > TE-ALM-SLO-SILO 4 > TE-TNL-CNT-CBS4 > TE-TNL-VLV-P28,,,,,,,,,,,,,,,,,,,,,,Ningún contenedor supera puntaje mínimo 40.,,,,,,,,,,,,,,,,,,,,,,,,,,,,,,,,,,,,,,,,,,,,,,,,,,,,,,,,,,,,,,,,,,,,,,,,,,,,,,,,,,,,,,,,no se encontró contenedor compatible
sin_contenedor,sin_asociacion,TE-ALM-LGC-RECEPCION,RECEPCION DE SUBPRODUCTO DE PLANTA | Grupo: TE-SECTOR,507,2,507,TE,,,TE,TE > TE-ALM-LGC-RECEPCION,,,,,,,,,,,,,,,,,,,,,,force_ancestor_container: ningún ancestro de Project coincide con el export Revit (campos BTZ/Mark/Comments/path).,force_ancestor_sin_contenedor,,,,,,force_ancestor_container: sin_ancestro_en_modelo,,,,,,,,,,,,,,,,,,,,,,,,,,,,,,,,,,,,,,,,,,,,,,,,,,,,,,,,,,,,,,,,,,,,,,,,,,,,,,,,,no se encontró contenedor compatible
sin_contenedor,sin_asociacion,TE-TNL-CNT-CR0,CINTA RECEPCION CR0 | Grupo: TE-CNT CR0,508,3,508,TE-ALM-LGC-RECEPCION,TE-ALM-LGC-RECEPCION,TE-ALM-LGC-RECEPCION,TE > TE-ALM-LGC-RECEPCION,TE > TE-ALM-LGC-RECEPCION > TE-TNL-CNT-CR0,,,,,,,,,,,,,,,,,,,,,,force_ancestor_container: ningún ancestro de Project coincide con el export Revit (campos BTZ/Mark/Comments/path).,force_ancestor_sin_contenedor,,,,,,force_ancestor_container: sin_ancestro_en_modelo,,,,,,,,,,,,,,,,,,,,,,,,,,,,,,,,,,,,,,,,,,,,,,,,,,,,,,,,,,,,,,,,,,,,,,,,,,,,,,,,,no se encontró contenedor compatible
sin_contenedor,sin_asociacion,TE-ALM-VLV-P31,VALVULA P31 DESCARGA DE CR0 A EL1 Y EL2 | Grupo: TE-VLV P31,509,4,509,TE-TNL-CNT-CR0,TE-TNL-CNT-CR0,TE-ALM-LGC-RECEPCION > TE-TNL-CNT-CR0,TE > TE-ALM-LGC-RECEPCION > TE-TNL-CNT-CR0,TE > TE-ALM-LGC-RECEPCION > TE-TNL-CNT-CR0 > TE-ALM-VLV-P31,,,,,,,,,,,,,,,,,,,,,,force_ancestor_container: ningún ancestro de Project coincide con el export Revit (campos BTZ/Mark/Comments/path).,force_ancestor_sin_contenedor,,,,,,force_ancestor_container: sin_ancestro_en_modelo,,,,,,,,,,,,,,,,,,,,,,,,,,,,,,,,,,,,,,,,,,,,,,,,,,,,,,,,,,,,,,,,,,,,,,,,,,,,,,,,,no se encontró contenedor compatible
sin_contenedor,sin_asociacion,TE-ALM-VLV-P32,VALVULA P32 DESCARGA DE CR0 A EL3 | Grupo: TE-VLV P32,510,4,510,TE-TNL-CNT-CR0,TE-TNL-CNT-CR0,TE-ALM-LGC-RECEPCION > TE-TNL-CNT-CR0,TE > TE-ALM-LGC-RECEPCION > TE-TNL-CNT-CR0,TE > TE-ALM-LGC-RECEPCION > TE-TNL-CNT-CR0 > TE-ALM-VLV-P32,,,,,,,,,,,,,,,,,,,,,,force_ancestor_container: ningún ancestro de Project coincide con el export Revit (campos BTZ/Mark/Comments/path).,force_ancestor_sin_contenedor,,,,,,force_ancestor_container: sin_ancestro_en_modelo,,,,,,,,,,,,,,,,,,,,,,,,,,,,,,,,,,,,,,,,,,,,,,,,,,,,,,,,,,,,,,,,,,,,,,,,,,,,,,,,,no se encontró contenedor compatible
sin_contenedor,sin_asociacion,TE-TNL-CNT-CR1,CINTA RECEPCION CR1 | Grupo: TE-CNT CR1,511,3,511,TE-ALM-LGC-RECEPCION,TE-ALM-LGC-RECEPCION,TE-ALM-LGC-RECEPCION,TE > TE-ALM-LGC-RECEPCION,TE > TE-ALM-LGC-RECEPCION > TE-TNL-CNT-CR1,,,,,,,,,,,,,,,,,,,,,,force_ancestor_container: ningún ancestro de Project coincide con el export Revit (campos BTZ/Mark/Comments/path).,force_ancestor_sin_contenedor,,,,,,force_ancestor_container: sin_ancestro_en_modelo,,,,,,,,,,,,,,,,,,,,,,,,,,,,,,,,,,,,,,,,,,,,,,,,,,,,,,,,,,,,,,,,,,,,,,,,,,,,,,,,,no se encontró contenedor compatible
sin_contenedor,sin_asociacion,TE-ALM-VLV-P81,VALVULA P81 DESCARGA DE CR1 A EL1 | Grupo: TE-VLV P81,512,4,512,TE-TNL-CNT-CR1,TE-TNL-CNT-CR1,TE-ALM-LGC-RECEPCION > TE-TNL-CNT-CR1,TE > TE-ALM-LGC-RECEPCION > TE-TNL-CNT-CR1,TE > TE-ALM-LGC-RECEPCION > TE-TNL-CNT-CR1 > TE-ALM-VLV-P81,,,,,,,,,,,,,,,,,,,,,,force_ancestor_container: ningún ancestro de Project coincide con el export Revit (campos BTZ/Mark/Comments/path).,force_ancestor_sin_contenedor,,,,,,force_ancestor_container: sin_ancestro_en_modelo,,,,,,,,,,,,,,,,,,,,,,,,,,,,,,,,,,,,,,,,,,,,,,,,,,,,,,,,,,,,,,,,,,,,,,,,,,,,,,,,,no se encontró contenedor compatible
sin_contenedor,sin_asociacion,TE-ALM-VLV-P82,VALVULA P82 DESCARGA DE CR1 A EL2 | Grupo: TE-VLV P82,513,4,513,TE-TNL-CNT-CR1,TE-TNL-CNT-CR1,TE-ALM-LGC-RECEPCION > TE-TNL-CNT-CR1,TE > TE-ALM-LGC-RECEPCION > TE-TNL-CNT-CR1,TE > TE-ALM-LGC-RECEPCION > TE-TNL-CNT-CR1 > TE-ALM-VLV-P82,,,,,,,,,,,,,,,,,,,,,,force_ancestor_container: ningún ancestro de Project coincide con el export Revit (campos BTZ/Mark/Comments/path).,force_ancestor_sin_contenedor,,,,,,force_ancestor_container: sin_ancestro_en_modelo,,,,,,,,,,,,,,,,,,,,,,,,,,,,,,,,,,,,,,,,,,,,,,,,,,,,,,,,,,,,,,,,,,,,,,,,,,,,,,,,,no se encontró contenedor compatible
sin_contenedor,sin_asociacion,TE-TNL-VNT-IA5,INYECCION DE AIRE CR1 Y CR2 LADO ESTE | Grupo: TE-VNT VENTILADOR IA5,514,4,514,TE-TNL-CNT-CR1,TE-TNL-CNT-CR1,TE-ALM-LGC-RECEPCION > TE-TNL-CNT-CR1,TE > TE-ALM-LGC-RECEPCION > TE-TNL-CNT-CR1,TE > TE-ALM-LGC-RECEPCION > TE-TNL-CNT-CR1 > TE-TNL-VNT-IA5,,,,,,,,,,,,,,,,,,,,,,Ningún contenedor supera puntaje mínimo 40.,,,,,,,,,,,,,,,,,,,,,,,,,,,,,,,,,,,,,,,,,,,,,,,,,,,,,,,,,,,,,,,,,,,,,,,,,,,,,,,,,,,,,,,,no se encontró contenedor compatible
sin_contenedor,sin_asociacion,TE-TNL-CNT-CR2,CINTA RECEPCION CR2 | Grupo: TE-CNT CR2,515,3,515,TE-ALM-LGC-RECEPCION,TE-ALM-LGC-RECEPCION,TE-ALM-LGC-RECEPCION,TE > TE-ALM-LGC-RECEPCION,TE > TE-ALM-LGC-RECEPCION > TE-TNL-CNT-CR2,,,,,,,,,,,,,,,,,,,,,,force_ancestor_container: ningún ancestro de Project coincide con el export Revit (campos BTZ/Mark/Comments/path).,force_ancestor_sin_contenedor,,,,,,force_ancestor_container: sin_ancestro_en_modelo,,,,,,,,,,,,,,,,,,,,,,,,,,,,,,,,,,,,,,,,,,,,,,,,,,,,,,,,,,,,,,,,,,,,,,,,,,,,,,,,,no se encontró contenedor compatible
sin_contenedor,sin_asociacion,TE-ALM-VLV-P51,VALVULA P51 DESCARGA DE CR2 A EL1 | Grupo: TE-VLV P51,516,4,516,TE-TNL-CNT-CR2,TE-TNL-CNT-CR2,TE-ALM-LGC-RECEPCION > TE-TNL-CNT-CR2,TE > TE-ALM-LGC-RECEPCION > TE-TNL-CNT-CR2,TE > TE-ALM-LGC-RECEPCION > TE-TNL-CNT-CR2 > TE-ALM-VLV-P51,,,,,,,,,,,,,,,,,,,,,,force_ancestor_container: ningún ancestro de Project coincide con el export Revit (campos BTZ/Mark/Comments/path).,force_ancestor_sin_contenedor,,,,,,force_ancestor_container: sin_ancestro_en_modelo,,,,,,,,,,,,,,,,,,,,,,,,,,,,,,,,,,,,,,,,,,,,,,,,,,,,,,,,,,,,,,,,,,,,,,,,,,,,,,,,,no se encontró contenedor compatible
sin_contenedor,sin_asociacion,TE-ALM-VLV-P52,VALVULA P52 DESCARGA DE CR2 A EL2 | Grupo: TE-VLV P52,517,4,517,TE-TNL-CNT-CR2,TE-TNL-CNT-CR2,TE-ALM-LGC-RECEPCION > TE-TNL-CNT-CR2,TE > TE-ALM-LGC-RECEPCION > TE-TNL-CNT-CR2,TE > TE-ALM-LGC-RECEPCION > TE-TNL-CNT-CR2 > TE-ALM-VLV-P52,,,,,,,,,,,,,,,,,,,,,,force_ancestor_container: ningún ancestro de Project coincide con el export Revit (campos BTZ/Mark/Comments/path).,force_ancestor_sin_contenedor,,,,,,force_ancestor_container: sin_ancestro_en_modelo,,,,,,,,,,,,,,,,,,,,,,,,,,,,,,,,,,,,,,,,,,,,,,,,,,,,,,,,,,,,,,,,,,,,,,,,,,,,,,,,,no se encontró contenedor compatible
sin_contenedor,sin_asociacion,TE-TNL-CNT-CR3,CINTA RECEPCION CR3 | Grupo: TE-CNT CR3,518,3,518,TE-ALM-LGC-RECEPCION,TE-ALM-LGC-RECEPCION,TE-ALM-LGC-RECEPCION,TE > TE-ALM-LGC-RECEPCION,TE > TE-ALM-LGC-RECEPCION > TE-TNL-CNT-CR3,,,,,,,,,,,,,,,,,,,,,,force_ancestor_container: ningún ancestro de Project coincide con el export Revit (campos BTZ/Mark/Comments/path).,force_ancestor_sin_contenedor,,,,,,force_ancestor_container: sin_ancestro_en_modelo,,,,,,,,,,,,,,,,,,,,,,,,,,,,,,,,,,,,,,,,,,,,,,,,,,,,,,,,,,,,,,,,,,,,,,,,,,,,,,,,,no se encontró contenedor compatible
sin_contenedor,sin_asociacion,TE-TNL-CNT-CR4,CINTA RECEPCION CR4 | Grupo: TE-CNT CR4,519,3,519,TE-ALM-LGC-RECEPCION,TE-ALM-LGC-RECEPCION,TE-ALM-LGC-RECEPCION,TE > TE-ALM-LGC-RECEPCION,TE > TE-ALM-LGC-RECEPCION > TE-TNL-CNT-CR4,,,,,,,,,,,,,,,,,,,,,,force_ancestor_container: ningún ancestro de Project coincide con el export Revit (campos BTZ/Mark/Comments/path).,force_ancestor_sin_contenedor,,,,,,force_ancestor_container: sin_ancestro_en_modelo,,,,,,,,,,,,,,,,,,,,,,,,,,,,,,,,,,,,,,,,,,,,,,,,,,,,,,,,,,,,,,,,,,,,,,,,,,,,,,,,,no se encontró contenedor compatible
sin_contenedor,sin_asociacion,TE-ALM-VLV-P17,VALVULA P17 DESCARGA DE CR4 A CR2 | Grupo: TE-VLV P17,520,4,520,TE-TNL-CNT-CR4,TE-TNL-CNT-CR4,TE-ALM-LGC-RECEPCION > TE-TNL-CNT-CR4,TE > TE-ALM-LGC-RECEPCION > TE-TNL-CNT-CR4,TE > TE-ALM-LGC-RECEPCION > TE-TNL-CNT-CR4 > TE-ALM-VLV-P17,,,,,,,,,,,,,,,,,,,,,,force_ancestor_container: ningún ancestro de Project coincide con el export Revit (campos BTZ/Mark/Comments/path).,force_ancestor_sin_contenedor,,,,,,force_ancestor_container: sin_ancestro_en_modelo,,,,,,,,,,,,,,,,,,,,,,,,,,,,,,,,,,,,,,,,,,,,,,,,,,,,,,,,,,,,,,,,,,,,,,,,,,,,,,,,,no se encontró contenedor compatible
sin_contenedor,sin_asociacion,TE-ALM-VLV-P18,VALVULA P18 DESCARGA DE CR4 A CR1 | Grupo: TE-VLV P18,521,4,521,TE-TNL-CNT-CR4,TE-TNL-CNT-CR4,TE-ALM-LGC-RECEPCION > TE-TNL-CNT-CR4,TE > TE-ALM-LGC-RECEPCION > TE-TNL-CNT-CR4,TE > TE-ALM-LGC-RECEPCION > TE-TNL-CNT-CR4 > TE-ALM-VLV-P18,,,,,,,,,,,,,,,,,,,,,,force_ancestor_container: ningún ancestro de Project coincide con el export Revit (campos BTZ/Mark/Comments/path).,force_ancestor_sin_contenedor,,,,,,force_ancestor_container: sin_ancestro_en_modelo,,,,,,,,,,,,,,,,,,,,,,,,,,,,,,,,,,,,,,,,,,,,,,,,,,,,,,,,,,,,,,,,,,,,,,,,,,,,,,,,,no se encontró contenedor compatible
sin_contenedor,sin_asociacion,TE-TNL-VLV-VDP17,VALVULA VDP17 DE DESVIO DE CR4 A CR2 | Grupo: TE-VLV GUILLOTINA VDP17,522,4,522,TE-TNL-CNT-CR4,TE-TNL-CNT-CR4,TE-ALM-LGC-RECEPCION > TE-TNL-CNT-CR4,TE > TE-ALM-LGC-RECEPCION > TE-TNL-CNT-CR4,TE > TE-ALM-LGC-RECEPCION > TE-TNL-CNT-CR4 > TE-TNL-VLV-VDP17,,,,,,,,,,,,,,,,,,,,,,Ningún contenedor supera puntaje mínimo 40.,,,,,,,,,,,,,,,,,,,,,,,,,,,,,,,,,,,,,,,,,,,,,,,,,,,,,,,,,,,,,,,,,,,,,,,,,,,,,,,,,,,,,,,,no se encontró contenedor compatible
sin_contenedor,sin_asociacion,TE-TNL-VLV-VDP18,VALVULA VDP18 DE DESVIO DE CR4 A CR1 | Grupo: TE-VLV GUILLOTINA VDP18,523,4,523,TE-TNL-CNT-CR4,TE-TNL-CNT-CR4,TE-ALM-LGC-RECEPCION > TE-TNL-CNT-CR4,TE > TE-ALM-LGC-RECEPCION > TE-TNL-CNT-CR4,TE > TE-ALM-LGC-RECEPCION > TE-TNL-CNT-CR4 > TE-TNL-VLV-VDP18,,,,,,,,,,,,,,,,,,,,,,Ningún contenedor supera puntaje mínimo 40.,,,,,,,,,,,,,,,,,,,,,,,,,,,,,,,,,,,,,,,,,,,,,,,,,,,,,,,,,,,,,,,,,,,,,,,,,,,,,,,,,,,,,,,,no se encontró contenedor compatible
sin_contenedor,sin_asociacion,TE-TNL-CNT-CR6,CINTA RECEPCION CR6 | Grupo: TE-CNT CR6,524,3,524,TE-ALM-LGC-RECEPCION,TE-ALM-LGC-RECEPCION,TE-ALM-LGC-RECEPCION,TE > TE-ALM-LGC-RECEPCION,TE > TE-ALM-LGC-RECEPCION > TE-TNL-CNT-CR6,,,,,,,,,,,,,,,,,,,,,,force_ancestor_container: ningún ancestro de Project coincide con el export Revit (campos BTZ/Mark/Comments/path).,force_ancestor_sin_contenedor,,,,,,force_ancestor_container: sin_ancestro_en_modelo,,,,,,,,,,,,,,,,,,,,,,,,,,,,,,,,,,,,,,,,,,,,,,,,,,,,,,,,,,,,,,,,,,,,,,,,,,,,,,,,,no se encontró contenedor compatible
sin_contenedor,sin_asociacion,TE-TNL-ASP-ACR6,ASPIRACION CINTA CR6 | Grupo: TE-ASP ASPIRACION CR6,525,4,525,TE-TNL-CNT-CR6,TE-TNL-CNT-CR6,TE-ALM-LGC-RECEPCION > TE-TNL-CNT-CR6,TE > TE-ALM-LGC-RECEPCION > TE-TNL-CNT-CR6,TE > TE-ALM-LGC-RECEPCION > TE-TNL-CNT-CR6 > TE-TNL-ASP-ACR6,,,,,,,,,,,,,,,,,,,,,,Ningún contenedor supera puntaje mínimo 40.,,,,,,,,,,,,,,,,,,,,,,,,,,,,,,,,,,,,,,,,,,,,,,,,,,,,,,,,,,,,,,,,,,,,,,,,,,,,,,,,,,,,,,,,no se encontró contenedor compatible
sin_contenedor,sin_asociacion,TE-TNL-VLV-P29,VALVULA P29 CARGA DE CR6 A CR4 | Grupo: TE-VLV GUILLOTINA P29,526,4,526,TE-TNL-CNT-CR6,TE-TNL-CNT-CR6,TE-ALM-LGC-RECEPCION > TE-TNL-CNT-CR6,TE > TE-ALM-LGC-RECEPCION > TE-TNL-CNT-CR6,TE > TE-ALM-LGC-RECEPCION > TE-TNL-CNT-CR6 > TE-TNL-VLV-P29,,,,,,,,,,,,,,,,,,,,,,Ningún contenedor supera puntaje mínimo 40.,,,,,,,,,,,,,,,,,,,,,,,,,,,,,,,,,,,,,,,,,,,,,,,,,,,,,,,,,,,,,,,,,,,,,,,,,,,,,,,,,,,,,,,,no se encontró contenedor compatible
sin_contenedor,sin_asociacion,TE-TNL-VLV-P30,VALVULA P30 DE CARGA CR6 A CR3 | Grupo: TE-VLV GUILLOTINA P30,527,4,527,TE-TNL-CNT-CR6,TE-TNL-CNT-CR6,TE-ALM-LGC-RECEPCION > TE-TNL-CNT-CR6,TE > TE-ALM-LGC-RECEPCION > TE-TNL-CNT-CR6,TE > TE-ALM-LGC-RECEPCION > TE-TNL-CNT-CR6 > TE-TNL-VLV-P30,,,,,,,,,,,,,,,,,,,,,,Ningún contenedor supera puntaje mínimo 40.,,,,,,,,,,,,,,,,,,,,,,,,,,,,,,,,,,,,,,,,,,,,,,,,,,,,,,,,,,,,,,,,,,,,,,,,,,,,,,,,,,,,,,,,no se encontró contenedor compatible
sin_contenedor,sin_asociacion,TE-TNL-VNT-IA6,INYECCION DE AIRE CR6 OESTE | Grupo: TE-VNT VENTILADOR IA6,528,4,528,TE-TNL-CNT-CR6,TE-TNL-CNT-CR6,TE-ALM-LGC-RECEPCION > TE-TNL-CNT-CR6,TE > TE-ALM-LGC-RECEPCION > TE-TNL-CNT-CR6,TE > TE-ALM-LGC-RECEPCION > TE-TNL-CNT-CR6 > TE-TNL-VNT-IA6,,,,,,,,,,,,,,,,,,,,,,Ningún contenedor supera puntaje mínimo 40.,,,,,,,,,,,,,,,,,,,,,,,,,,,,,,,,,,,,,,,,,,,,,,,,,,,,,,,,,,,,,,,,,,,,,,,,,,,,,,,,,,,,,,,,no se encontró contenedor compatible
sin_contenedor,sin_asociacion,TE-DCC-SIS-ASP,"ASPIRACION TUNEL CR3 CR4 (Ubicación lateral norte de Centrales Hidráulicas de Volcables, entre PV1 y PV5) | Grupo: TE-ASPIRACION TUNEL CR3-CR4",532,3,532,TE-DDC-LGC-DESCARGA CAMIONES,TE-DDC-LGC-DESCARGA,TE-DDC-LGC-DESCARGA,TE > TE-DDC-LGC-DESCARGA CAMIONES,TE > TE-DDC-LGC-DESCARGA CAMIONES > TE-DCC-SIS-ASP. TUNEL CR3-CR4,,,,,,,,,,,,,,,,,,,,,,Ningún contenedor supera puntaje mínimo 40.,,,,,,,,,,,,,,,,,,,,,,,,,,,,,,,,,,,,,,,,,,,,,,,,,,,,,,,,,,,,,,,,,,,,,,,,,,,,,,,,,,,,,,,,no se encontró contenedor compatible
sin_contenedor,sin_asociacion,TE-DCC-SIS-ASPIR,TE-DDC-SIS-ASPIRACION BOOSTER PV (Ubicación entre PV1 y PV5) | Grupo: TE-ASPIRACION BOOSTER PV,539,4,539,TE-DDC-LGC-PLAT. VOLCABLES,TE-DDC-LGC-PLAT,TE-DDC-LGC-DESCARGA > TE-DDC-LGC-PLAT,TE > TE-DDC-LGC-DESCARGA CAMIONES > TE-DDC-LGC-PLAT. VOLCABLES,TE > TE-DDC-LGC-DESCARGA CAMIONES > TE-DDC-LGC-PLAT. VOLCABLES > TE-DCC-SIS-ASPIR. BOOSTER PV,,,,,,,,,,,,,,,,,,,,,,Ningún contenedor supera puntaje mínimo 40.,,,,,,,,,,,,,,,,,,,,,,,,,,,,,,,,,,,,,,,,,,,,,,,,,,,,,,,,,,,,,,,,,,,,,,,,,,,,,,,,,,,,,,,,no se encontró contenedor compatible
sin_contenedor,sin_asociacion,TE-TRF-TRF-CZERWENY-1600KVA,TRAFO NRO2 1600 KVA TORRE DE MANIPULEO | Grupo: TE-TRF CZERWENY-1600KVA,617,4,617,TE-TRF-LGC-TRAFOS,TE-TRF-LGC-TRAFOS,TE-ELE-LGC-EQUIPOS > TE-TRF-LGC-TRAFOS,TE > TE-ELE-LGC-EQUIPOS ELECTRICOS > TE-TRF-LGC-TRAFOS,TE > TE-ELE-LGC-EQUIPOS ELECTRICOS > TE-TRF-LGC-TRAFOS > TE-TRF-TRF-CZERWENY-1600KVA,,,,,,,,,,,,,,,,,,,,,,Ningún contenedor supera puntaje mínimo 40.,,,,,,,,,,,,,,,,,,,,,,,,,,,,,,,,,,,,,,,,,,,,,,,,,,,,,,,,,,,,,,,,,,,,,,,,,,,,,,,,,,,,,,,,no se encontró contenedor compatible
sin_contenedor,sin_asociacion,TE-TRF-TRF-CZERWENY-3000KVA,"TRAFO DE ENTRADA NRO1 3000 KVA -93844 33 / 6,6 KV | Grupo: TE-TRF CZERWENY-3000KVA",618,4,618,TE-TRF-LGC-TRAFOS,TE-TRF-LGC-TRAFOS,TE-ELE-LGC-EQUIPOS > TE-TRF-LGC-TRAFOS,TE > TE-ELE-LGC-EQUIPOS ELECTRICOS > TE-TRF-LGC-TRAFOS,TE > TE-ELE-LGC-EQUIPOS ELECTRICOS > TE-TRF-LGC-TRAFOS > TE-TRF-TRF-CZERWENY-3000KVA,,,,,,,,,,,,,,,,,,,,,,Ningún contenedor supera puntaje mínimo 40.,,,,,,,,,,,,,,,,,,,,,,,,,,,,,,,,,,,,,,,,,,,,,,,,,,,,,,,,,,,,,,,,,,,,,,,,,,,,,,,,,,,,,,,,no se encontró contenedor compatible
sin_contenedor,sin_asociacion,TE-TRF-TRF-N.RIVERA-2500KVA,"TRAFO SUR DE 2500 KVA 1574 AA 6,6 / 0,38 KV | Grupo: TE-TRF- N.RIVERA-2500KVA",619,4,619,TE-TRF-LGC-TRAFOS,TE-TRF-LGC-TRAFOS,TE-ELE-LGC-EQUIPOS > TE-TRF-LGC-TRAFOS,TE > TE-ELE-LGC-EQUIPOS ELECTRICOS > TE-TRF-LGC-TRAFOS,TE > TE-ELE-LGC-EQUIPOS ELECTRICOS > TE-TRF-LGC-TRAFOS > TE-TRF-TRF-N.RIVERA-2500KVA,,,,,,,,,,,,,,,,,,,,,,Ningún contenedor supera puntaje mínimo 40.,,,,,,,,,,,,,,,,,,,,,,,,,,,,,,,,,,,,,,,,,,,,,,,,,,,,,,,,,,,,,,,,,,,,,,,,,,,,,,,,,,,,,,,,no se encontró contenedor compatible
sin_contenedor,sin_asociacion,TE-AGR-PLM-924K2,PALA MECANICA 924K Nº2 KW401288 CATERPILLAR | Grupo: TE-PLM 924K,731,3,731,TE-PLY-LGC-SECTOR PLAYA,TE-PLY-LGC-SECTOR,TE-PLY-LGC-SECTOR,TE > TE-PLY-LGC-SECTOR PLAYA,TE > TE-PLY-LGC-SECTOR PLAYA > TE-AGR-PLM-924K2,,,,,,,,,,,,,,,,,,,,,,Ningún contenedor supera puntaje mínimo 40.,,,,,,,,,,,,,,,,,,,,,,,,,,,,,,,,,,,,,,,,,,,,,,,,,,,,,,,,,,,,,,,,,,,,,,,,,,,,,,,,,,,,,,,,no se encontró contenedor compatible
sin_contenedor,sin_asociacion,TE-PLY-BLN-LECITNA,BALANZA DE CAMIONES CARGA DE LECITINA | Grupo: TE-BLN CAMIONES LEC,732,3,732,TE-PLY-LGC-SECTOR PLAYA,TE-PLY-LGC-SECTOR,TE-PLY-LGC-SECTOR,TE > TE-PLY-LGC-SECTOR PLAYA,TE > TE-PLY-LGC-SECTOR PLAYA > TE-PLY-BLN-LECITNA,,,,,,,,,,,,,,,,,,,,,,Ningún contenedor supera puntaje mínimo 40.,,,,,,,,,,,,,,,,,,,,,,,,,,,,,,,,,,,,,,,,,,,,,,,,,,,,,,,,,,,,,,,,,,,,,,,,,,,,,,,,,,,,,,,,no se encontró contenedor compatible
sin_contenedor,sin_asociacion,TE-PLY-BRR-ACC,SISTEMA DE BARRERAS AUTOMATICAS DE PORTERIA T EMB | Grupo: TE-BRR BARRERA PORTERIA,733,3,733,TE-PLY-LGC-SECTOR PLAYA,TE-PLY-LGC-SECTOR,TE-PLY-LGC-SECTOR,TE > TE-PLY-LGC-SECTOR PLAYA,TE > TE-PLY-LGC-SECTOR PLAYA > TE-PLY-BRR-ACC,,,,,,,,,,,,,,,,,,,,,,Ningún contenedor supera puntaje mínimo 40.,,,,,,,,,,,,,,,,,,,,,,,,,,,,,,,,,,,,,,,,,,,,,,,,,,,,,,,,,,,,,,,,,,,,,,,,,,,,,,,,,,,,,,,,no se encontró contenedor compatible
sin_contenedor,sin_asociacion,TE-PLY-CNL-CANAL,CANAL PLUVIAL LADO NORTE (COMPLETO) | Grupo: TE-CANAL PLUVIAL,736,4,736,TE-PLY-LGC-CANALES PLUVIALES,TE-PLY-LGC-CANALES,TE-PLY-LGC-SECTOR > TE-PLY-LGC-CANALES,TE > TE-PLY-LGC-SECTOR PLAYA > TE-PLY-LGC-CANALES PLUVIALES,TE > TE-PLY-LGC-SECTOR PLAYA > TE-PLY-LGC-CANALES PLUVIALES > TE-PLY-CNL-CANAL PLUVIAL NORTE,,,,,,,,,,,,,,,,,,,,,,Código repetido en Project 2 veces. Ningún contenedor supera puntaje mínimo 40.,,,,,,,,,,,,,,,,,,,,,,,,,,,,,,,,,,,,,,,,,,,,,,,,,,,,,,,,,,,,,,,,,,,,,,,,,,,,,,,,,,,,,,,,no se encontró contenedor compatible
sin_contenedor,sin_asociacion,TE-PLY-VLV-CLAP,CLAPETA EN CANAL NORTE PARA EL DESVÍO AL CANAL NORTE INTERMEDIO | Grupo: TE-VALVULA PLUVIAL,737,5,737,TE-PLY-CNL-CANAL PLUVIAL NORTE,TE-PLY-CNL-CANAL,TE-PLY-LGC-SECTOR > TE-PLY-LGC-CANALES > TE-PLY-CNL-CANAL,TE > TE-PLY-LGC-SECTOR PLAYA > TE-PLY-LGC-CANALES PLUVIALES > TE-PLY-CNL-CANAL PLUVIAL NORTE,TE > TE-PLY-LGC-SECTOR PLAYA > TE-PLY-LGC-CANALES PLUVIALES > TE-PLY-CNL-CANAL PLUVIAL NORTE > TE-PLY-VLV-CLAP  DESVIO CNORTE,,,,,,,,,,,,,,,,,,,,,,Código repetido en Project 3 veces. Ningún contenedor supera puntaje mínimo 40.,,,,,,,,,,,,,,,,,,,,,,,,,,,,,,,,,,,,,,,,,,,,,,,,,,,,,,,,,,,,,,,,,,,,,,,,,,,,,,,,,,,,,,,,no se encontró contenedor compatible
sin_contenedor,sin_asociacion,TE-PLY-VLV-VALV,VÁLVULA AL FINAL DE CANAL NORTE | Grupo: TE-VALVULA PLUVIAL,739,5,739,TE-PLY-CNL-CANAL PLUVIAL NORTE,TE-PLY-CNL-CANAL,TE-PLY-LGC-SECTOR > TE-PLY-LGC-CANALES > TE-PLY-CNL-CANAL,TE > TE-PLY-LGC-SECTOR PLAYA > TE-PLY-LGC-CANALES PLUVIALES > TE-PLY-CNL-CANAL PLUVIAL NORTE,TE > TE-PLY-LGC-SECTOR PLAYA > TE-PLY-LGC-CANALES PLUVIALES > TE-PLY-CNL-CANAL PLUVIAL NORTE > TE-PLY-VLV-VALV FINAL CNORTE,,,,,,,,,,,,,,,,,,,,,,Código repetido en Project 4 veces. Ningún contenedor supera puntaje mínimo 40.,,,,,,,,,,,,,,,,,,,,,,,,,,,,,,,,,,,,,,,,,,,,,,,,,,,,,,,,,,,,,,,,,,,,,,,,,,,,,,,,,,,,,,,,no se encontró contenedor compatible
sin_contenedor,sin_asociacion,TE-PLY-PLM-CFBS850,CARGADOR FRONTAL BOB-CAT S850 PLAYA | Grupo: TE-PLM BOBCAT S850 PLY,749,3,749,TE-PLY-LGC-SECTOR PLAYA,TE-PLY-LGC-SECTOR,TE-PLY-LGC-SECTOR,TE > TE-PLY-LGC-SECTOR PLAYA,TE > TE-PLY-LGC-SECTOR PLAYA > TE-PLY-PLM-CFBS850,,,,,,,,,,,,,,,,,,,,,,Ningún contenedor supera puntaje mínimo 40.,,,,,,,,,,,,,,,,,,,,,,,,,,,,,,,,,,,,,,,,,,,,,,,,,,,,,,,,,,,,,,,,,,,,,,,,,,,,,,,,,,,,,,,,no se encontró contenedor compatible
