element_id_contenedor,unique_id_contenedor,btz_path_contenedor,codigo_project,descripcion_project,slots_libres,cantidad_hijos_asignados,motivo_omision
282997,a027b4da-4e9c-44ad-b607-5fb48d4c7061-00045175,P10 > P10-EXT-LGC-EXTRACCION > P10-EXT-LGC-DESGOMADO,P10-EXT-VLV-SOV426,VALVULA ENTRADA DE AGUA A WESTFALIA,27,28,asociado_por_csv_externo_supera_slots_btz
367888,460ebebf-e4ee-449a-900c-ab33de4c697f-00059d10,P10 > P10-HRN-LGC-HARINA > P10-HRN-ENF-EG01,P10-HRN-VLV-VR27,VALV. ROT. 27 (VE34),27,78,asociado_por_csv_externo_supera_slots_btz
367888,460ebebf-e4ee-449a-900c-ab33de4c697f-00059d10,P10 > P10-HRN-LGC-HARINA > P10-HRN-ENF-EG01,P10-HRN-VNT-VE39,VTF AEROTERMOS ENFR.EG01,27,78,asociado_por_csv_externo_supera_slots_btz
367888,460ebebf-e4ee-449a-900c-ab33de4c697f-00059d10,P10 > P10-HRN-LGC-HARINA > P10-HRN-ENF-EG01,P10-HRN-ART-ARTVE39,AEROTERMO DE VENTILADOR VE39,27,78,asociado_por_csv_externo_supera_slots_btz
367888,460ebebf-e4ee-449a-900c-ab33de4c697f-00059d10,P10 > P10-HRN-LGC-HARINA > P10-HRN-ENF-EG01,P10-HRN-VNT-VE40,VTF AEROTERMOS ENFR.EG01,27,78,asociado_por_csv_externo_supera_slots_btz
367888,460ebebf-e4ee-449a-900c-ab33de4c697f-00059d10,P10 > P10-HRN-LGC-HARINA > P10-HRN-ENF-EG01,P10-HRN-ART-ARTVE40,AEROTERMO DE VENTILADOR VE40,27,78,asociado_por_csv_externo_supera_slots_btz
367888,460ebebf-e4ee-449a-900c-ab33de4c697f-00059d10,P10 > P10-HRN-LGC-HARINA > P10-HRN-ENF-EG01,P10-HRN-VNT-VE41,VTF AEROTERMOS ENFR.EG01,27,78,asociado_por_csv_externo_supera_slots_btz
367888,460ebebf-e4ee-449a-900c-ab33de4c697f-00059d10,P10 > P10-HRN-LGC-HARINA > P10-HRN-ENF-EG01,P10-HRN-ART-ARTVE41,AEROTERMO DE VENTILADOR VE41,27,78,asociado_por_csv_externo_supera_slots_btz
367888,460ebebf-e4ee-449a-900c-ab33de4c697f-00059d10,P10 > P10-HRN-LGC-HARINA > P10-HRN-ENF-EG01,P10-HRN-VNT-VE42,VTF AEROTERMOS ENFR.EG01,27,78,asociado_por_csv_externo_supera_slots_btz
367888,460ebebf-e4ee-449a-900c-ab33de4c697f-00059d10,P10 > P10-HRN-LGC-HARINA > P10-HRN-ENF-EG01,P10-HRN-ART-ARTVE42,AEROTERMO DE VENTILADOR VE42,27,78,asociado_por_csv_externo_supera_slots_btz
367888,460ebebf-e4ee-449a-900c-ab33de4c697f-00059d10,P10 > P10-HRN-LGC-HARINA > P10-HRN-ENF-EG01,P10-HRN-VNT-VE43,VTF AEROTERMOS ENFR.EG01,27,78,asociado_por_csv_externo_supera_slots_btz
367888,460ebebf-e4ee-449a-900c-ab33de4c697f-00059d10,P10 > P10-HRN-LGC-HARINA > P10-HRN-ENF-EG01,P10-HRN-ART-ARTVE43,AEROTERMO DE VENTILADOR VE43,27,78,asociado_por_csv_externo_supera_slots_btz
367888,460ebebf-e4ee-449a-900c-ab33de4c697f-00059d10,P10 > P10-HRN-LGC-HARINA > P10-HRN-ENF-EG01,P10-HRN-VNT-VE44,VTF AEROTERMOS ENFR.EG01,27,78,asociado_por_csv_externo_supera_slots_btz
367888,460ebebf-e4ee-449a-900c-ab33de4c697f-00059d10,P10 > P10-HRN-LGC-HARINA > P10-HRN-ENF-EG01,P10-HRN-ART-ARTVE44,AEROTERMO DE VENTILADOR VE44,27,78,asociado_por_csv_externo_supera_slots_btz
367888,460ebebf-e4ee-449a-900c-ab33de4c697f-00059d10,P10 > P10-HRN-LGC-HARINA > P10-HRN-ENF-EG01,P10-HRN-VNT-VE45,VTF AEROTERMOS ENFR.EG01,27,78,asociado_por_csv_externo_supera_slots_btz
367888,460ebebf-e4ee-449a-900c-ab33de4c697f-00059d10,P10 > P10-HRN-LGC-HARINA > P10-HRN-ENF-EG01,P10-HRN-ART-ARTVE45,AEROTERMO DE VENTILADOR VE45,27,78,asociado_por_csv_externo_supera_slots_btz
367888,460ebebf-e4ee-449a-900c-ab33de4c697f-00059d10,P10 > P10-HRN-LGC-HARINA > P10-HRN-ENF-EG01,P10-HRN-VNT-VE46,VTF AEROTERMOS ENFR.EG01,27,78,asociado_por_csv_externo_supera_slots_btz
367888,460ebebf-e4ee-449a-900c-ab33de4c697f-00059d10,P10 > P10-HRN-LGC-HARINA > P10-HRN-ENF-EG01,P10-HRN-ART-ARTVE46,AEROTERMO DE VENTILADOR VE46,27,78,asociado_por_csv_externo_supera_slots_btz
367888,460ebebf-e4ee-449a-900c-ab33de4c697f-00059d10,P10 > P10-HRN-LGC-HARINA > P10-HRN-ENF-EG01,P10-HRN-VNT-VE47,VTF AEROTERMOS ENFR.EG01,27,78,asociado_por_csv_externo_supera_slots_btz
367888,460ebebf-e4ee-449a-900c-ab33de4c697f-00059d10,P10 > P10-HRN-LGC-HARINA > P10-HRN-ENF-EG01,P10-HRN-ART-ARTVE47,AEROTERMO DE VENTILADOR VE47,27,78,asociado_por_csv_externo_supera_slots_btz
367888,460ebebf-e4ee-449a-900c-ab33de4c697f-00059d10,P10 > P10-HRN-LGC-HARINA > P10-HRN-ENF-EG01,P10-HRN-VNT-VE48,VTF AEROTERMOS ENFR.EG01,27,78,asociado_por_csv_externo_supera_slots_btz
367888,460ebebf-e4ee-449a-900c-ab33de4c697f-00059d10,P10 > P10-HRN-LGC-HARINA > P10-HRN-ENF-EG01,P10-HRN-ART-ARTVE48,AEROTERMO DE VENTILADOR VE48,27,78,asociado_por_csv_externo_supera_slots_btz
367888,460ebebf-e4ee-449a-900c-ab33de4c697f-00059d10,P10 > P10-HRN-LGC-HARINA > P10-HRN-ENF-EG01,P10-HRN-VNT-VE49,VTF AEROTERMOS ENFR.EG01,27,78,asociado_por_csv_externo_supera_slots_btz
367888,460ebebf-e4ee-449a-900c-ab33de4c697f-00059d10,P10 > P10-HRN-LGC-HARINA > P10-HRN-ENF-EG01,P10-HRN-ART-ARTVE49,AEROTERMO DE VENTILADOR VE49,27,78,asociado_por_csv_externo_supera_slots_btz
367888,460ebebf-e4ee-449a-900c-ab33de4c697f-00059d10,P10 > P10-HRN-LGC-HARINA > P10-HRN-ENF-EG01,P10-HRN-VNT-VE50,VTF AEROTERMOS ENFR.EG01,27,78,asociado_por_csv_externo_supera_slots_btz
367888,460ebebf-e4ee-449a-900c-ab33de4c697f-00059d10,P10 > P10-HRN-LGC-HARINA > P10-HRN-ENF-EG01,P10-HRN-ART-ARTVE50,AEROTERMO DE VENTILADOR VE50,27,78,asociado_por_csv_externo_supera_slots_btz
367888,460ebebf-e4ee-449a-900c-ab33de4c697f-00059d10,P10 > P10-HRN-LGC-HARINA > P10-HRN-ENF-EG01,P10-HRN-VNT-VE51,VTF AEROTERMOS ENFR.EG01,27,78,asociado_por_csv_externo_supera_slots_btz
367888,460ebebf-e4ee-449a-900c-ab33de4c697f-00059d10,P10 > P10-HRN-LGC-HARINA > P10-HRN-ENF-EG01,P10-HRN-ART-ARTVE51,AEROTERMO DE VENTILADOR VE51,27,78,asociado_por_csv_externo_supera_slots_btz
367888,460ebebf-e4ee-449a-900c-ab33de4c697f-00059d10,P10 > P10-HRN-LGC-HARINA > P10-HRN-ENF-EG01,P10-HRN-VNT-VE52,VTF AEROTERMOS ENFR.EG01,27,78,asociado_por_csv_externo_supera_slots_btz
367888,460ebebf-e4ee-449a-900c-ab33de4c697f-00059d10,P10 > P10-HRN-LGC-HARINA > P10-HRN-ENF-EG01,P10-HRN-ART-ARTVE52,AEROTERMO DE VENTILADOR VE52,27,78,asociado_por_csv_externo_supera_slots_btz
367888,460ebebf-e4ee-449a-900c-ab33de4c697f-00059d10,P10 > P10-HRN-LGC-HARINA > P10-HRN-ENF-EG01,P10-HRN-VNT-VE53,VTF AEROTERMOS ENFR.EG01,27,78,asociado_por_csv_externo_supera_slots_btz
367888,460ebebf-e4ee-449a-900c-ab33de4c697f-00059d10,P10 > P10-HRN-LGC-HARINA > P10-HRN-ENF-EG01,P10-HRN-ART-ARTVE53,AEROTERMO DE VENTILADOR VE53,27,78,asociado_por_csv_externo_supera_slots_btz
367888,460ebebf-e4ee-449a-900c-ab33de4c697f-00059d10,P10 > P10-HRN-LGC-HARINA > P10-HRN-ENF-EG01,P10-HRN-VNT-VE54,VTF AEROTERMOS ENFR.EG01,27,78,asociado_por_csv_externo_supera_slots_btz
367888,460ebebf-e4ee-449a-900c-ab33de4c697f-00059d10,P10 > P10-HRN-LGC-HARINA > P10-HRN-ENF-EG01,P10-HRN-ART-ARTVE54,AEROTERMO DE VENTILADOR VE54,27,78,asociado_por_csv_externo_supera_slots_btz
367888,460ebebf-e4ee-449a-900c-ab33de4c697f-00059d10,P10 > P10-HRN-LGC-HARINA > P10-HRN-ENF-EG01,P10-HRN-VNT-VE55,VTF AEROTERMOS ENFR.EG01,27,78,asociado_por_csv_externo_supera_slots_btz
367888,460ebebf-e4ee-449a-900c-ab33de4c697f-00059d10,P10 > P10-HRN-LGC-HARINA > P10-HRN-ENF-EG01,P10-HRN-ART-ARTVE55,AEROTERMO DE VENTILADOR VE55,27,78,asociado_por_csv_externo_supera_slots_btz
367888,460ebebf-e4ee-449a-900c-ab33de4c697f-00059d10,P10 > P10-HRN-LGC-HARINA > P10-HRN-ENF-EG01,P10-HRN-VNT-VE56,VTF AEROTERMOS ENFR.EG01,27,78,asociado_por_csv_externo_supera_slots_btz
367888,460ebebf-e4ee-449a-900c-ab33de4c697f-00059d10,P10 > P10-HRN-LGC-HARINA > P10-HRN-ENF-EG01,P10-HRN-ART-ARTVE56,AEROTERMO DE VENTILADOR VE56,27,78,asociado_por_csv_externo_supera_slots_btz
367888,460ebebf-e4ee-449a-900c-ab33de4c697f-00059d10,P10 > P10-HRN-LGC-HARINA > P10-HRN-ENF-EG01,P10-HRN-VNT-VE57,VTF AEROTERMOS ENFR.EG01,27,78,asociado_por_csv_externo_supera_slots_btz
367888,460ebebf-e4ee-449a-900c-ab33de4c697f-00059d10,P10 > P10-HRN-LGC-HARINA > P10-HRN-ENF-EG01,P10-HRN-ART-ARTVE57,AEROTERMO DE VENTILADOR VE57,27,78,asociado_por_csv_externo_supera_slots_btz
367888,460ebebf-e4ee-449a-900c-ab33de4c697f-00059d10,P10 > P10-HRN-LGC-HARINA > P10-HRN-ENF-EG01,P10-HRN-VNT-VE58,VTF AEROTERMOS ENFR.EG01,27,78,asociado_por_csv_externo_supera_slots_btz
367888,460ebebf-e4ee-449a-900c-ab33de4c697f-00059d10,P10 > P10-HRN-LGC-HARINA > P10-HRN-ENF-EG01,P10-HRN-ART-ARTVE58,AEROTERMO DE VENTILADOR VE58,27,78,asociado_por_csv_externo_supera_slots_btz
367888,460ebebf-e4ee-449a-900c-ab33de4c697f-00059d10,P10 > P10-HRN-LGC-HARINA > P10-HRN-ENF-EG01,P10-HRN-VNT-VE59,VTF AEROTERMOS ENFR.EG01,27,78,asociado_por_csv_externo_supera_slots_btz
367888,460ebebf-e4ee-449a-900c-ab33de4c697f-00059d10,P10 > P10-HRN-LGC-HARINA > P10-HRN-ENF-EG01,P10-HRN-ART-ARTVE59,AEROTERMO DE VENTILADOR VE59,27,78,asociado_por_csv_externo_supera_slots_btz
367888,460ebebf-e4ee-449a-900c-ab33de4c697f-00059d10,P10 > P10-HRN-LGC-HARINA > P10-HRN-ENF-EG01,P10-HRN-VNT-VE60,VTF AEROTERMOS ENFR.EG01,27,78,asociado_por_csv_externo_supera_slots_btz
367888,460ebebf-e4ee-449a-900c-ab33de4c697f-00059d10,P10 > P10-HRN-LGC-HARINA > P10-HRN-ENF-EG01,P10-HRN-ART-ARTVE60,AEROTERMO DE VENTILADOR VE60,27,78,asociado_por_csv_externo_supera_slots_btz
367888,460ebebf-e4ee-449a-900c-ab33de4c697f-00059d10,P10 > P10-HRN-LGC-HARINA > P10-HRN-ENF-EG01,P10-HRN-VNT-VE61,VTF AEROTERMOS ENFR.EG01,27,78,asociado_por_csv_externo_supera_slots_btz
367888,460ebebf-e4ee-449a-900c-ab33de4c697f-00059d10,P10 > P10-HRN-LGC-HARINA > P10-HRN-ENF-EG01,P10-HRN-ART-ARTVE61,AEROTERMO DE VENTILADOR VE61,27,78,asociado_por_csv_externo_supera_slots_btz
367888,460ebebf-e4ee-449a-900c-ab33de4c697f-00059d10,P10 > P10-HRN-LGC-HARINA > P10-HRN-ENF-EG01,P10-HRN-VNT-VE62,VTF AEROTERMOS ENFR.EG01,27,78,asociado_por_csv_externo_supera_slots_btz
367888,460ebebf-e4ee-449a-900c-ab33de4c697f-00059d10,P10 > P10-HRN-LGC-HARINA > P10-HRN-ENF-EG01,P10-HRN-ART-ARTVE62,AEROTERMO DE VENTILADOR VE62,27,78,asociado_por_csv_externo_supera_slots_btz
367888,460ebebf-e4ee-449a-900c-ab33de4c697f-00059d10,P10 > P10-HRN-LGC-HARINA > P10-HRN-ENF-EG01,P10-HRN-VNT-VE63,VTF AEROTERMOS ENFR.EG01,27,78,asociado_por_csv_externo_supera_slots_btz
367888,460ebebf-e4ee-449a-900c-ab33de4c697f-00059d10,P10 > P10-HRN-LGC-HARINA > P10-HRN-ENF-EG01,P10-HRN-ART-ARTVE63,AEROTERMO DE VENTILADOR VE63,27,78,asociado_por_csv_externo_supera_slots_btz
281220,a027b4da-4e9c-44ad-b607-5fb48d4c7061-00044a84,P10 > P10-PRP-LGC-PREPARACION > P10-PRP-LGC-EXPANDIDO,P10-PRP-VNT-VRA02,VENTIALDOR RECIRCULACION ACEITE EXPANDER E02,27,49,asociado_por_csv_externo_supera_slots_btz
281220,a027b4da-4e9c-44ad-b607-5fb48d4c7061-00044a84,P10 > P10-PRP-LGC-PREPARACION > P10-PRP-LGC-EXPANDIDO,P10-PRP-EXP-E03,EXPANDER E03,27,49,asociado_por_csv_externo_supera_slots_btz
281220,a027b4da-4e9c-44ad-b607-5fb48d4c7061-00044a84,P10 > P10-PRP-LGC-PREPARACION > P10-PRP-LGC-EXPANDIDO,P10-PRP-ALM-AE03,ALIM. EXPANDER E03,27,49,asociado_por_csv_externo_supera_slots_btz
281220,a027b4da-4e9c-44ad-b607-5fb48d4c7061-00044a84,P10 > P10-PRP-LGC-PREPARACION > P10-PRP-LGC-EXPANDIDO,P10-PRP-BMB-EBLI03,BOMBA ACEITE LUBR. RODAM.,27,49,asociado_por_csv_externo_supera_slots_btz
281220,a027b4da-4e9c-44ad-b607-5fb48d4c7061-00044a84,P10 > P10-PRP-LGC-PREPARACION > P10-PRP-LGC-EXPANDIDO,P10-PRP-BMB-EBLE03,BOMBA ACEITE REFRIGERACION REDUCTOR E03,27,49,asociado_por_csv_externo_supera_slots_btz
281220,a027b4da-4e9c-44ad-b607-5fb48d4c7061-00044a84,P10 > P10-PRP-LGC-PREPARACION > P10-PRP-LGC-EXPANDIDO,P10-PRP-VNT-VRA03,VENTIALDOR RECIRCULACION ACEITE EXPANDER E03,27,49,asociado_por_csv_externo_supera_slots_btz
281220,a027b4da-4e9c-44ad-b607-5fb48d4c7061-00044a84,P10 > P10-PRP-LGC-PREPARACION > P10-PRP-LGC-EXPANDIDO,P10-PRP-EXP-E04,EXPANDER E04,27,49,asociado_por_csv_externo_supera_slots_btz
281220,a027b4da-4e9c-44ad-b607-5fb48d4c7061-00044a84,P10 > P10-PRP-LGC-PREPARACION > P10-PRP-LGC-EXPANDIDO,P10-PRP-ALM-AE04,ALIM. EXPANDER E04,27,49,asociado_por_csv_externo_supera_slots_btz
281220,a027b4da-4e9c-44ad-b607-5fb48d4c7061-00044a84,P10 > P10-PRP-LGC-PREPARACION > P10-PRP-LGC-EXPANDIDO,P10-PRP-BMB-EBLI04,BOMBA ACEITE LUBR. RODAM.,27,49,asociado_por_csv_externo_supera_slots_btz
281220,a027b4da-4e9c-44ad-b607-5fb48d4c7061-00044a84,P10 > P10-PRP-LGC-PREPARACION > P10-PRP-LGC-EXPANDIDO,P10-PRP-BMB-EBLE04,BOMBA ACEITE REFRIGERACION REDUCTOR E04,27,49,asociado_por_csv_externo_supera_slots_btz
281220,a027b4da-4e9c-44ad-b607-5fb48d4c7061-00044a84,P10 > P10-PRP-LGC-PREPARACION > P10-PRP-LGC-EXPANDIDO,P10-PRP-VNT-VRA04,VENTIALDOR RECIRCULACION ACEITE EXPANDER E04,27,49,asociado_por_csv_externo_supera_slots_btz
281220,a027b4da-4e9c-44ad-b607-5fb48d4c7061-00044a84,P10 > P10-PRP-LGC-PREPARACION > P10-PRP-LGC-EXPANDIDO,P10-PRP-EXP-E05,EXPANDER E05,27,49,asociado_por_csv_externo_supera_slots_btz
281220,a027b4da-4e9c-44ad-b607-5fb48d4c7061-00044a84,P10 > P10-PRP-LGC-PREPARACION > P10-PRP-LGC-EXPANDIDO,P10-PRP-ALM-AE05,ALIM. EXPANDER E05,27,49,asociado_por_csv_externo_supera_slots_btz
281220,a027b4da-4e9c-44ad-b607-5fb48d4c7061-00044a84,P10 > P10-PRP-LGC-PREPARACION > P10-PRP-LGC-EXPANDIDO,P10-PRP-BMB-EBLI05,BOMBA ACEITE LUBR. RODAM.,27,49,asociado_por_csv_externo_supera_slots_btz
281220,a027b4da-4e9c-44ad-b607-5fb48d4c7061-00044a84,P10 > P10-PRP-LGC-PREPARACION > P10-PRP-LGC-EXPANDIDO,P10-PRP-BMB-EBLE05,BOMBA ACEITE REFRIGERACION REDUCTOR E05,27,49,asociado_por_csv_externo_supera_slots_btz
281220,a027b4da-4e9c-44ad-b607-5fb48d4c7061-00044a84,P10 > P10-PRP-LGC-PREPARACION > P10-PRP-LGC-EXPANDIDO,P10-PRP-VNT-VRA05,VENTIALDOR RECIRCULACION ACEITE EXPANDER E05,27,49,asociado_por_csv_externo_supera_slots_btz
281220,a027b4da-4e9c-44ad-b607-5fb48d4c7061-00044a84,P10 > P10-PRP-LGC-PREPARACION > P10-PRP-LGC-EXPANDIDO,P10-PRP-EXP-E06,EXPANDER E06,27,49,asociado_por_csv_externo_supera_slots_btz
281220,a027b4da-4e9c-44ad-b607-5fb48d4c7061-00044a84,P10 > P10-PRP-LGC-PREPARACION > P10-PRP-LGC-EXPANDIDO,P10-PRP-ALM-AE06,ALIM. EXPANDER E06,27,49,asociado_por_csv_externo_supera_slots_btz
281220,a027b4da-4e9c-44ad-b607-5fb48d4c7061-00044a84,P10 > P10-PRP-LGC-PREPARACION > P10-PRP-LGC-EXPANDIDO,P10-PRP-BMB-EBLI06,BOMBA ACEITE LUBR. RODAM.,27,49,asociado_por_csv_externo_supera_slots_btz
281220,a027b4da-4e9c-44ad-b607-5fb48d4c7061-00044a84,P10 > P10-PRP-LGC-PREPARACION > P10-PRP-LGC-EXPANDIDO,P10-PRP-BMB-EBLE06,BOMBA ACEITE REFRIGERACION REDUCTOR E06,27,49,asociado_por_csv_externo_supera_slots_btz
281220,a027b4da-4e9c-44ad-b607-5fb48d4c7061-00044a84,P10 > P10-PRP-LGC-PREPARACION > P10-PRP-LGC-EXPANDIDO,P10-PRP-VNT-VRA06,VENTIALDOR RECIRCULACION ACEITE EXPANDER E06,27,49,asociado_por_csv_externo_supera_slots_btz
281220,a027b4da-4e9c-44ad-b607-5fb48d4c7061-00044a84,P10 > P10-PRP-LGC-PREPARACION > P10-PRP-LGC-EXPANDIDO,P10-PRP-RSC-SF10,SIN FIN DE FINOS ENFRIADORES EXPANDIDO,27,49,asociado_por_csv_externo_supera_slots_btz
281343,a027b4da-4e9c-44ad-b607-5fb48d4c7061-00044aff,P10 > P10-PRP-LGC-PREPARACION > P10-PRP-LGC-LAMINADORES,P10-PRP-LMN-L11,LAMINADOR L11 LINEA 1 LADO OESTE,27,61,asociado_por_csv_externo_supera_slots_btz
281343,a027b4da-4e9c-44ad-b607-5fb48d4c7061-00044aff,P10 > P10-PRP-LGC-PREPARACION > P10-PRP-LGC-LAMINADORES,P10-PRP-ALM-AL11,ALIM. LAMINADOR L11,27,61,asociado_por_csv_externo_supera_slots_btz
281343,a027b4da-4e9c-44ad-b607-5fb48d4c7061-00044aff,P10 > P10-PRP-LGC-PREPARACION > P10-PRP-LGC-LAMINADORES,P10-PRP-LMN-L12,LAMINADOR L12 LINEA 2 LADO ESTE,27,61,asociado_por_csv_externo_supera_slots_btz
281343,a027b4da-4e9c-44ad-b607-5fb48d4c7061-00044aff,P10 > P10-PRP-LGC-PREPARACION > P10-PRP-LGC-LAMINADORES,P10-PRP-ALM-AL12,ALIM. LAMINADOR L12,27,61,asociado_por_csv_externo_supera_slots_btz
281343,a027b4da-4e9c-44ad-b607-5fb48d4c7061-00044aff,P10 > P10-PRP-LGC-PREPARACION > P10-PRP-LGC-LAMINADORES,P10-PRP-LMN-L13,LAMINADOR L13 LINEA 2,27,61,asociado_por_csv_externo_supera_slots_btz
281343,a027b4da-4e9c-44ad-b607-5fb48d4c7061-00044aff,P10 > P10-PRP-LGC-PREPARACION > P10-PRP-LGC-LAMINADORES,P10-PRP-ALM-AL13,ALIM. LAMINADOR L13,27,61,asociado_por_csv_externo_supera_slots_btz
281343,a027b4da-4e9c-44ad-b607-5fb48d4c7061-00044aff,P10 > P10-PRP-LGC-PREPARACION > P10-PRP-LGC-LAMINADORES,P10-PRP-LMN-L14,LAMINADOR L14 LINEA 2,27,61,asociado_por_csv_externo_supera_slots_btz
281343,a027b4da-4e9c-44ad-b607-5fb48d4c7061-00044aff,P10 > P10-PRP-LGC-PREPARACION > P10-PRP-LGC-LAMINADORES,P10-PRP-ALM-AL14,ALIM. LAMINADOR L14,27,61,asociado_por_csv_externo_supera_slots_btz
281343,a027b4da-4e9c-44ad-b607-5fb48d4c7061-00044aff,P10 > P10-PRP-LGC-PREPARACION > P10-PRP-LGC-LAMINADORES,P10-PRP-LMN-L15,LAMINADOR L15 LINEA 2,27,61,asociado_por_csv_externo_supera_slots_btz
281343,a027b4da-4e9c-44ad-b607-5fb48d4c7061-00044aff,P10 > P10-PRP-LGC-PREPARACION > P10-PRP-LGC-LAMINADORES,P10-PRP-ALM-AL15,ALIM. LAMINADOR L15,27,61,asociado_por_csv_externo_supera_slots_btz
281343,a027b4da-4e9c-44ad-b607-5fb48d4c7061-00044aff,P10 > P10-PRP-LGC-PREPARACION > P10-PRP-LGC-LAMINADORES,P10-PRP-LMN-L16,LAMINADOR L16 LINEA 2,27,61,asociado_por_csv_externo_supera_slots_btz
281343,a027b4da-4e9c-44ad-b607-5fb48d4c7061-00044aff,P10 > P10-PRP-LGC-PREPARACION > P10-PRP-LGC-LAMINADORES,P10-PRP-ALM-AL16,ALIM. LAMINADOR L16,27,61,asociado_por_csv_externo_supera_slots_btz
281343,a027b4da-4e9c-44ad-b607-5fb48d4c7061-00044aff,P10 > P10-PRP-LGC-PREPARACION > P10-PRP-LGC-LAMINADORES,P10-PRP-LMN-L17,LAMINADOR L17 LINEA 2,27,61,asociado_por_csv_externo_supera_slots_btz
281343,a027b4da-4e9c-44ad-b607-5fb48d4c7061-00044aff,P10 > P10-PRP-LGC-PREPARACION > P10-PRP-LGC-LAMINADORES,P10-PRP-ALM-AL17,ALIM. LAMINADOR L17,27,61,asociado_por_csv_externo_supera_slots_btz
281343,a027b4da-4e9c-44ad-b607-5fb48d4c7061-00044aff,P10 > P10-PRP-LGC-PREPARACION > P10-PRP-LGC-LAMINADORES,P10-PRP-LMN-L18,LAMINADOR L18 LINEA 2,27,61,asociado_por_csv_externo_supera_slots_btz
281343,a027b4da-4e9c-44ad-b607-5fb48d4c7061-00044aff,P10 > P10-PRP-LGC-PREPARACION > P10-PRP-LGC-LAMINADORES,P10-PRP-ALM-AL18,ALIM. LAMINADOR L18,27,61,asociado_por_csv_externo_supera_slots_btz
281343,a027b4da-4e9c-44ad-b607-5fb48d4c7061-00044aff,P10 > P10-PRP-LGC-PREPARACION > P10-PRP-LGC-LAMINADORES,P10-PRP-LMN-L19,LAMINADOR L19 LINEA 2,27,61,asociado_por_csv_externo_supera_slots_btz
281343,a027b4da-4e9c-44ad-b607-5fb48d4c7061-00044aff,P10 > P10-PRP-LGC-PREPARACION > P10-PRP-LGC-LAMINADORES,P10-PRP-ALM-AL19,ALIM. LAMINADOR L19,27,61,asociado_por_csv_externo_supera_slots_btz
281343,a027b4da-4e9c-44ad-b607-5fb48d4c7061-00044aff,P10 > P10-PRP-LGC-PREPARACION > P10-PRP-LGC-LAMINADORES,P10-PRP-LMN-L20,LAMINADOR L20 LINEA 2,27,61,asociado_por_csv_externo_supera_slots_btz
281343,a027b4da-4e9c-44ad-b607-5fb48d4c7061-00044aff,P10 > P10-PRP-LGC-PREPARACION > P10-PRP-LGC-LAMINADORES,P10-PRP-ALM-AL20,ALIM. LAMINADOR L20,27,61,asociado_por_csv_externo_supera_slots_btz
281343,a027b4da-4e9c-44ad-b607-5fb48d4c7061-00044aff,P10 > P10-PRP-LGC-PREPARACION > P10-PRP-LGC-LAMINADORES,P10-PRP-LMN-L21,LAMINADOR L21 LINEA 2,27,61,asociado_por_csv_externo_supera_slots_btz
281343,a027b4da-4e9c-44ad-b607-5fb48d4c7061-00044aff,P10 > P10-PRP-LGC-PREPARACION > P10-PRP-LGC-LAMINADORES,P10-PRP-ALM-AL21,ALIM. LAMINADOR L21,27,61,asociado_por_csv_externo_supera_slots_btz
281343,a027b4da-4e9c-44ad-b607-5fb48d4c7061-00044aff,P10 > P10-PRP-LGC-PREPARACION > P10-PRP-LGC-LAMINADORES,P10-PRP-LMN-L22,LAMINADOR L22 LINEA 2 LADO OESTE,27,61,asociado_por_csv_externo_supera_slots_btz
281343,a027b4da-4e9c-44ad-b607-5fb48d4c7061-00044aff,P10 > P10-PRP-LGC-PREPARACION > P10-PRP-LGC-LAMINADORES,P10-PRP-ALM-AL22,ALIM. LAMINADOR L22,27,61,asociado_por_csv_externo_supera_slots_btz
281343,a027b4da-4e9c-44ad-b607-5fb48d4c7061-00044aff,P10 > P10-PRP-LGC-PREPARACION > P10-PRP-LGC-LAMINADORES,P10-PRP-RCT-REC01,RECTIFICADORA DE P10 NRO 1,27,61,asociado_por_csv_externo_supera_slots_btz
281343,a027b4da-4e9c-44ad-b607-5fb48d4c7061-00044aff,P10 > P10-PRP-LGC-PREPARACION > P10-PRP-LGC-LAMINADORES,P10-PRP-RCT-REC02,RECTIFICADORA DE P10 NRO 2,27,61,asociado_por_csv_externo_supera_slots_btz
281343,a027b4da-4e9c-44ad-b607-5fb48d4c7061-00044aff,P10 > P10-PRP-LGC-PREPARACION > P10-PRP-LGC-LAMINADORES,P10-PRP-VNT-VE10,VENTILADOR DE ASPIRACION LAMINADORES,27,61,asociado_por_csv_externo_supera_slots_btz
281343,a027b4da-4e9c-44ad-b607-5fb48d4c7061-00044aff,P10 > P10-PRP-LGC-PREPARACION > P10-PRP-LGC-LAMINADORES,P10-PRP-CCL-CVE10,CICLON VENTILADOR DE ASPIRACION LAMINADORES,27,61,asociado_por_csv_externo_supera_slots_btz
281343,a027b4da-4e9c-44ad-b607-5fb48d4c7061-00044aff,P10 > P10-PRP-LGC-PREPARACION > P10-PRP-LGC-LAMINADORES,P10-PRP-RSC-SF12,ROSCA SIN FIN DE LINEA ASP LAMINAD. LADO SUR,27,61,asociado_por_csv_externo_supera_slots_btz
281343,a027b4da-4e9c-44ad-b607-5fb48d4c7061-00044aff,P10 > P10-PRP-LGC-PREPARACION > P10-PRP-LGC-LAMINADORES,P10-PRP-VLV-VR10,VALV ROTATIVA DESCARGA CICLON VE10,27,61,asociado_por_csv_externo_supera_slots_btz
281343,a027b4da-4e9c-44ad-b607-5fb48d4c7061-00044aff,P10 > P10-PRP-LGC-PREPARACION > P10-PRP-LGC-LAMINADORES,P10-PRP-VNT-VE11,VENTILADOR DE ASPIRACION LAMINADORES,27,61,asociado_por_csv_externo_supera_slots_btz
281343,a027b4da-4e9c-44ad-b607-5fb48d4c7061-00044aff,P10 > P10-PRP-LGC-PREPARACION > P10-PRP-LGC-LAMINADORES,P10-PRP-CCL-CVE11,CICLON VENTILADOR DE ASPIRACION LAMINADORES,27,61,asociado_por_csv_externo_supera_slots_btz
281343,a027b4da-4e9c-44ad-b607-5fb48d4c7061-00044aff,P10 > P10-PRP-LGC-PREPARACION > P10-PRP-LGC-LAMINADORES,P10-PRP-RSC-SF13,ROSCA SIN FIN DE LINEA ASP LAMINAD. LADO NORTE,27,61,asociado_por_csv_externo_supera_slots_btz
281343,a027b4da-4e9c-44ad-b607-5fb48d4c7061-00044aff,P10 > P10-PRP-LGC-PREPARACION > P10-PRP-LGC-LAMINADORES,P10-PRP-VLV-VR11,VALV ROTATIVA DESCARGA CICLON VE11,27,61,asociado_por_csv_externo_supera_slots_btz
