fecha,project_xml,planta,element_id,unique_id,parametro,codigo_anterior,codigo_nuevo,estado,mensaje
2026-06-02 10:35:25,C:\Users\Usuario\AppData\Roaming\pyRevit\Extensions\btz.extension\public\project\P10.xml,P10,185694,25d0f85d-57da-4cae-8ca2-9b682363407e-0002d55e,BTZ_Description_04,P10-SRV-LGC-TORRES,,limpiado_duplicado,El código completo ya existía en BTZ_Description_03; se limpió el truncado
2026-06-02 10:35:25,C:\Users\Usuario\AppData\Roaming\pyRevit\Extensions\btz.extension\public\project\P10.xml,P10,185694,25d0f85d-57da-4cae-8ca2-9b682363407e-0002d55e,BTZ_NumeroActivo,P10-SRV-LGC-TORRES,,limpiado_duplicado,El código completo ya existía en BTZ_Description_03; se limpió el truncado
2026-06-02 10:35:25,C:\Users\Usuario\AppData\Roaming\pyRevit\Extensions\btz.extension\public\project\P10.xml,P10,227527,25d0f85d-57da-4cae-8ca2-9b682363407e-000378c7,BTZ_Description_03,P10-SRV-CLD-CMB,P10-SRV-CLD-CMB CALDERA,corregido,Completado desde etiqueta Project XML
2026-06-02 10:35:25,C:\Users\Usuario\AppData\Roaming\pyRevit\Extensions\btz.extension\public\project\P10.xml,P10,227527,25d0f85d-57da-4cae-8ca2-9b682363407e-000378c7,BTZ_Description_13,P10-SRV-CLC-COLECTOR,P10-SRV-CLC-COLECTOR PRINCIPAL,corregido,Completado desde etiqueta Project XML
2026-06-02 10:35:25,C:\Users\Usuario\AppData\Roaming\pyRevit\Extensions\btz.extension\public\project\P10.xml,P10,227527,25d0f85d-57da-4cae-8ca2-9b682363407e-000378c7,BTZ_Description_14,P10-SRV-LGC-VALV,P10-SRV-LGC-VALV CONTROL CLD,corregido,Completado desde etiqueta Project XML
2026-06-02 10:35:25,C:\Users\Usuario\AppData\Roaming\pyRevit\Extensions\btz.extension\public\project\P10.xml,P10,227527,25d0f85d-57da-4cae-8ca2-9b682363407e-000378c7,BTZ_Description_31,P10-SRV-TNQ-TKRESERVA,P10-SRV-TNQ-TKRESERVA CLD,corregido,Completado desde etiqueta Project XML
2026-06-02 10:35:25,C:\Users\Usuario\AppData\Roaming\pyRevit\Extensions\btz.extension\public\project\P10.xml,P10,227527,25d0f85d-57da-4cae-8ca2-9b682363407e-000378c7,BTZ_NumeroActivo,P10-SRV-CLD-CMB,,limpiado_duplicado,El código completo ya existía en BTZ_Description_03; se limpió el truncado
2026-06-02 10:35:25,C:\Users\Usuario\AppData\Roaming\pyRevit\Extensions\btz.extension\public\project\P10.xml,P10,228225,25d0f85d-57da-4cae-8ca2-9b682363407e-00037b81,BTZ_Description_12,P10-ENE-GNR-GENERADOR,P10-ENE-GNR-GENERADOR CUMMI,corregido,Completado desde etiqueta Project XML
2026-06-02 10:35:25,C:\Users\Usuario\AppData\Roaming\pyRevit\Extensions\btz.extension\public\project\P10.xml,P10,282497,a027b4da-4e9c-44ad-b607-5fb48d4c7061-00044f81,BTZ_Description_08,P10-SRA-BMB-DOSIF,P10-SRA-BMB-DOSIF APL,corregido,Completado desde etiqueta Project XML
2026-06-02 10:35:25,C:\Users\Usuario\AppData\Roaming\pyRevit\Extensions\btz.extension\public\project\P10.xml,P10,282497,a027b4da-4e9c-44ad-b607-5fb48d4c7061-00044f81,BTZ_NumeroActivo,P10-EXT-LGC-BMB,,limpiado_duplicado,El código completo ya existía en BTZ_Description_04; se limpió el truncado
2026-06-02 10:35:25,C:\Users\Usuario\AppData\Roaming\pyRevit\Extensions\btz.extension\public\project\P10.xml,P10,282656,a027b4da-4e9c-44ad-b607-5fb48d4c7061-00045020,BTZ_Description_04,P10-EXT-CND-HX303,P10-EXT-CND-HX303 COND DT,corregido,Completado desde etiqueta Project XML
2026-06-02 10:35:25,C:\Users\Usuario\AppData\Roaming\pyRevit\Extensions\btz.extension\public\project\P10.xml,P10,282656,a027b4da-4e9c-44ad-b607-5fb48d4c7061-00045020,BTZ_Description_05,P10-EXT-LGC-VLV,P10-EXT-LGC-VLV SEG DT250,corregido,Completado desde etiqueta Project XML
2026-06-02 10:35:25,C:\Users\Usuario\AppData\Roaming\pyRevit\Extensions\btz.extension\public\project\P10.xml,P10,282656,a027b4da-4e9c-44ad-b607-5fb48d4c7061-00045020,BTZ_Description_12,P10-EXT-TNQ-V480,P10-EXT-TNQ-V480 COND DT,corregido,Completado desde etiqueta Project XML
2026-06-02 10:35:25,C:\Users\Usuario\AppData\Roaming\pyRevit\Extensions\btz.extension\public\project\P10.xml,P10,282656,a027b4da-4e9c-44ad-b607-5fb48d4c7061-00045020,BTZ_Description_16,P10-EXT-TNQ-V262,P10-EXT-TNQ-V262 COND DT,corregido,Completado desde etiqueta Project XML
2026-06-02 10:35:25,C:\Users\Usuario\AppData\Roaming\pyRevit\Extensions\btz.extension\public\project\P10.xml,P10,282656,a027b4da-4e9c-44ad-b607-5fb48d4c7061-00045020,BTZ_Description_17,P10-EXT-TNQ-V475,P10-EXT-TNQ-V475 TK FLASHEO,corregido,Completado desde etiqueta Project XML
2026-06-02 10:35:25,C:\Users\Usuario\AppData\Roaming\pyRevit\Extensions\btz.extension\public\project\P10.xml,P10,282804,a027b4da-4e9c-44ad-b607-5fb48d4c7061-000450b4,BTZ_Description_04,P10-EXT-ABS-V341,P10-EXT-ABS-V341 ABSORV,corregido,Completado desde etiqueta Project XML
2026-06-02 10:35:25,C:\Users\Usuario\AppData\Roaming\pyRevit\Extensions\btz.extension\public\project\P10.xml,P10,282804,a027b4da-4e9c-44ad-b607-5fb48d4c7061-000450b4,BTZ_Description_07,P10-EXT-CLT-HX344,P10-EXT-CLT-HX344 AC MIN,corregido,Completado desde etiqueta Project XML
2026-06-02 10:35:25,C:\Users\Usuario\AppData\Roaming\pyRevit\Extensions\btz.extension\public\project\P10.xml,P10,282804,a027b4da-4e9c-44ad-b607-5fb48d4c7061-000450b4,BTZ_Description_08,P10-EXT-CND-HX340,P10-EXT-CND-HX340 VENTEO,corregido,Completado desde etiqueta Project XML
2026-06-02 10:35:25,C:\Users\Usuario\AppData\Roaming\pyRevit\Extensions\btz.extension\public\project\P10.xml,P10,282804,a027b4da-4e9c-44ad-b607-5fb48d4c7061-000450b4,BTZ_Description_09,P10-EXT-ENF-HX347,P10-EXT-ENF-HX347 AC MIN,corregido,Completado desde etiqueta Project XML
2026-06-02 10:35:25,C:\Users\Usuario\AppData\Roaming\pyRevit\Extensions\btz.extension\public\project\P10.xml,P10,282804,a027b4da-4e9c-44ad-b607-5fb48d4c7061-000450b4,BTZ_Description_10,P10-EXT-INT-HX343,P10-EXT-INT-HX343 AC/AC MIN,corregido,Completado desde etiqueta Project XML
2026-06-02 10:35:25,C:\Users\Usuario\AppData\Roaming\pyRevit\Extensions\btz.extension\public\project\P10.xml,P10,282804,a027b4da-4e9c-44ad-b607-5fb48d4c7061-000450b4,BTZ_Description_11,P10-EXT-STR-V345,P10-EXT-STR-V345 STRIP MIN,corregido,Completado desde etiqueta Project XML
2026-06-02 10:35:25,C:\Users\Usuario\AppData\Roaming\pyRevit\Extensions\btz.extension\public\project\P10.xml,P10,282804,a027b4da-4e9c-44ad-b607-5fb48d4c7061-000450b4,BTZ_NumeroActivo,P10-EXT-LGC-RECUP,,limpiado_duplicado,El código completo ya existía en BTZ_Description_03; se limpió el truncado
2026-06-02 10:35:25,C:\Users\Usuario\AppData\Roaming\pyRevit\Extensions\btz.extension\public\project\P10.xml,P10,282896,a027b4da-4e9c-44ad-b607-5fb48d4c7061-00045110,BTZ_Description_06,P10-EXT-PRC-HX302,P10-EXT-PRC-HX302 PREC SOLV,corregido,Completado desde etiqueta Project XML
2026-06-02 10:35:25,C:\Users\Usuario\AppData\Roaming\pyRevit\Extensions\btz.extension\public\project\P10.xml,P10,282896,a027b4da-4e9c-44ad-b607-5fb48d4c7061-00045110,BTZ_Description_07,P10-EXT-INT-V338,P10-EXT-INT-V338 INT REHERV,corregido,Completado desde etiqueta Project XML
2026-06-02 10:35:25,C:\Users\Usuario\AppData\Roaming\pyRevit\Extensions\btz.extension\public\project\P10.xml,P10,282896,a027b4da-4e9c-44ad-b607-5fb48d4c7061-00045110,BTZ_Description_08,P10-EXT-RHV-HX337,P10-EXT-RHV-HX337 REHERVIDOR,corregido,Completado desde etiqueta Project XML
2026-06-02 10:35:25,C:\Users\Usuario\AppData\Roaming\pyRevit\Extensions\btz.extension\public\project\P10.xml,P10,282896,a027b4da-4e9c-44ad-b607-5fb48d4c7061-00045110,BTZ_Description_09,P10-EXT-TNQ-V330,P10-EXT-TNQ-V330 TK SERVICIO,corregido,Completado desde etiqueta Project XML
2026-06-02 10:35:25,C:\Users\Usuario\AppData\Roaming\pyRevit\Extensions\btz.extension\public\project\P10.xml,P10,282969,a027b4da-4e9c-44ad-b607-5fb48d4c7061-00045159,BTZ_Description_04,P10-EXT-EVP-HX301,P10-EXT-EVP-HX301 EV01,corregido,Completado desde etiqueta Project XML
2026-06-02 10:35:25,C:\Users\Usuario\AppData\Roaming\pyRevit\Extensions\btz.extension\public\project\P10.xml,P10,282969,a027b4da-4e9c-44ad-b607-5fb48d4c7061-00045159,BTZ_Description_05,P10-EXT-CND-HX305,P10-EXT-CND-HX305 EV01 OESTE,corregido,Completado desde etiqueta Project XML
2026-06-02 10:35:25,C:\Users\Usuario\AppData\Roaming\pyRevit\Extensions\btz.extension\public\project\P10.xml,P10,282969,a027b4da-4e9c-44ad-b607-5fb48d4c7061-00045159,BTZ_Description_06,P10-EXT-CND-HX304,P10-EXT-CND-HX304 EV01 ESTE,corregido,Completado desde etiqueta Project XML
2026-06-02 10:35:25,C:\Users\Usuario\AppData\Roaming\pyRevit\Extensions\btz.extension\public\project\P10.xml,P10,282969,a027b4da-4e9c-44ad-b607-5fb48d4c7061-00045159,BTZ_Description_07,P10-EXT-EVP-HX307,P10-EXT-EVP-HX307 EV02,corregido,Completado desde etiqueta Project XML
2026-06-02 10:35:25,C:\Users\Usuario\AppData\Roaming\pyRevit\Extensions\btz.extension\public\project\P10.xml,P10,282969,a027b4da-4e9c-44ad-b607-5fb48d4c7061-00045159,BTZ_Description_08,P10-EXT-CND-HX308,P10-EXT-CND-HX308 EV02-3,corregido,Completado desde etiqueta Project XML
2026-06-02 10:35:25,C:\Users\Usuario\AppData\Roaming\pyRevit\Extensions\btz.extension\public\project\P10.xml,P10,282969,a027b4da-4e9c-44ad-b607-5fb48d4c7061-00045159,BTZ_Description_09,P10-EXT-EVP-HX309,P10-EXT-EVP-HX309 EV03,corregido,Completado desde etiqueta Project XML
2026-06-02 10:35:25,C:\Users\Usuario\AppData\Roaming\pyRevit\Extensions\btz.extension\public\project\P10.xml,P10,282969,a027b4da-4e9c-44ad-b607-5fb48d4c7061-00045159,BTZ_Description_11,P10-EXT-INT-HX314,P10-EXT-INT-HX314 AC/MIS,corregido,Completado desde etiqueta Project XML
2026-06-02 10:35:25,C:\Users\Usuario\AppData\Roaming\pyRevit\Extensions\btz.extension\public\project\P10.xml,P10,282969,a027b4da-4e9c-44ad-b607-5fb48d4c7061-00045159,BTZ_Description_12,P10-EXT-STR-V311,P10-EXT-STR-V311 STRIP VEG,corregido,Completado desde etiqueta Project XML
2026-06-02 10:35:25,C:\Users\Usuario\AppData\Roaming\pyRevit\Extensions\btz.extension\public\project\P10.xml,P10,282969,a027b4da-4e9c-44ad-b607-5fb48d4c7061-00045159,BTZ_Description_15,P10-EXT-CND-HX312,P10-EXT-CND-HX312 STRIP VEG,corregido,Completado desde etiqueta Project XML
2026-06-02 10:35:25,C:\Users\Usuario\AppData\Roaming\pyRevit\Extensions\btz.extension\public\project\P10.xml,P10,369188,460ebebf-e4ee-449a-900c-ab33de4c697f-0005a224,BTZ_Description_03,P10-PRP-LGC-BEAN,P10-PRP-LGC-BEAN HEATER,corregido,Completado desde etiqueta Project XML
2026-06-02 10:35:25,C:\Users\Usuario\AppData\Roaming\pyRevit\Extensions\btz.extension\public\project\P10.xml,P10,369188,460ebebf-e4ee-449a-900c-ab33de4c697f-0005a224,BTZ_NumeroActivo,P10-PRP-LGC-BEAN,,limpiado_duplicado,El código completo ya existía en BTZ_Description_03; se limpió el truncado
2026-06-02 10:35:25,C:\Users\Usuario\AppData\Roaming\pyRevit\Extensions\btz.extension\public\project\P10.xml,P10,373540,1dd9711a-59af-4c3f-8b41-17903a787e86-0005b324,BTZ_Description_04,P10-PRL-SLO-SLO1,P10-PRL-SLO-SLO1 DIARIO,corregido,Completado desde etiqueta Project XML
2026-06-02 10:35:25,C:\Users\Usuario\AppData\Roaming\pyRevit\Extensions\btz.extension\public\project\P10.xml,P10,373540,1dd9711a-59af-4c3f-8b41-17903a787e86-0005b324,BTZ_NumeroActivo,P10-PRL-SLO-SLO1,,limpiado_duplicado,El código completo ya existía en BTZ_Description_04; se limpió el truncado
2026-06-02 10:35:25,C:\Users\Usuario\AppData\Roaming\pyRevit\Extensions\btz.extension\public\project\P10.xml,P10,373591,1dd9711a-59af-4c3f-8b41-17903a787e86-0005b357,BTZ_Description_04,P10-PRL-SLO-SLO2,P10-PRL-SLO-SLO2 DIARIO,corregido,Completado desde etiqueta Project XML
2026-06-02 10:35:25,C:\Users\Usuario\AppData\Roaming\pyRevit\Extensions\btz.extension\public\project\P10.xml,P10,373591,1dd9711a-59af-4c3f-8b41-17903a787e86-0005b357,BTZ_NumeroActivo,P10-PRL-SLO-SLO2,,limpiado_duplicado,El código completo ya existía en BTZ_Description_04; se limpió el truncado
2026-06-02 10:35:25,C:\Users\Usuario\AppData\Roaming\pyRevit\Extensions\btz.extension\public\project\P10.xml,P10,377972,c5ee6896-39ff-4562-be63-4682b50c65ca-0005c474,BTZ_Description_07,P10-SRA-SLA-SALA,P10-SRA-SLA-SALA BOIN,corregido,Completado desde etiqueta Project XML
2026-06-02 10:35:25,C:\Users\Usuario\AppData\Roaming\pyRevit\Extensions\btz.extension\public\project\P10.xml,P10,377972,c5ee6896-39ff-4562-be63-4682b50c65ca-0005c474,BTZ_Description_11,P10-SRA-BMB-DOSIF,P10-SRA-BMB-DOSIF APL,corregido,Completado desde etiqueta Project XML
2026-06-02 10:35:25,C:\Users\Usuario\AppData\Roaming\pyRevit\Extensions\btz.extension\public\project\P10.xml,P10,378523,ddbef6d8-5146-4ece-9a6f-82caaca14519-0005c69b,BTZ_Description_08,P10-CCM-AIR-AIREXT,,limpiado_duplicado,El código completo ya existía en BTZ_Description_07; se limpió el truncado
2026-06-02 10:35:25,C:\Users\Usuario\AppData\Roaming\pyRevit\Extensions\btz.extension\public\project\P10.xml,P10,380971,ddbef6d8-5146-4ece-9a6f-82caaca14519-0005d02b,BTZ_NumeroActivo,P10-SRV-LGC-TRAT,,limpiado_duplicado,El código completo ya existía en BTZ_Description_03; se limpió el truncado
2026-06-02 10:35:25,C:\Users\Usuario\AppData\Roaming\pyRevit\Extensions\btz.extension\public\project\P10.xml,P10,381172,ddbef6d8-5146-4ece-9a6f-82caaca14519-0005d0f4,BTZ_Description_09,P10-PRP-PRC-PERCHA,P10-PRP-PRC-PERCHA EXP,corregido,Completado desde etiqueta Project XML
2026-06-02 10:35:25,C:\Users\Usuario\AppData\Roaming\pyRevit\Extensions\btz.extension\public\project\P10.xml,P10,384012,e0118a5a-e983-4b93-852f-e273cc5f6243-0005dc0c,BTZ_Description_04,P10-PRL-SLO-SLO3,P10-PRL-SLO-SLO3 LIMPIA,corregido,Completado desde etiqueta Project XML
2026-06-02 10:35:25,C:\Users\Usuario\AppData\Roaming\pyRevit\Extensions\btz.extension\public\project\P10.xml,P10,384750,3ade3506-4f84-4896-9589-30d81e40c276-0005deee,BTZ_Description_03,P10-SRV-LGC-TRATAMIENTO,P10-SRV-LGC-TRATAMIENTO AGUA,corregido,Completado desde etiqueta Project XML
2026-06-02 10:35:25,C:\Users\Usuario\AppData\Roaming\pyRevit\Extensions\btz.extension\public\project\P10.xml,P10,402462,2d073a82-2546-46d8-8ab7-4a272b6a40f8-0006241e,BTZ_Description_03,P10-SRV-LGC-FUEL,P10-SRV-LGC-FUEL OIL,corregido,Completado desde etiqueta Project XML
2026-06-02 10:35:25,C:\Users\Usuario\AppData\Roaming\pyRevit\Extensions\btz.extension\public\project\P10.xml,P10,402462,2d073a82-2546-46d8-8ab7-4a272b6a40f8-0006241e,BTZ_NumeroActivo,P10-SRV-LGC-FUEL,,limpiado_duplicado,El código completo ya existía en BTZ_Description_03; se limpió el truncado
2026-06-02 10:35:25,C:\Users\Usuario\AppData\Roaming\pyRevit\Extensions\btz.extension\public\project\P10.xml,P10,405873,35fdbbec-a6c9-4778-9f64-8b03ca6d0798-00063171,BTZ_Description_07,P10-EXT-LGC-BMB,P10-EXT-LGC-BMB RECIRCULACION,corregido,Completado desde etiqueta Project XML
2026-06-02 10:35:25,C:\Users\Usuario\AppData\Roaming\pyRevit\Extensions\btz.extension\public\project\P10.xml,P10,406102,35fdbbec-a6c9-4778-9f64-8b03ca6d0798-00063256,BTZ_Description_03,P10-PRP-LGC-BEAN,P10-PRP-LGC-BEAN HEATER,corregido,Completado desde etiqueta Project XML
2026-06-02 10:35:25,C:\Users\Usuario\AppData\Roaming\pyRevit\Extensions\btz.extension\public\project\P10.xml,P10,406102,35fdbbec-a6c9-4778-9f64-8b03ca6d0798-00063256,BTZ_NumeroActivo,P10-PRP-LGC-BEAN,,limpiado_duplicado,El código completo ya existía en BTZ_Description_03; se limpió el truncado
2026-06-02 10:35:25,C:\Users\Usuario\AppData\Roaming\pyRevit\Extensions\btz.extension\public\project\P10.xml,P10,406124,35fdbbec-a6c9-4778-9f64-8b03ca6d0798-0006326c,BTZ_Description_03,P10-PRP-LGC-BEAN,P10-PRP-LGC-BEAN HEATER,corregido,Completado desde etiqueta Project XML
2026-06-02 10:35:25,C:\Users\Usuario\AppData\Roaming\pyRevit\Extensions\btz.extension\public\project\P10.xml,P10,406124,35fdbbec-a6c9-4778-9f64-8b03ca6d0798-0006326c,BTZ_NumeroActivo,P10-PRP-LGC-BEAN,,limpiado_duplicado,El código completo ya existía en BTZ_Description_03; se limpió el truncado
2026-06-02 10:35:25,C:\Users\Usuario\AppData\Roaming\pyRevit\Extensions\btz.extension\public\project\P10.xml,P10,406921,7713a3b9-e708-4df0-a840-2320141b75e2-00063589,BTZ_Description_03,P10-SRV-LGC-AIRE,P10-SRV-LGC-AIRE COMPRIMIDO,corregido,Completado desde etiqueta Project XML
2026-06-02 10:35:25,C:\Users\Usuario\AppData\Roaming\pyRevit\Extensions\btz.extension\public\project\P10.xml,P10,406921,7713a3b9-e708-4df0-a840-2320141b75e2-00063589,BTZ_NumeroActivo,P10-SRV-LGC-TRAT,P10-SRV-LGC-TRAT QUIM CALD,corregido,Completado desde etiqueta Project XML
2026-06-02 10:35:25,C:\Users\Usuario\AppData\Roaming\pyRevit\Extensions\btz.extension\public\project\P10.xml,P10,407002,7713a3b9-e708-4df0-a840-2320141b75e2-000635da,BTZ_NumeroActivo,P10-SRV-LGC-TRAT,P10-SRV-LGC-TRAT QUIM CALD,corregido,Completado desde etiqueta Project XML
﻿2026-06-02 10:37:35,C:\Users\Usuario\AppData\Roaming\pyRevit\Extensions\btz.extension\public\project\PP.xml,PP,179296,e873c32e-5e0c-4f36-b2a7-48d4917bce06-0002bc60,BTZ_Description_06,PP-EXT-BMB-BO48,PP-EXT-BMB-BO48 E,corregido,Completado desde etiqueta Project XML
2026-06-02 10:37:35,C:\Users\Usuario\AppData\Roaming\pyRevit\Extensions\btz.extension\public\project\PP.xml,PP,179296,e873c32e-5e0c-4f36-b2a7-48d4917bce06-0002bc60,BTZ_Description_08,PP-EXT-DSG-CE01,PP-EXT-DSG-CE01 NORTE,corregido,Completado desde etiqueta Project XML
2026-06-02 10:37:35,C:\Users\Usuario\AppData\Roaming\pyRevit\Extensions\btz.extension\public\project\PP.xml,PP,179296,e873c32e-5e0c-4f36-b2a7-48d4917bce06-0002bc60,BTZ_Description_09,PP-EXT-DSG-CE02,PP-EXT-DSG-CE02 SUR,corregido,Completado desde etiqueta Project XML
2026-06-02 10:37:35,C:\Users\Usuario\AppData\Roaming\pyRevit\Extensions\btz.extension\public\project\PP.xml,PP,179296,e873c32e-5e0c-4f36-b2a7-48d4917bce06-0002bc60,BTZ_Description_16,PP-EXT-TNQ-TKAGUA,PP-EXT-TNQ-TKAGUA DESGOM,corregido,Completado desde etiqueta Project XML
2026-06-02 10:37:35,C:\Users\Usuario\AppData\Roaming\pyRevit\Extensions\btz.extension\public\project\PP.xml,PP,179296,e873c32e-5e0c-4f36-b2a7-48d4917bce06-0002bc60,BTZ_Description_18,PP-EXT-TNQ-TKGOMAS,PP-EXT-TNQ-TKGOMAS CENTRIF,corregido,Completado desde etiqueta Project XML
2026-06-02 10:37:35,C:\Users\Usuario\AppData\Roaming\pyRevit\Extensions\btz.extension\public\project\PP.xml,PP,179296,e873c32e-5e0c-4f36-b2a7-48d4917bce06-0002bc60,BTZ_Description_26,PP-EXT-TNQ-TKPULMON,PP-EXT-TNQ-TKPULMON ACEITE,corregido,Completado desde etiqueta Project XML
2026-06-02 10:37:35,C:\Users\Usuario\AppData\Roaming\pyRevit\Extensions\btz.extension\public\project\PP.xml,PP,179296,e873c32e-5e0c-4f36-b2a7-48d4917bce06-0002bc60,BTZ_Description_28,PP-EXT-MZC-MEZCDINAMICO,PP-EXT-MZC-MEZCDINAMICO (BO28,corregido,Completado desde etiqueta Project XML
2026-06-02 10:37:35,C:\Users\Usuario\AppData\Roaming\pyRevit\Extensions\btz.extension\public\project\PP.xml,PP,179296,e873c32e-5e0c-4f36-b2a7-48d4917bce06-0002bc60,BTZ_Description_29,PP-EXT-TQN-TKGOMAS,PP-EXT-TQN-TKGOMAS AUX,corregido,Completado desde etiqueta Project XML
2026-06-02 10:37:35,C:\Users\Usuario\AppData\Roaming\pyRevit\Extensions\btz.extension\public\project\PP.xml,PP,179296,e873c32e-5e0c-4f36-b2a7-48d4917bce06-0002bc60,BTZ_Description_37,PP-EXT-TNQ-TKLAV,PP-EXT-TNQ-TKLAV QUIMICO,corregido,Completado desde etiqueta Project XML
2026-06-02 10:37:35,C:\Users\Usuario\AppData\Roaming\pyRevit\Extensions\btz.extension\public\project\PP.xml,PP,179346,e873c32e-5e0c-4f36-b2a7-48d4917bce06-0002bc92,BTZ_Description_07,PP-EXT-TNQ-TKCOND,PP-EXT-TNQ-TKCOND DT,corregido,Completado desde etiqueta Project XML
2026-06-02 10:37:35,C:\Users\Usuario\AppData\Roaming\pyRevit\Extensions\btz.extension\public\project\PP.xml,PP,179346,e873c32e-5e0c-4f36-b2a7-48d4917bce06-0002bc92,BTZ_Description_11,PP-EXT-VLV-VSTK,PP-EXT-VLV-VSTK FLASHEO,corregido,Completado desde etiqueta Project XML
2026-06-02 10:37:35,C:\Users\Usuario\AppData\Roaming\pyRevit\Extensions\btz.extension\public\project\PP.xml,PP,179346,e873c32e-5e0c-4f36-b2a7-48d4917bce06-0002bc92,BTZ_Description_13,PP-EXT-VLV-SOV-114,PP-EXT-VLV-SOV-114 VS03,corregido,Completado desde etiqueta Project XML
2026-06-02 10:37:35,C:\Users\Usuario\AppData\Roaming\pyRevit\Extensions\btz.extension\public\project\PP.xml,PP,179346,e873c32e-5e0c-4f36-b2a7-48d4917bce06-0002bc92,BTZ_NumeroActivo,PP-EXT-EXT-EX01,PP-EXT-EXT-EX01 EXTRACTOR,corregido,Completado desde etiqueta Project XML
2026-06-02 10:37:35,C:\Users\Usuario\AppData\Roaming\pyRevit\Extensions\btz.extension\public\project\PP.xml,PP,183538,e873c32e-5e0c-4f36-b2a7-48d4917bce06-0002ccf2,BTZ_Description_03,PP-DSC-SLO-SILO,PP-DSC-SLO-SILO CASCARA,corregido,Completado desde etiqueta Project XML
2026-06-02 10:37:35,C:\Users\Usuario\AppData\Roaming\pyRevit\Extensions\btz.extension\public\project\PP.xml,PP,184857,e873c32e-5e0c-4f36-b2a7-48d4917bce06-0002d219,BTZ_Description_38,PP-LCT-PLT-PILETA,PP-LCT-PLT-PILETA BAROMET,corregido,Completado desde etiqueta Project XML
2026-06-02 10:37:35,C:\Users\Usuario\AppData\Roaming\pyRevit\Extensions\btz.extension\public\project\PP.xml,PP,284902,121e7c49-6f80-4698-91bd-c7c5a38e25dd-000458e6,BTZ_Description_03,PP-PRP-LGC-BEAN,PP-PRP-LGC-BEAN HEATER,corregido,Completado desde etiqueta Project XML
2026-06-02 10:37:35,C:\Users\Usuario\AppData\Roaming\pyRevit\Extensions\btz.extension\public\project\PP.xml,PP,284902,121e7c49-6f80-4698-91bd-c7c5a38e25dd-000458e6,BTZ_NumeroActivo,PP-PRP-LGC-BEAN,,limpiado_duplicado,El código completo ya existía en BTZ_Description_03; se limpió el truncado
2026-06-02 10:37:35,C:\Users\Usuario\AppData\Roaming\pyRevit\Extensions\btz.extension\public\project\PP.xml,PP,285377,121e7c49-6f80-4698-91bd-c7c5a38e25dd-00045ac1,BTZ_Description_23,PP-PLL-SIS-CTRAL,PP-PLL-SIS-CTRAL LUB PELL,corregido,Completado desde etiqueta Project XML
2026-06-02 10:37:35,C:\Users\Usuario\AppData\Roaming\pyRevit\Extensions\btz.extension\public\project\PP.xml,PP,366280,112ed255-2c3e-4575-ba44-903fa5f3f8e7-000596c8,BTZ_NumeroActivo,PP-HRN-LGC-VALVULAS,PP-HRN-LGC-VALVULAS A PUERTO,corregido,Completado desde etiqueta Project XML
2026-06-02 10:37:35,C:\Users\Usuario\AppData\Roaming\pyRevit\Extensions\btz.extension\public\project\PP.xml,PP,366559,58a0c5ec-573a-4dcc-9a0e-9d96a2f21f89-000597df,BTZ_Description_12,PP-EXT-BMB-BO50,PP-EXT-BMB-BO50 E,corregido,Completado desde etiqueta Project XML
2026-06-02 10:37:35,C:\Users\Usuario\AppData\Roaming\pyRevit\Extensions\btz.extension\public\project\PP.xml,PP,366559,58a0c5ec-573a-4dcc-9a0e-9d96a2f21f89-000597df,BTZ_Description_21,PP-EXT-VLV-SOV-214,PP-EXT-VLV-SOV-214 VS04,corregido,Completado desde etiqueta Project XML
2026-06-02 10:37:35,C:\Users\Usuario\AppData\Roaming\pyRevit\Extensions\btz.extension\public\project\PP.xml,PP,366791,58a0c5ec-573a-4dcc-9a0e-9d96a2f21f89-000598c7,BTZ_Description_03,PP-EXT-LGC-RECUP,PP-EXT-LGC-RECUP GASES,corregido,Completado desde etiqueta Project XML
2026-06-02 10:37:35,C:\Users\Usuario\AppData\Roaming\pyRevit\Extensions\btz.extension\public\project\PP.xml,PP,366791,58a0c5ec-573a-4dcc-9a0e-9d96a2f21f89-000598c7,BTZ_Description_04,PP-EXT-ABS-ABSOV,PP-EXT-ABS-ABSOV MINERAL,corregido,Completado desde etiqueta Project XML
2026-06-02 10:37:35,C:\Users\Usuario\AppData\Roaming\pyRevit\Extensions\btz.extension\public\project\PP.xml,PP,366791,58a0c5ec-573a-4dcc-9a0e-9d96a2f21f89-000598c7,BTZ_Description_10,PP-EXT-INT-INT02,PP-EXT-INT-INT02 AC/AC MIN,corregido,Completado desde etiqueta Project XML
2026-06-02 10:37:35,C:\Users\Usuario\AppData\Roaming\pyRevit\Extensions\btz.extension\public\project\PP.xml,PP,366791,58a0c5ec-573a-4dcc-9a0e-9d96a2f21f89-000598c7,BTZ_Description_11,PP-EXT-INT-INT03,PP-EXT-INT-INT03 EAC/MINERAL,corregido,Completado desde etiqueta Project XML
2026-06-02 10:37:35,C:\Users\Usuario\AppData\Roaming\pyRevit\Extensions\btz.extension\public\project\PP.xml,PP,366791,58a0c5ec-573a-4dcc-9a0e-9d96a2f21f89-000598c7,BTZ_Description_15,PP-EXT-VLV-SOV-310,PP-EXT-VLV-SOV-310  VS08,corregido,Completado desde etiqueta Project XML
2026-06-02 10:37:35,C:\Users\Usuario\AppData\Roaming\pyRevit\Extensions\btz.extension\public\project\PP.xml,PP,366791,58a0c5ec-573a-4dcc-9a0e-9d96a2f21f89-000598c7,BTZ_Description_16,PP-EXT-VLV-SOV-320,PP-EXT-VLV-SOV-320 VS09,corregido,Completado desde etiqueta Project XML
2026-06-02 10:37:35,C:\Users\Usuario\AppData\Roaming\pyRevit\Extensions\btz.extension\public\project\PP.xml,PP,366791,58a0c5ec-573a-4dcc-9a0e-9d96a2f21f89-000598c7,BTZ_Description_17,PP-EXT-VNT-VE02,PP-EXT-VNT-VE02 E,corregido,Completado desde etiqueta Project XML
2026-06-02 10:37:35,C:\Users\Usuario\AppData\Roaming\pyRevit\Extensions\btz.extension\public\project\PP.xml,PP,366791,58a0c5ec-573a-4dcc-9a0e-9d96a2f21f89-000598c7,BTZ_NumeroActivo,PP-EXT-LGC-RECUP,,limpiado_duplicado,El código completo ya existía en BTZ_Description_03; se limpió el truncado
2026-06-02 10:37:35,C:\Users\Usuario\AppData\Roaming\pyRevit\Extensions\btz.extension\public\project\PP.xml,PP,366859,58a0c5ec-573a-4dcc-9a0e-9d96a2f21f89-0005990b,BTZ_Description_03,PP-EXT-EXT-EX01,PP-EXT-EXT-EX01 EXTRACTOR,corregido,Completado desde etiqueta Project XML
2026-06-02 10:37:35,C:\Users\Usuario\AppData\Roaming\pyRevit\Extensions\btz.extension\public\project\PP.xml,PP,366859,58a0c5ec-573a-4dcc-9a0e-9d96a2f21f89-0005990b,BTZ_Description_08,PP-EXT-INT-INT01,PP-EXT-INT-INT01 AC/MIS,corregido,Completado desde etiqueta Project XML
2026-06-02 10:37:35,C:\Users\Usuario\AppData\Roaming\pyRevit\Extensions\btz.extension\public\project\PP.xml,PP,366859,58a0c5ec-573a-4dcc-9a0e-9d96a2f21f89-0005990b,BTZ_Description_11,PP-EXT-BMB-BO51,PP-EXT-BMB-BO51 E,corregido,Completado desde etiqueta Project XML
2026-06-02 10:37:35,C:\Users\Usuario\AppData\Roaming\pyRevit\Extensions\btz.extension\public\project\PP.xml,PP,366922,58a0c5ec-573a-4dcc-9a0e-9d96a2f21f89-0005994a,BTZ_Description_06,PP-EXT-BMB-BO49,PP-EXT-BMB-BO49 E,corregido,Completado desde etiqueta Project XML
2026-06-02 10:37:35,C:\Users\Usuario\AppData\Roaming\pyRevit\Extensions\btz.extension\public\project\PP.xml,PP,367233,83998b8f-3075-40bb-b815-6060fbf51833-00059a81,BTZ_Description_38,PP-LCT-LGC-TORRES,PP-LCT-LGC-TORRES ENFRIAMIENTO,corregido,Completado desde etiqueta Project XML
2026-06-02 10:37:35,C:\Users\Usuario\AppData\Roaming\pyRevit\Extensions\btz.extension\public\project\PP.xml,PP,367512,83998b8f-3075-40bb-b815-6060fbf51833-00059b98,BTZ_Description_09,PP-LCT-TNQ-TK03,PP-LCT-TNQ-TK03 GOM HUM,corregido,Completado desde etiqueta Project XML
2026-06-02 10:37:35,C:\Users\Usuario\AppData\Roaming\pyRevit\Extensions\btz.extension\public\project\PP.xml,PP,367512,83998b8f-3075-40bb-b815-6060fbf51833-00059b98,BTZ_Description_35,PP-LCT-LGC-PILETA,PP-LCT-LGC-PILETA BAROMETRICA,corregido,Completado desde etiqueta Project XML
2026-06-02 10:37:35,C:\Users\Usuario\AppData\Roaming\pyRevit\Extensions\btz.extension\public\project\PP.xml,PP,398544,c5bd9b6d-1b33-4c70-af81-ae4fc321dc5f-000614d0,BTZ_Description_18,PP-SRV-VLV-SGR,PP-SRV-VLV-SGR SUB-EST GAS,corregido,Completado desde etiqueta Project XML
2026-06-02 10:37:35,C:\Users\Usuario\AppData\Roaming\pyRevit\Extensions\btz.extension\public\project\PP.xml,PP,400854,613b2511-9188-4473-a91f-b1bad0266697-00061dd6,BTZ_Description_03,PP-HRN-SIS-CTRAL,PP-HRN-SIS-CTRAL LUB SR,corregido,Completado desde etiqueta Project XML
2026-06-02 10:37:35,C:\Users\Usuario\AppData\Roaming\pyRevit\Extensions\btz.extension\public\project\PP.xml,PP,401551,613b2511-9188-4473-a91f-b1bad0266697-0006208f,BTZ_Description_03,PP-HRN-LGC-VALVULAS,PP-HRN-LGC-VALVULAS A PUERTO,corregido,Completado desde etiqueta Project XML
2026-06-02 10:37:35,C:\Users\Usuario\AppData\Roaming\pyRevit\Extensions\btz.extension\public\project\PP.xml,PP,401826,2d073a82-2546-46d8-8ab7-4a272b6a40f8-000621a2,BTZ_Description_04,PP-SGR-SAL-SALA,PP-SGR-SAL-SALA BO60,corregido,Completado desde etiqueta Project XML
2026-06-02 10:37:35,C:\Users\Usuario\AppData\Roaming\pyRevit\Extensions\btz.extension\public\project\PP.xml,PP,402142,2d073a82-2546-46d8-8ab7-4a272b6a40f8-000622de,BTZ_Description_13,PP-SRV-VLV-VSTK,PP-SRV-VLV-VSTK FLASH,corregido,Completado desde etiqueta Project XML
2026-06-02 10:37:35,C:\Users\Usuario\AppData\Roaming\pyRevit\Extensions\btz.extension\public\project\PP.xml,PP,402142,2d073a82-2546-46d8-8ab7-4a272b6a40f8-000622de,BTZ_Description_14,PP-SRV-VNT-VE25,PP-SRV-VNT-VE25 VTF,corregido,Completado desde etiqueta Project XML
2026-06-02 10:37:35,C:\Users\Usuario\AppData\Roaming\pyRevit\Extensions\btz.extension\public\project\PP.xml,PP,402164,2d073a82-2546-46d8-8ab7-4a272b6a40f8-000622f4,BTZ_Description_03,PP-SRV-LGC-AIRE,PP-SRV-LGC-AIRE COMPRIMIDO,corregido,Completado desde etiqueta Project XML
2026-06-02 10:37:35,C:\Users\Usuario\AppData\Roaming\pyRevit\Extensions\btz.extension\public\project\PP.xml,PP,402272,2d073a82-2546-46d8-8ab7-4a272b6a40f8-00062360,BTZ_Description_03,PP-SRV-LGC-FUEL,PP-SRV-LGC-FUEL OIL,corregido,Completado desde etiqueta Project XML
2026-06-02 10:37:35,C:\Users\Usuario\AppData\Roaming\pyRevit\Extensions\btz.extension\public\project\PP.xml,PP,402668,2d073a82-2546-46d8-8ab7-4a272b6a40f8-000624ec,BTZ_Description_03,PP-SRV-LGC-BOMBAS,PP-SRV-LGC-BOMBAS DE RIO,corregido,Completado desde etiqueta Project XML
2026-06-02 10:37:35,C:\Users\Usuario\AppData\Roaming\pyRevit\Extensions\btz.extension\public\project\PP.xml,PP,403517,2d073a82-2546-46d8-8ab7-4a272b6a40f8-0006283d,BTZ_Description_03,PP-SRV-LGC-BOMBAS,PP-SRV-LGC-BOMBAS DE RIO,corregido,Completado desde etiqueta Project XML
2026-06-02 10:37:35,C:\Users\Usuario\AppData\Roaming\pyRevit\Extensions\btz.extension\public\project\PP.xml,PP,403537,2d073a82-2546-46d8-8ab7-4a272b6a40f8-00062851,BTZ_Description_03,PP-SRV-LGC-BOMBAS,PP-SRV-LGC-BOMBAS DE RIO,corregido,Completado desde etiqueta Project XML
2026-06-02 10:37:35,C:\Users\Usuario\AppData\Roaming\pyRevit\Extensions\btz.extension\public\project\PP.xml,PP,403561,2d073a82-2546-46d8-8ab7-4a272b6a40f8-00062869,BTZ_Description_03,PP-SRV-LGC-BOMBAS,PP-SRV-LGC-BOMBAS DE RIO,corregido,Completado desde etiqueta Project XML
2026-06-02 10:37:35,C:\Users\Usuario\AppData\Roaming\pyRevit\Extensions\btz.extension\public\project\PP.xml,PP,404654,2d073a82-2546-46d8-8ab7-4a272b6a40f8-00062cae,BTZ_Description_03,PP-PRP-LGC-BEAN,PP-PRP-LGC-BEAN HEATER,corregido,Completado desde etiqueta Project XML
2026-06-02 10:37:35,C:\Users\Usuario\AppData\Roaming\pyRevit\Extensions\btz.extension\public\project\PP.xml,PP,404654,2d073a82-2546-46d8-8ab7-4a272b6a40f8-00062cae,BTZ_NumeroActivo,PP-PRP-LGC-BEAN,,limpiado_duplicado,El código completo ya existía en BTZ_Description_03; se limpió el truncado
2026-06-02 10:37:35,C:\Users\Usuario\AppData\Roaming\pyRevit\Extensions\btz.extension\public\project\PP.xml,PP,404773,2d073a82-2546-46d8-8ab7-4a272b6a40f8-00062d25,BTZ_Description_03,PP-PRP-LGC-BEAN,PP-PRP-LGC-BEAN HEATER,corregido,Completado desde etiqueta Project XML
2026-06-02 10:37:35,C:\Users\Usuario\AppData\Roaming\pyRevit\Extensions\btz.extension\public\project\PP.xml,PP,404773,2d073a82-2546-46d8-8ab7-4a272b6a40f8-00062d25,BTZ_NumeroActivo,PP-PRP-LGC-BEAN,,limpiado_duplicado,El código completo ya existía en BTZ_Description_03; se limpió el truncado
2026-06-02 10:37:35,C:\Users\Usuario\AppData\Roaming\pyRevit\Extensions\btz.extension\public\project\PP.xml,PP,408017,05006a48-2ec1-4af5-bbec-4034ff3f5e38-000639d1,BTZ_Description_03,PP-EXT-EXT-EX01,PP-EXT-EXT-EX01 EXTRACTOR,corregido,Completado desde etiqueta Project XML
2026-06-02 10:37:35,C:\Users\Usuario\AppData\Roaming\pyRevit\Extensions\btz.extension\public\project\PP.xml,PP,408074,05006a48-2ec1-4af5-bbec-4034ff3f5e38-00063a0a,BTZ_Description_13,PP-EXT-HRV-HERVIDOR,PP-EXT-HRV-HERVIDOR SOLV,corregido,Completado desde etiqueta Project XML
2026-06-02 10:37:35,C:\Users\Usuario\AppData\Roaming\pyRevit\Extensions\btz.extension\public\project\PP.xml,PP,408280,43d663df-9888-4368-ba32-0773056a16cc-00063ad8,BTZ_Description_03,PP-EXT-EXT-EX01,PP-EXT-EXT-EX01 EXTRACTOR,corregido,Completado desde etiqueta Project XML
2026-06-02 10:37:35,C:\Users\Usuario\AppData\Roaming\pyRevit\Extensions\btz.extension\public\project\PP.xml,PP,408280,43d663df-9888-4368-ba32-0773056a16cc-00063ad8,BTZ_Description_05,PP-EXT-BMB-BO52,PP-EXT-BMB-BO52 E,corregido,Completado desde etiqueta Project XML
2026-06-02 10:37:35,C:\Users\Usuario\AppData\Roaming\pyRevit\Extensions\btz.extension\public\project\PP.xml,PP,408280,43d663df-9888-4368-ba32-0773056a16cc-00063ad8,BTZ_Description_06,PP-EXT-LGC-BMB,PP-EXT-LGC-BMB RECIRC,corregido,Completado desde etiqueta Project XML
﻿2026-06-02 10:38:15,C:\Users\Usuario\AppData\Roaming\pyRevit\Extensions\btz.extension\public\project\TE.xml,TE,153025,e873c32e-5e0c-4f36-b2a7-48d4917bce06-000255c1,BTZ_Description_05,TE-DDV-BLN-BALANZA,TE-DDV-BLN-BALANZA VAGONES,corregido,Completado desde etiqueta Project XML
2026-06-02 10:38:15,C:\Users\Usuario\AppData\Roaming\pyRevit\Extensions\btz.extension\public\project\TE.xml,TE,164153,e873c32e-5e0c-4f36-b2a7-48d4917bce06-00028139,BTZ_Description_05,TE-ALM-LGC-ALMACENAJE,TE-ALM-LGC-ALMACENAJE (SILOS,corregido,Completado desde etiqueta Project XML
2026-06-02 10:38:15,C:\Users\Usuario\AppData\Roaming\pyRevit\Extensions\btz.extension\public\project\TE.xml,TE,164153,e873c32e-5e0c-4f36-b2a7-48d4917bce06-00028139,BTZ_Description_30,TE-ALM-CNT-C12,TE-ALM-CNT-C12 (CBC4-12,corregido,Completado desde etiqueta Project XML
2026-06-02 10:38:15,C:\Users\Usuario\AppData\Roaming\pyRevit\Extensions\btz.extension\public\project\TE.xml,TE,164153,e873c32e-5e0c-4f36-b2a7-48d4917bce06-00028139,BTZ_Description_31,TE-ALM-CNT-C7,TE-ALM-CNT-C7 (C4C7,corregido,Completado desde etiqueta Project XML
2026-06-02 10:38:15,C:\Users\Usuario\AppData\Roaming\pyRevit\Extensions\btz.extension\public\project\TE.xml,TE,164153,e873c32e-5e0c-4f36-b2a7-48d4917bce06-00028139,BTZ_Description_32,TE-ALM-CNT-C9,TE-ALM-CNT-C9 (C9SC4,corregido,Completado desde etiqueta Project XML
2026-06-02 10:38:15,C:\Users\Usuario\AppData\Roaming\pyRevit\Extensions\btz.extension\public\project\TE.xml,TE,164356,e873c32e-5e0c-4f36-b2a7-48d4917bce06-00028204,BTZ_Description_29,TE-ALM-CNT-C13,TE-ALM-CNT-C13 (CBC4-13,corregido,Completado desde etiqueta Project XML
2026-06-02 10:38:15,C:\Users\Usuario\AppData\Roaming\pyRevit\Extensions\btz.extension\public\project\TE.xml,TE,166634,e873c32e-5e0c-4f36-b2a7-48d4917bce06-00028aea,BTZ_Description_05,TE-ADM-LGC-EDIFICIOS,,limpiado_duplicado,El código completo ya existía en BTZ_Description_02; se limpió el truncado
2026-06-02 10:38:15,C:\Users\Usuario\AppData\Roaming\pyRevit\Extensions\btz.extension\public\project\TE.xml,TE,170458,e873c32e-5e0c-4f36-b2a7-48d4917bce06-000299da,BTZ_Description_05,TE-DDC-LGC-DESCARGA,,limpiado_duplicado,El código completo ya existía en BTZ_Description_02; se limpió el truncado
2026-06-02 10:38:15,C:\Users\Usuario\AppData\Roaming\pyRevit\Extensions\btz.extension\public\project\TE.xml,TE,171843,e873c32e-5e0c-4f36-b2a7-48d4917bce06-00029f43,BTZ_Description_05,TE-ACT-LGC-SECTOR,,limpiado_duplicado,El código completo ya existía en BTZ_Description_02; se limpió el truncado
2026-06-02 10:38:15,C:\Users\Usuario\AppData\Roaming\pyRevit\Extensions\btz.extension\public\project\TE.xml,TE,171963,e873c32e-5e0c-4f36-b2a7-48d4917bce06-00029fbb,BTZ_Description_06,TE-ACT-MLC-MLC,TE-ACT-MLC-MLC MANG ACEITE,corregido,Completado desde etiqueta Project XML
2026-06-02 10:38:15,C:\Users\Usuario\AppData\Roaming\pyRevit\Extensions\btz.extension\public\project\TE.xml,TE,172255,e873c32e-5e0c-4f36-b2a7-48d4917bce06-0002a0df,BTZ_Description_06,TE-ALM-LGC-ALIMENT,TE-ALM-LGC-ALIMENT PTA 6000,corregido,Completado desde etiqueta Project XML
2026-06-02 10:38:15,C:\Users\Usuario\AppData\Roaming\pyRevit\Extensions\btz.extension\public\project\TE.xml,TE,172255,e873c32e-5e0c-4f36-b2a7-48d4917bce06-0002a0df,BTZ_Description_29,TE-ALM-CNT-C6,TE-ALM-CNT-C6 (C6CC4,corregido,Completado desde etiqueta Project XML
2026-06-02 10:38:15,C:\Users\Usuario\AppData\Roaming\pyRevit\Extensions\btz.extension\public\project\TE.xml,TE,172255,e873c32e-5e0c-4f36-b2a7-48d4917bce06-0002a0df,BTZ_Description_43,TE-TNL-CNT-CBC4,TE-TNL-CNT-CBC4 C10,corregido,Completado desde etiqueta Project XML
2026-06-02 10:38:15,C:\Users\Usuario\AppData\Roaming\pyRevit\Extensions\btz.extension\public\project\TE.xml,TE,173806,e873c32e-5e0c-4f36-b2a7-48d4917bce06-0002a6ee,BTZ_Description_10,TE-ALM-VLV-P57,TE-ALM-VLV-P57 DESC,corregido,Completado desde etiqueta Project XML
2026-06-02 10:38:15,C:\Users\Usuario\AppData\Roaming\pyRevit\Extensions\btz.extension\public\project\TE.xml,TE,173806,e873c32e-5e0c-4f36-b2a7-48d4917bce06-0002a6ee,BTZ_Description_17,TE-ALM-VLV-P79,TE-ALM-VLV-P79 DESC,corregido,Completado desde etiqueta Project XML
2026-06-02 10:38:15,C:\Users\Usuario\AppData\Roaming\pyRevit\Extensions\btz.extension\public\project\TE.xml,TE,173806,e873c32e-5e0c-4f36-b2a7-48d4917bce06-0002a6ee,BTZ_Description_19,TE-ALM-VLV-P48,TE-ALM-VLV-P48 DESC,corregido,Completado desde etiqueta Project XML
2026-06-02 10:38:15,C:\Users\Usuario\AppData\Roaming\pyRevit\Extensions\btz.extension\public\project\TE.xml,TE,174050,e873c32e-5e0c-4f36-b2a7-48d4917bce06-0002a7e2,BTZ_Description_10,TE-ALM-VLV-P58,TE-ALM-VLV-P58 DESC,corregido,Completado desde etiqueta Project XML
2026-06-02 10:38:15,C:\Users\Usuario\AppData\Roaming\pyRevit\Extensions\btz.extension\public\project\TE.xml,TE,174050,e873c32e-5e0c-4f36-b2a7-48d4917bce06-0002a7e2,BTZ_Description_13,TE-ALM-VLV-P65,TE-ALM-VLV-P65 DESC,corregido,Completado desde etiqueta Project XML
2026-06-02 10:38:15,C:\Users\Usuario\AppData\Roaming\pyRevit\Extensions\btz.extension\public\project\TE.xml,TE,174050,e873c32e-5e0c-4f36-b2a7-48d4917bce06-0002a7e2,BTZ_Description_19,TE-ALM-VLV-P49,TE-ALM-VLV-P49 DESC,corregido,Completado desde etiqueta Project XML
2026-06-02 10:38:15,C:\Users\Usuario\AppData\Roaming\pyRevit\Extensions\btz.extension\public\project\TE.xml,TE,174187,e873c32e-5e0c-4f36-b2a7-48d4917bce06-0002a86b,BTZ_Description_02,TE-ACT-LGC-SECTOR,TE-ACT-LGC-SECTOR ACEITE,corregido,Completado desde etiqueta Project XML
2026-06-02 10:38:15,C:\Users\Usuario\AppData\Roaming\pyRevit\Extensions\btz.extension\public\project\TE.xml,TE,174203,e873c32e-5e0c-4f36-b2a7-48d4917bce06-0002a87b,BTZ_Description_02,TE-ACT-LGC-SECTOR,TE-ACT-LGC-SECTOR ACEITE,corregido,Completado desde etiqueta Project XML
2026-06-02 10:38:15,C:\Users\Usuario\AppData\Roaming\pyRevit\Extensions\btz.extension\public\project\TE.xml,TE,174292,e873c32e-5e0c-4f36-b2a7-48d4917bce06-0002a8d4,BTZ_Description_04,TE-ALM-CNT-C6,TE-ALM-CNT-C6 (C6CC4,corregido,Completado desde etiqueta Project XML
2026-06-02 10:38:15,C:\Users\Usuario\AppData\Roaming\pyRevit\Extensions\btz.extension\public\project\TE.xml,TE,174292,e873c32e-5e0c-4f36-b2a7-48d4917bce06-0002a8d4,BTZ_Description_07,TE-ALM-CNT-C7,TE-ALM-CNT-C7 (C4C7,corregido,Completado desde etiqueta Project XML
2026-06-02 10:38:15,C:\Users\Usuario\AppData\Roaming\pyRevit\Extensions\btz.extension\public\project\TE.xml,TE,174292,e873c32e-5e0c-4f36-b2a7-48d4917bce06-0002a8d4,BTZ_Description_10,TE-ALM-CNT-C8,TE-ALM-CNT-C8 (C8SC4,corregido,Completado desde etiqueta Project XML
2026-06-02 10:38:15,C:\Users\Usuario\AppData\Roaming\pyRevit\Extensions\btz.extension\public\project\TE.xml,TE,174292,e873c32e-5e0c-4f36-b2a7-48d4917bce06-0002a8d4,BTZ_Description_12,TE-ALM-CNT-C9,TE-ALM-CNT-C9 (C9SC4,corregido,Completado desde etiqueta Project XML
2026-06-02 10:38:15,C:\Users\Usuario\AppData\Roaming\pyRevit\Extensions\btz.extension\public\project\TE.xml,TE,174292,e873c32e-5e0c-4f36-b2a7-48d4917bce06-0002a8d4,BTZ_Description_68,TE-TNL-CNT-CBC4,TE-TNL-CNT-CBC4 C10,corregido,Completado desde etiqueta Project XML
2026-06-02 10:38:15,C:\Users\Usuario\AppData\Roaming\pyRevit\Extensions\btz.extension\public\project\TE.xml,TE,196851,25d0f85d-57da-4cae-8ca2-9b682363407e-000300f3,BTZ_Description_06,TE-ACT-LIN-LINEA,TE-ACT-LIN-LINEA VAPOR,corregido,Completado desde etiqueta Project XML
2026-06-02 10:38:15,C:\Users\Usuario\AppData\Roaming\pyRevit\Extensions\btz.extension\public\project\TE.xml,TE,196872,25d0f85d-57da-4cae-8ca2-9b682363407e-00030108,BTZ_Description_08,TE-BBR-BMB-DESAG,TE-BBR-BMB-DESAG CAMARA,corregido,Completado desde etiqueta Project XML
2026-06-02 10:38:15,C:\Users\Usuario\AppData\Roaming\pyRevit\Extensions\btz.extension\public\project\TE.xml,TE,196891,25d0f85d-57da-4cae-8ca2-9b682363407e-0003011b,BTZ_Description_08,TE-GLC-LGC-BOMBAS,TE-GLC-LGC-BOMBAS GLICERINA,corregido,Completado desde etiqueta Project XML
2026-06-02 10:38:15,C:\Users\Usuario\AppData\Roaming\pyRevit\Extensions\btz.extension\public\project\TE.xml,TE,197248,25d0f85d-57da-4cae-8ca2-9b682363407e-00030280,BTZ_Description_02,TE-ACT-LGC-SECTOR,TE-ACT-LGC-SECTOR ACEITE,corregido,Completado desde etiqueta Project XML
2026-06-02 10:38:15,C:\Users\Usuario\AppData\Roaming\pyRevit\Extensions\btz.extension\public\project\TE.xml,TE,197248,25d0f85d-57da-4cae-8ca2-9b682363407e-00030280,BTZ_Description_07,TE-RFN-FLT-FARG,TE-RFN-FLT-FARG SUR,corregido,Completado desde etiqueta Project XML
2026-06-02 10:38:15,C:\Users\Usuario\AppData\Roaming\pyRevit\Extensions\btz.extension\public\project\TE.xml,TE,197248,25d0f85d-57da-4cae-8ca2-9b682363407e-00030280,BTZ_Description_08,TE-RFN-FLT-FARS,TE-RFN-FLT-FARS NORTE,corregido,Completado desde etiqueta Project XML
2026-06-02 10:38:15,C:\Users\Usuario\AppData\Roaming\pyRevit\Extensions\btz.extension\public\project\TE.xml,TE,197248,25d0f85d-57da-4cae-8ca2-9b682363407e-00030280,BTZ_Description_09,TE-RFN-LCT-LECTOR,TE-RFN-LCT-LECTOR TARJET REF,corregido,Completado desde etiqueta Project XML
2026-06-02 10:38:15,C:\Users\Usuario\AppData\Roaming\pyRevit\Extensions\btz.extension\public\project\TE.xml,TE,198120,25d0f85d-57da-4cae-8ca2-9b682363407e-000305e8,BTZ_Description_05,TE-TLL-GNR-,TE-TLL-GNR- GENERADOR GNW73ER,corregido,Completado desde etiqueta Project XML
2026-06-02 10:38:15,C:\Users\Usuario\AppData\Roaming\pyRevit\Extensions\btz.extension\public\project\TE.xml,TE,198120,25d0f85d-57da-4cae-8ca2-9b682363407e-000305e8,BTZ_Description_06,TE-TLL-MLC-MLC,TE-TLL-MLC-MLC TALLER,corregido,Completado desde etiqueta Project XML
2026-06-02 10:38:15,C:\Users\Usuario\AppData\Roaming\pyRevit\Extensions\btz.extension\public\project\TE.xml,TE,198120,25d0f85d-57da-4cae-8ca2-9b682363407e-000305e8,BTZ_NumeroActivo,TE-TLL-TALLER,,limpiado_duplicado,El código completo ya existía en BTZ_Description_03; se limpió el truncado
2026-06-02 10:38:15,C:\Users\Usuario\AppData\Roaming\pyRevit\Extensions\btz.extension\public\project\TE.xml,TE,238339,25d0f85d-57da-4cae-8ca2-9b682363407e-0003a303,BTZ_Description_05,TE-EMB-LGC-SECTOR,,limpiado_duplicado,El código completo ya existía en BTZ_Description_02; se limpió el truncado
2026-06-02 10:38:15,C:\Users\Usuario\AppData\Roaming\pyRevit\Extensions\btz.extension\public\project\TE.xml,TE,238674,25d0f85d-57da-4cae-8ca2-9b682363407e-0003a452,BTZ_Description_02,TE-TDM-LGC-TORRE,TE-TDM-LGC-TORRE DE MANIPULEO,corregido,Completado desde etiqueta Project XML
2026-06-02 10:38:15,C:\Users\Usuario\AppData\Roaming\pyRevit\Extensions\btz.extension\public\project\TE.xml,TE,238674,25d0f85d-57da-4cae-8ca2-9b682363407e-0003a452,BTZ_Description_03,TE-TDM-LGC-PENDULARES,TE-TDM-LGC-PENDULARES TDM,corregido,Completado desde etiqueta Project XML
2026-06-02 10:38:15,C:\Users\Usuario\AppData\Roaming\pyRevit\Extensions\btz.extension\public\project\TE.xml,TE,239666,25d0f85d-57da-4cae-8ca2-9b682363407e-0003a832,BTZ_Description_05,TE-EMB-GLR-ACCESO,TE-EMB-GLR-ACCESO BUQUE,corregido,Completado desde etiqueta Project XML
2026-06-02 10:38:15,C:\Users\Usuario\AppData\Roaming\pyRevit\Extensions\btz.extension\public\project\TE.xml,TE,239666,25d0f85d-57da-4cae-8ca2-9b682363407e-0003a832,BTZ_Description_06,TE-EMB-LGC-CINTAS,,limpiado_duplicado,El código completo ya existía en BTZ_Description_03; se limpió el truncado
2026-06-02 10:38:15,C:\Users\Usuario\AppData\Roaming\pyRevit\Extensions\btz.extension\public\project\TE.xml,TE,239910,25d0f85d-57da-4cae-8ca2-9b682363407e-0003a926,BTZ_Description_06,TE-GLC-LGC-TANQUES,,limpiado_duplicado,El código completo ya existía en BTZ_Description_03; se limpió el truncado
2026-06-02 10:38:15,C:\Users\Usuario\AppData\Roaming\pyRevit\Extensions\btz.extension\public\project\TE.xml,TE,240182,25d0f85d-57da-4cae-8ca2-9b682363407e-0003aa36,BTZ_NumeroActivo,TE-ADM-EDF-VESTUARIOS,,limpiado_duplicado,El código completo ya existía en BTZ_Description_03; se limpió el truncado
2026-06-02 10:38:15,C:\Users\Usuario\AppData\Roaming\pyRevit\Extensions\btz.extension\public\project\TE.xml,TE,243779,94c5ceaf-9c93-4a8b-ad76-b4723e012880-0003b843,BTZ_NumeroActivo,TE-CLD-LGC-CALADO,,limpiado_duplicado,El código completo ya existía en BTZ_Description_04; se limpió el truncado
2026-06-02 10:38:15,C:\Users\Usuario\AppData\Roaming\pyRevit\Extensions\btz.extension\public\project\TE.xml,TE,243861,94c5ceaf-9c93-4a8b-ad76-b4723e012880-0003b895,BTZ_NumeroActivo,TE-ADM-EDF-DPTO,,limpiado_duplicado,El código completo ya existía en BTZ_Description_03; se limpió el truncado
2026-06-02 10:38:15,C:\Users\Usuario\AppData\Roaming\pyRevit\Extensions\btz.extension\public\project\TE.xml,TE,244647,537a4952-56a2-40b2-b335-4f8c5f98eeab-0003bba7,BTZ_Description_04,TE-ACT-LGC-SECTOR,TE-ACT-LGC-SECTOR ACEITE,corregido,Completado desde etiqueta Project XML
2026-06-02 10:38:15,C:\Users\Usuario\AppData\Roaming\pyRevit\Extensions\btz.extension\public\project\TE.xml,TE,244647,537a4952-56a2-40b2-b335-4f8c5f98eeab-0003bba7,BTZ_Description_09,TE-RFN-FLT-FARG,TE-RFN-FLT-FARG SUR,corregido,Completado desde etiqueta Project XML
2026-06-02 10:38:15,C:\Users\Usuario\AppData\Roaming\pyRevit\Extensions\btz.extension\public\project\TE.xml,TE,244647,537a4952-56a2-40b2-b335-4f8c5f98eeab-0003bba7,BTZ_Description_10,TE-RFN-FLT-FARS,TE-RFN-FLT-FARS NORTE,corregido,Completado desde etiqueta Project XML
2026-06-02 10:38:15,C:\Users\Usuario\AppData\Roaming\pyRevit\Extensions\btz.extension\public\project\TE.xml,TE,244647,537a4952-56a2-40b2-b335-4f8c5f98eeab-0003bba7,BTZ_Description_11,TE-RFN-LCT-LECTOR,TE-RFN-LCT-LECTOR TARJET REF,corregido,Completado desde etiqueta Project XML
2026-06-02 10:38:15,C:\Users\Usuario\AppData\Roaming\pyRevit\Extensions\btz.extension\public\project\TE.xml,TE,247155,6d934a82-96dc-4146-9e66-1ddfb42e3787-0003c573,BTZ_Description_02,TE-DDV-LGC-DESC,TE-DDV-LGC-DESC. VAGONES,corregido,Completado desde etiqueta Project XML
2026-06-02 10:38:15,C:\Users\Usuario\AppData\Roaming\pyRevit\Extensions\btz.extension\public\project\TE.xml,TE,247155,6d934a82-96dc-4146-9e66-1ddfb42e3787-0003c573,BTZ_Description_03,TE-DDV-ASP-ASPER,TE-DDV-ASP-ASPER. DESC. VAG,corregido,Completado desde etiqueta Project XML
2026-06-02 10:38:15,C:\Users\Usuario\AppData\Roaming\pyRevit\Extensions\btz.extension\public\project\TE.xml,TE,247308,6d934a82-96dc-4146-9e66-1ddfb42e3787-0003c60c,BTZ_Description_02,TE-DDV-LGC-DESC,TE-DDV-LGC-DESC. VAGONES,corregido,Completado desde etiqueta Project XML
2026-06-02 10:38:15,C:\Users\Usuario\AppData\Roaming\pyRevit\Extensions\btz.extension\public\project\TE.xml,TE,247308,6d934a82-96dc-4146-9e66-1ddfb42e3787-0003c60c,BTZ_Description_03,TE-DDV-ASP-ASPER,TE-DDV-ASP-ASPER. DESC. VAG,corregido,Completado desde etiqueta Project XML
2026-06-02 10:38:15,C:\Users\Usuario\AppData\Roaming\pyRevit\Extensions\btz.extension\public\project\TE.xml,TE,247346,6d934a82-96dc-4146-9e66-1ddfb42e3787-0003c632,BTZ_Description_02,TE-DDV-LGC-DESC,TE-DDV-LGC-DESC. VAGONES,corregido,Completado desde etiqueta Project XML
2026-06-02 10:38:15,C:\Users\Usuario\AppData\Roaming\pyRevit\Extensions\btz.extension\public\project\TE.xml,TE,247346,6d934a82-96dc-4146-9e66-1ddfb42e3787-0003c632,BTZ_Description_03,TE-DDV-ASP-ASPER,TE-DDV-ASP-ASPER. DESC. VAG,corregido,Completado desde etiqueta Project XML
2026-06-02 10:38:15,C:\Users\Usuario\AppData\Roaming\pyRevit\Extensions\btz.extension\public\project\TE.xml,TE,247373,6d934a82-96dc-4146-9e66-1ddfb42e3787-0003c64d,BTZ_Description_03,TE-DDV-BLN-BALANZA,TE-DDV-BLN-BALANZA VAGONES,corregido,Completado desde etiqueta Project XML
2026-06-02 10:38:15,C:\Users\Usuario\AppData\Roaming\pyRevit\Extensions\btz.extension\public\project\TE.xml,TE,247373,6d934a82-96dc-4146-9e66-1ddfb42e3787-0003c64d,BTZ_NumeroActivo,TE-DDV-BLN-BALANZA,,limpiado_duplicado,El código completo ya existía en BTZ_Description_03; se limpió el truncado
2026-06-02 10:38:15,C:\Users\Usuario\AppData\Roaming\pyRevit\Extensions\btz.extension\public\project\TE.xml,TE,249234,6d934a82-96dc-4146-9e66-1ddfb42e3787-0003cd92,BTZ_Description_05,TE-PLY-BLN-1,TE-PLY-BLN-1 SUR,corregido,Completado desde etiqueta Project XML
2026-06-02 10:38:15,C:\Users\Usuario\AppData\Roaming\pyRevit\Extensions\btz.extension\public\project\TE.xml,TE,249243,6d934a82-96dc-4146-9e66-1ddfb42e3787-0003cd9b,BTZ_Description_05,TE-PLY-BLN-2,TE-PLY-BLN-2 NORTE,corregido,Completado desde etiqueta Project XML
2026-06-02 10:38:15,C:\Users\Usuario\AppData\Roaming\pyRevit\Extensions\btz.extension\public\project\TE.xml,TE,250078,6d934a82-96dc-4146-9e66-1ddfb42e3787-0003d0de,BTZ_Description_07,TE-PLY-BLN-1,TE-PLY-BLN-1 SUR,corregido,Completado desde etiqueta Project XML
2026-06-02 10:38:15,C:\Users\Usuario\AppData\Roaming\pyRevit\Extensions\btz.extension\public\project\TE.xml,TE,250078,6d934a82-96dc-4146-9e66-1ddfb42e3787-0003d0de,BTZ_Description_08,TE-PLY-BLN-2,TE-PLY-BLN-2 NORTE,corregido,Completado desde etiqueta Project XML
2026-06-02 10:38:15,C:\Users\Usuario\AppData\Roaming\pyRevit\Extensions\btz.extension\public\project\TE.xml,TE,285419,121e7c49-6f80-4698-91bd-c7c5a38e25dd-00045aeb,BTZ_Description_02,TE-SCD-LGC-SECTOR,TE-SCD-LGC-SECTOR SECADORA,corregido,Completado desde etiqueta Project XML
2026-06-02 10:38:15,C:\Users\Usuario\AppData\Roaming\pyRevit\Extensions\btz.extension\public\project\TE.xml,TE,285419,121e7c49-6f80-4698-91bd-c7c5a38e25dd-00045aeb,BTZ_Description_03,TE-SCD-CCM-CCM,TE-SCD-CCM-CCM SECAD,corregido,Completado desde etiqueta Project XML
2026-06-02 10:38:15,C:\Users\Usuario\AppData\Roaming\pyRevit\Extensions\btz.extension\public\project\TE.xml,TE,285419,121e7c49-6f80-4698-91bd-c7c5a38e25dd-00045aeb,BTZ_Description_04,TE-SCD-LGC-REDLER,TE-SCD-LGC-REDLER SECADORA,corregido,Completado desde etiqueta Project XML
2026-06-02 10:38:15,C:\Users\Usuario\AppData\Roaming\pyRevit\Extensions\btz.extension\public\project\TE.xml,TE,285419,121e7c49-6f80-4698-91bd-c7c5a38e25dd-00045aeb,BTZ_Description_11,TE-SEC-SEC-SEKW,TE-SEC-SEC-SEKW (SECADORA,corregido,Completado desde etiqueta Project XML
2026-06-02 10:38:15,C:\Users\Usuario\AppData\Roaming\pyRevit\Extensions\btz.extension\public\project\TE.xml,TE,287288,3ef3eb15-44e2-4f2f-86e5-968d98d4d492-00046238,BTZ_Description_07,TE-ACT-LGC-SECTOR,,limpiado_duplicado,El código completo ya existía en BTZ_Description_02; se limpió el truncado
2026-06-02 10:38:15,C:\Users\Usuario\AppData\Roaming\pyRevit\Extensions\btz.extension\public\project\TE.xml,TE,287288,3ef3eb15-44e2-4f2f-86e5-968d98d4d492-00046238,BTZ_Description_08,TE-ACT-LIN-LINEA,TE-ACT-LIN-LINEA VAPOR,corregido,Completado desde etiqueta Project XML
2026-06-02 10:38:15,C:\Users\Usuario\AppData\Roaming\pyRevit\Extensions\btz.extension\public\project\TE.xml,TE,308642,dc2f52e8-69c4-45c8-a7dd-658a902d58d3-0004b5a2,BTZ_Description_08,TE-RFN-LCT-LECTOR,TE-RFN-LCT-LECTOR TARJET REF,corregido,Completado desde etiqueta Project XML
2026-06-02 10:38:15,C:\Users\Usuario\AppData\Roaming\pyRevit\Extensions\btz.extension\public\project\TE.xml,TE,314154,dc2f52e8-69c4-45c8-a7dd-658a902d58d3-0004cb2a,BTZ_Description_06,TE-DDC-LGC-PLAT,TE-DDC-LGC-PLAT. VOLCABLES,corregido,Completado desde etiqueta Project XML
2026-06-02 10:38:15,C:\Users\Usuario\AppData\Roaming\pyRevit\Extensions\btz.extension\public\project\TE.xml,TE,314219,dc2f52e8-69c4-45c8-a7dd-658a902d58d3-0004cb6b,BTZ_Description_16,TE-DDC-SIS-ASPIRACION,TE-DDC-SIS-ASPIRACION CH PV,corregido,Completado desde etiqueta Project XML
2026-06-02 10:38:15,C:\Users\Usuario\AppData\Roaming\pyRevit\Extensions\btz.extension\public\project\TE.xml,TE,314581,dc2f52e8-69c4-45c8-a7dd-658a902d58d3-0004ccd5,BTZ_Description_10,TE-ALM-VLV-P59,TE-ALM-VLV-P59 DESC,corregido,Completado desde etiqueta Project XML
2026-06-02 10:38:15,C:\Users\Usuario\AppData\Roaming\pyRevit\Extensions\btz.extension\public\project\TE.xml,TE,314581,dc2f52e8-69c4-45c8-a7dd-658a902d58d3-0004ccd5,BTZ_Description_13,TE-ALM-VLV-P66,TE-ALM-VLV-P66 DESC,corregido,Completado desde etiqueta Project XML
2026-06-02 10:38:15,C:\Users\Usuario\AppData\Roaming\pyRevit\Extensions\btz.extension\public\project\TE.xml,TE,314581,dc2f52e8-69c4-45c8-a7dd-658a902d58d3-0004ccd5,BTZ_Description_16,TE-ALM-VLV-P77,TE-ALM-VLV-P77 DESC,corregido,Completado desde etiqueta Project XML
2026-06-02 10:38:15,C:\Users\Usuario\AppData\Roaming\pyRevit\Extensions\btz.extension\public\project\TE.xml,TE,314647,dc2f52e8-69c4-45c8-a7dd-658a902d58d3-0004cd17,BTZ_Description_13,TE-ALM-VLV-P67,TE-ALM-VLV-P67 DESC,corregido,Completado desde etiqueta Project XML
2026-06-02 10:38:15,C:\Users\Usuario\AppData\Roaming\pyRevit\Extensions\btz.extension\public\project\TE.xml,TE,314647,dc2f52e8-69c4-45c8-a7dd-658a902d58d3-0004cd17,BTZ_Description_16,TE-ALM-VLV-P78,TE-ALM-VLV-P78 DESC,corregido,Completado desde etiqueta Project XML
2026-06-02 10:38:15,C:\Users\Usuario\AppData\Roaming\pyRevit\Extensions\btz.extension\public\project\TE.xml,TE,346372,166708fd-8f1f-4231-bc3b-68b8d7570667-00054904,BTZ_Description_05,TE-TDM-ASC-ASCENSOR,TE-TDM-ASC-ASCENSOR 1,corregido,Completado desde etiqueta Project XML
2026-06-02 10:38:15,C:\Users\Usuario\AppData\Roaming\pyRevit\Extensions\btz.extension\public\project\TE.xml,TE,346372,166708fd-8f1f-4231-bc3b-68b8d7570667-00054904,BTZ_Description_12,TE-TDM-CMP-AC,TE-TDM-CMP-AC TAB-5-1,corregido,Completado desde etiqueta Project XML
2026-06-02 10:38:15,C:\Users\Usuario\AppData\Roaming\pyRevit\Extensions\btz.extension\public\project\TE.xml,TE,346372,166708fd-8f1f-4231-bc3b-68b8d7570667-00054904,BTZ_Description_13,TE-TE6-LGC-TORRE,TE-TE6-LGC-TORRE EL6,corregido,Completado desde etiqueta Project XML
2026-06-02 10:38:15,C:\Users\Usuario\AppData\Roaming\pyRevit\Extensions\btz.extension\public\project\TE.xml,TE,346372,166708fd-8f1f-4231-bc3b-68b8d7570667-00054904,BTZ_Description_18,TE-TE6-MLC-MALC,TE-TE6-MLC-MALC EL6,corregido,Completado desde etiqueta Project XML
2026-06-02 10:38:15,C:\Users\Usuario\AppData\Roaming\pyRevit\Extensions\btz.extension\public\project\TE.xml,TE,349738,166708fd-8f1f-4231-bc3b-68b8d7570667-0005562a,BTZ_Description_05,TE-TDM-LGC-GALERIA,,limpiado_duplicado,El código completo ya existía en BTZ_Description_03; se limpió el truncado
2026-06-02 10:38:15,C:\Users\Usuario\AppData\Roaming\pyRevit\Extensions\btz.extension\public\project\TE.xml,TE,349738,166708fd-8f1f-4231-bc3b-68b8d7570667-0005562a,BTZ_Description_07,TE-TDM-ASP-ASPERSOR,TE-TDM-ASP-ASPERSOR TDM,corregido,Completado desde etiqueta Project XML
2026-06-02 10:38:15,C:\Users\Usuario\AppData\Roaming\pyRevit\Extensions\btz.extension\public\project\TE.xml,TE,349738,166708fd-8f1f-4231-bc3b-68b8d7570667-0005562a,BTZ_Description_08,TE-TDM-CMP-COM1,TE-TDM-CMP-COM1 (COMPRESOR,corregido,Completado desde etiqueta Project XML
2026-06-02 10:38:15,C:\Users\Usuario\AppData\Roaming\pyRevit\Extensions\btz.extension\public\project\TE.xml,TE,349738,166708fd-8f1f-4231-bc3b-68b8d7570667-0005562a,BTZ_Description_09,TE-TDM-VLV-VRFMTDM,TE-TDM-VLV-VRFMTDM -M3,corregido,Completado desde etiqueta Project XML
2026-06-02 10:38:15,C:\Users\Usuario\AppData\Roaming\pyRevit\Extensions\btz.extension\public\project\TE.xml,TE,349738,166708fd-8f1f-4231-bc3b-68b8d7570667-0005562a,BTZ_Description_12,TE-TDM-LGC-BANCO,TE-TDM-LGC-BANCO DE CAPACITORE,corregido,Completado desde etiqueta Project XML
2026-06-02 10:38:15,C:\Users\Usuario\AppData\Roaming\pyRevit\Extensions\btz.extension\public\project\TE.xml,TE,350532,166708fd-8f1f-4231-bc3b-68b8d7570667-00055944,BTZ_Description_05,TE-EMB-ESC-ESC,TE-EMB-ESC-ESC A BUQUE,corregido,Completado desde etiqueta Project XML
2026-06-02 10:38:15,C:\Users\Usuario\AppData\Roaming\pyRevit\Extensions\btz.extension\public\project\TE.xml,TE,350956,166708fd-8f1f-4231-bc3b-68b8d7570667-00055aec,BTZ_Description_05,TE-ACT-LGC-BOMBAS,TE-ACT-LGC-BOMBAS LECITINA,corregido,Completado desde etiqueta Project XML
2026-06-02 10:38:15,C:\Users\Usuario\AppData\Roaming\pyRevit\Extensions\btz.extension\public\project\TE.xml,TE,351012,166708fd-8f1f-4231-bc3b-68b8d7570667-00055b24,BTZ_Description_02,TE-ACT-LGC-SECTOR,TE-ACT-LGC-SECTOR ACEITE,corregido,Completado desde etiqueta Project XML
2026-06-02 10:38:15,C:\Users\Usuario\AppData\Roaming\pyRevit\Extensions\btz.extension\public\project\TE.xml,TE,351012,166708fd-8f1f-4231-bc3b-68b8d7570667-00055b24,BTZ_Description_03,TE-BBR-LGC-SECTOR,TE-BBR-LGC-SECTOR BAJO  BARR,corregido,Completado desde etiqueta Project XML
2026-06-02 10:38:15,C:\Users\Usuario\AppData\Roaming\pyRevit\Extensions\btz.extension\public\project\TE.xml,TE,351012,166708fd-8f1f-4231-bc3b-68b8d7570667-00055b24,BTZ_Description_07,TE-BBR-CNL-CANAL,TE-BBR-CNL-CANAL PLUVIAL BBR,corregido,Completado desde etiqueta Project XML
2026-06-02 10:38:15,C:\Users\Usuario\AppData\Roaming\pyRevit\Extensions\btz.extension\public\project\TE.xml,TE,351012,166708fd-8f1f-4231-bc3b-68b8d7570667-00055b24,BTZ_Description_08,TE-BBR-VLV-CLAP,TE-BBR-VLV-CLAP PLUV NORTE,corregido,Completado desde etiqueta Project XML
2026-06-02 10:38:15,C:\Users\Usuario\AppData\Roaming\pyRevit\Extensions\btz.extension\public\project\TE.xml,TE,351012,166708fd-8f1f-4231-bc3b-68b8d7570667-00055b24,BTZ_Description_09,TE-BBR-VLV-DESPURGUE,TE-BBR-VLV-DESPURGUE DCT NORTE,corregido,Completado desde etiqueta Project XML
2026-06-02 10:38:15,C:\Users\Usuario\AppData\Roaming\pyRevit\Extensions\btz.extension\public\project\TE.xml,TE,351012,166708fd-8f1f-4231-bc3b-68b8d7570667-00055b24,BTZ_Description_10,TE-BBR-VLV-EGRESO,TE-BBR-VLV-EGRESO DCT NORTE,corregido,Completado desde etiqueta Project XML
2026-06-02 10:38:15,C:\Users\Usuario\AppData\Roaming\pyRevit\Extensions\btz.extension\public\project\TE.xml,TE,351012,166708fd-8f1f-4231-bc3b-68b8d7570667-00055b24,BTZ_Description_11,TE-BBR-VLV-INGRESO,TE-BBR-VLV-INGRESO DCT NORTE,corregido,Completado desde etiqueta Project XML
2026-06-02 10:38:15,C:\Users\Usuario\AppData\Roaming\pyRevit\Extensions\btz.extension\public\project\TE.xml,TE,351012,166708fd-8f1f-4231-bc3b-68b8d7570667-00055b24,BTZ_Description_13,TE-BBR-PLT-PILETA,TE-BBR-PLT-PILETA DECANT,corregido,Completado desde etiqueta Project XML
2026-06-02 10:38:15,C:\Users\Usuario\AppData\Roaming\pyRevit\Extensions\btz.extension\public\project\TE.xml,TE,351012,166708fd-8f1f-4231-bc3b-68b8d7570667-00055b24,BTZ_Description_14,TE-BBR-BMB-DESAG,TE-BBR-BMB-DESAG CAMARA,corregido,Completado desde etiqueta Project XML
2026-06-02 10:38:15,C:\Users\Usuario\AppData\Roaming\pyRevit\Extensions\btz.extension\public\project\TE.xml,TE,351012,166708fd-8f1f-4231-bc3b-68b8d7570667-00055b24,BTZ_Description_15,TE-BBR-CMR-CAMARA,TE-BBR-CMR-CAMARA DESGRAS,corregido,Completado desde etiqueta Project XML
2026-06-02 10:38:15,C:\Users\Usuario\AppData\Roaming\pyRevit\Extensions\btz.extension\public\project\TE.xml,TE,352276,166708fd-8f1f-4231-bc3b-68b8d7570667-00056014,BTZ_Description_05,TE-EMB-LGC-CCM,TE-EMB-LGC-CCM EMBARQUE,corregido,Completado desde etiqueta Project XML
2026-06-02 10:38:15,C:\Users\Usuario\AppData\Roaming\pyRevit\Extensions\btz.extension\public\project\TE.xml,TE,361370,79a4e34a-87ef-4472-9c35-b34f669597e2-0005839a,BTZ_NumeroActivo,TE-BIO-SLA-SALA,,limpiado_duplicado,El código completo ya existía en BTZ_Description_04; se limpió el truncado
2026-06-02 10:38:15,C:\Users\Usuario\AppData\Roaming\pyRevit\Extensions\btz.extension\public\project\TE.xml,TE,373369,1dd9711a-59af-4c3f-8b41-17903a787e86-0005b279,BTZ_Description_10,TE-TDM-LGC-SIRENAS,TE-TDM-LGC-SIRENAS TDM,corregido,Completado desde etiqueta Project XML
2026-06-02 10:38:15,C:\Users\Usuario\AppData\Roaming\pyRevit\Extensions\btz.extension\public\project\TE.xml,TE,373369,1dd9711a-59af-4c3f-8b41-17903a787e86-0005b279,BTZ_Description_14,TE-TE6-FLT-CFINOS,TE-TE6-FLT-CFINOS PREPA-OSL,corregido,Completado desde etiqueta Project XML
2026-06-02 10:38:15,C:\Users\Usuario\AppData\Roaming\pyRevit\Extensions\btz.extension\public\project\TE.xml,TE,374208,1dd9711a-59af-4c3f-8b41-17903a787e86-0005b5c0,BTZ_Description_14,TE-TDM-LGC-BALANZAS,TE-TDM-LGC-BALANZAS EMBARQUE,corregido,Completado desde etiqueta Project XML
2026-06-02 10:38:15,C:\Users\Usuario\AppData\Roaming\pyRevit\Extensions\btz.extension\public\project\TE.xml,TE,374459,1dd9711a-59af-4c3f-8b41-17903a787e86-0005b6bb,BTZ_Description_02,TE-TDM-LGC-TORRE,TE-TDM-LGC-TORRE DE MANIPULEO,corregido,Completado desde etiqueta Project XML
2026-06-02 10:38:15,C:\Users\Usuario\AppData\Roaming\pyRevit\Extensions\btz.extension\public\project\TE.xml,TE,374459,1dd9711a-59af-4c3f-8b41-17903a787e86-0005b6bb,BTZ_Description_03,TE-TDM-ASC-ASCENSOR,TE-TDM-ASC-ASCENSOR 1,corregido,Completado desde etiqueta Project XML
2026-06-02 10:38:15,C:\Users\Usuario\AppData\Roaming\pyRevit\Extensions\btz.extension\public\project\TE.xml,TE,374802,1dd9711a-59af-4c3f-8b41-17903a787e86-0005b812,BTZ_NumeroActivo,TE-TDM-LGC-PENDULARES,,limpiado_duplicado,El código completo ya existía en BTZ_Description_03; se limpió el truncado
2026-06-02 10:38:15,C:\Users\Usuario\AppData\Roaming\pyRevit\Extensions\btz.extension\public\project\TE.xml,TE,375014,8accc226-fd17-4cff-b8d4-a22c3cd8ef0a-0005b8e6,BTZ_Description_02,TE-TDM-LGC-TORRE,TE-TDM-LGC-TORRE DE MANIPULEO,corregido,Completado desde etiqueta Project XML
2026-06-02 10:38:15,C:\Users\Usuario\AppData\Roaming\pyRevit\Extensions\btz.extension\public\project\TE.xml,TE,375014,8accc226-fd17-4cff-b8d4-a22c3cd8ef0a-0005b8e6,BTZ_Description_03,TE-TDM-LGC-CCM,TE-TDM-LGC-CCM TDM,corregido,Completado desde etiqueta Project XML
2026-06-02 10:38:15,C:\Users\Usuario\AppData\Roaming\pyRevit\Extensions\btz.extension\public\project\TE.xml,TE,375014,8accc226-fd17-4cff-b8d4-a22c3cd8ef0a-0005b8e6,BTZ_Description_08,TE-TDM-GNR-GENERADOR,TE-TDM-GNR-GENERADOR GEP2183,corregido,Completado desde etiqueta Project XML
2026-06-02 10:38:15,C:\Users\Usuario\AppData\Roaming\pyRevit\Extensions\btz.extension\public\project\TE.xml,TE,375014,8accc226-fd17-4cff-b8d4-a22c3cd8ef0a-0005b8e6,BTZ_Description_13,TE-TDM-LGC-BANCO,TE-TDM-LGC-BANCO DE CAPACITORE,corregido,Completado desde etiqueta Project XML
2026-06-02 10:38:15,C:\Users\Usuario\AppData\Roaming\pyRevit\Extensions\btz.extension\public\project\TE.xml,TE,375014,8accc226-fd17-4cff-b8d4-a22c3cd8ef0a-0005b8e6,BTZ_Description_14,TE-TDM-LGC-SIRENAS,TE-TDM-LGC-SIRENAS TDM,corregido,Completado desde etiqueta Project XML
2026-06-02 10:38:15,C:\Users\Usuario\AppData\Roaming\pyRevit\Extensions\btz.extension\public\project\TE.xml,TE,375014,8accc226-fd17-4cff-b8d4-a22c3cd8ef0a-0005b8e6,BTZ_NumeroActivo,TE-TDM-LGC-CINTAS,TE-TDM-LGC-CINTAS TRANSFERENCI,corregido,Completado desde etiqueta Project XML
2026-06-02 10:38:15,C:\Users\Usuario\AppData\Roaming\pyRevit\Extensions\btz.extension\public\project\TE.xml,TE,376778,8accc226-fd17-4cff-b8d4-a22c3cd8ef0a-0005bfca,BTZ_Description_02,TE-SCD-LGC-SECTOR,TE-SCD-LGC-SECTOR SECADORA,corregido,Completado desde etiqueta Project XML
2026-06-02 10:38:15,C:\Users\Usuario\AppData\Roaming\pyRevit\Extensions\btz.extension\public\project\TE.xml,TE,376778,8accc226-fd17-4cff-b8d4-a22c3cd8ef0a-0005bfca,BTZ_NumeroActivo,TE-SCD-LGC-REDLER,TE-SCD-LGC-REDLER SECADORA,corregido,Completado desde etiqueta Project XML
2026-06-02 10:38:15,C:\Users\Usuario\AppData\Roaming\pyRevit\Extensions\btz.extension\public\project\TE.xml,TE,376800,8accc226-fd17-4cff-b8d4-a22c3cd8ef0a-0005bfe0,BTZ_Description_02,TE-SCD-LGC-SECTOR,TE-SCD-LGC-SECTOR SECADORA,corregido,Completado desde etiqueta Project XML
2026-06-02 10:38:15,C:\Users\Usuario\AppData\Roaming\pyRevit\Extensions\btz.extension\public\project\TE.xml,TE,376826,8accc226-fd17-4cff-b8d4-a22c3cd8ef0a-0005bffa,BTZ_Description_02,TE-SCD-LGC-SECTOR,TE-SCD-LGC-SECTOR SECADORA,corregido,Completado desde etiqueta Project XML
2026-06-02 10:38:15,C:\Users\Usuario\AppData\Roaming\pyRevit\Extensions\btz.extension\public\project\TE.xml,TE,376826,8accc226-fd17-4cff-b8d4-a22c3cd8ef0a-0005bffa,BTZ_Description_10,TE-SCD-LGC-VENTIL,TE-SCD-LGC-VENTIL AIRE CALIENT,corregido,Completado desde etiqueta Project XML
2026-06-02 10:38:15,C:\Users\Usuario\AppData\Roaming\pyRevit\Extensions\btz.extension\public\project\TE.xml,TE,376826,8accc226-fd17-4cff-b8d4-a22c3cd8ef0a-0005bffa,BTZ_Description_11,TE-SEC-VNT-VE01,TE-SEC-VNT-VE01 AIRE CAL,corregido,Completado desde etiqueta Project XML
2026-06-02 10:38:15,C:\Users\Usuario\AppData\Roaming\pyRevit\Extensions\btz.extension\public\project\TE.xml,TE,376826,8accc226-fd17-4cff-b8d4-a22c3cd8ef0a-0005bffa,BTZ_Description_12,TE-SEC-VNT-VE02,TE-SEC-VNT-VE02 AIRE CAL,corregido,Completado desde etiqueta Project XML
2026-06-02 10:38:15,C:\Users\Usuario\AppData\Roaming\pyRevit\Extensions\btz.extension\public\project\TE.xml,TE,376826,8accc226-fd17-4cff-b8d4-a22c3cd8ef0a-0005bffa,BTZ_Description_13,TE-SEC-VNT-VE03,TE-SEC-VNT-VE03 AIRE CAL,corregido,Completado desde etiqueta Project XML
2026-06-02 10:38:15,C:\Users\Usuario\AppData\Roaming\pyRevit\Extensions\btz.extension\public\project\TE.xml,TE,376826,8accc226-fd17-4cff-b8d4-a22c3cd8ef0a-0005bffa,BTZ_Description_14,TE-SEC-VNT-VE04,TE-SEC-VNT-VE04 AIRE CAL,corregido,Completado desde etiqueta Project XML
2026-06-02 10:38:15,C:\Users\Usuario\AppData\Roaming\pyRevit\Extensions\btz.extension\public\project\TE.xml,TE,376826,8accc226-fd17-4cff-b8d4-a22c3cd8ef0a-0005bffa,BTZ_Description_15,TE-SEC-VNT-VE05,TE-SEC-VNT-VE05 AIRE CAL,corregido,Completado desde etiqueta Project XML
2026-06-02 10:38:15,C:\Users\Usuario\AppData\Roaming\pyRevit\Extensions\btz.extension\public\project\TE.xml,TE,386142,905be7f4-0c46-42ea-a443-0fdea469e6f3-0005e45e,BTZ_Description_28,TE-ALM-CNT-C11,TE-ALM-CNT-C11 (C4C11,corregido,Completado desde etiqueta Project XML
2026-06-02 10:38:15,C:\Users\Usuario\AppData\Roaming\pyRevit\Extensions\btz.extension\public\project\TE.xml,TE,407200,05006a48-2ec1-4af5-bbec-4034ff3f5e38-000636a0,BTZ_Description_06,TE-ALM-CNT-C11,TE-ALM-CNT-C11 (C4C11,corregido,Completado desde etiqueta Project XML
2026-06-02 10:38:15,C:\Users\Usuario\AppData\Roaming\pyRevit\Extensions\btz.extension\public\project\TE.xml,TE,407200,05006a48-2ec1-4af5-bbec-4034ff3f5e38-000636a0,BTZ_Description_07,TE-ALM-CNT-C12,TE-ALM-CNT-C12 (CBC4-12,corregido,Completado desde etiqueta Project XML
2026-06-02 10:38:15,C:\Users\Usuario\AppData\Roaming\pyRevit\Extensions\btz.extension\public\project\TE.xml,TE,407200,05006a48-2ec1-4af5-bbec-4034ff3f5e38-000636a0,BTZ_Description_08,TE-ALM-CNT-C13,TE-ALM-CNT-C13 (CBC4-13,corregido,Completado desde etiqueta Project XML
2026-06-02 10:38:15,C:\Users\Usuario\AppData\Roaming\pyRevit\Extensions\btz.extension\public\project\TE.xml,TE,407200,05006a48-2ec1-4af5-bbec-4034ff3f5e38-000636a0,BTZ_Description_09,TE-ALM-CNT-C6,TE-ALM-CNT-C6 (C6CC4,corregido,Completado desde etiqueta Project XML
2026-06-02 10:38:15,C:\Users\Usuario\AppData\Roaming\pyRevit\Extensions\btz.extension\public\project\TE.xml,TE,407416,05006a48-2ec1-4af5-bbec-4034ff3f5e38-00063778,BTZ_Description_04,TE-ALM-CNT-C6,TE-ALM-CNT-C6 (C6CC4,corregido,Completado desde etiqueta Project XML
2026-06-02 10:38:15,C:\Users\Usuario\AppData\Roaming\pyRevit\Extensions\btz.extension\public\project\TE.xml,TE,407416,05006a48-2ec1-4af5-bbec-4034ff3f5e38-00063778,BTZ_Description_07,TE-ALM-CNT-C7,TE-ALM-CNT-C7 (C4C7,corregido,Completado desde etiqueta Project XML
2026-06-02 10:38:15,C:\Users\Usuario\AppData\Roaming\pyRevit\Extensions\btz.extension\public\project\TE.xml,TE,407416,05006a48-2ec1-4af5-bbec-4034ff3f5e38-00063778,BTZ_Description_10,TE-ALM-CNT-C8,TE-ALM-CNT-C8 (C8SC4,corregido,Completado desde etiqueta Project XML
2026-06-02 10:38:15,C:\Users\Usuario\AppData\Roaming\pyRevit\Extensions\btz.extension\public\project\TE.xml,TE,407416,05006a48-2ec1-4af5-bbec-4034ff3f5e38-00063778,BTZ_Description_12,TE-ALM-CNT-C9,TE-ALM-CNT-C9 (C9SC4,corregido,Completado desde etiqueta Project XML
2026-06-02 10:38:15,C:\Users\Usuario\AppData\Roaming\pyRevit\Extensions\btz.extension\public\project\TE.xml,TE,407416,05006a48-2ec1-4af5-bbec-4034ff3f5e38-00063778,BTZ_Description_68,TE-TNL-CNT-CBC4,TE-TNL-CNT-CBC4 C10,corregido,Completado desde etiqueta Project XML
2026-06-02 10:38:15,C:\Users\Usuario\AppData\Roaming\pyRevit\Extensions\btz.extension\public\project\TE.xml,TE,410257,43d663df-9888-4368-ba32-0773056a16cc-00064291,BTZ_Description_02,TE-TDM-LGC-TORRE,TE-TDM-LGC-TORRE DE MANIPULEO,corregido,Completado desde etiqueta Project XML
2026-06-02 10:38:15,C:\Users\Usuario\AppData\Roaming\pyRevit\Extensions\btz.extension\public\project\TE.xml,TE,410257,43d663df-9888-4368-ba32-0773056a16cc-00064291,BTZ_Description_03,TE-TDM-LGC-VALVULAS,TE-TDM-LGC-VALVULAS VDT,corregido,Completado desde etiqueta Project XML
2026-06-02 10:38:15,C:\Users\Usuario\AppData\Roaming\pyRevit\Extensions\btz.extension\public\project\TE.xml,TE,410369,43d663df-9888-4368-ba32-0773056a16cc-00064301,BTZ_Description_02,TE-TDM-LGC-TORRE,TE-TDM-LGC-TORRE DE MANIPULEO,corregido,Completado desde etiqueta Project XML
2026-06-02 10:38:15,C:\Users\Usuario\AppData\Roaming\pyRevit\Extensions\btz.extension\public\project\TE.xml,TE,410369,43d663df-9888-4368-ba32-0773056a16cc-00064301,BTZ_Description_03,TE-TDM-ASP-ASPERSOR,TE-TDM-ASP-ASPERSOR TDM,corregido,Completado desde etiqueta Project XML
2026-06-02 10:38:15,C:\Users\Usuario\AppData\Roaming\pyRevit\Extensions\btz.extension\public\project\TE.xml,TE,410459,43d663df-9888-4368-ba32-0773056a16cc-0006435b,BTZ_Description_02,TE-TDM-LGC-TORRE,TE-TDM-LGC-TORRE DE MANIPULEO,corregido,Completado desde etiqueta Project XML
2026-06-02 10:38:15,C:\Users\Usuario\AppData\Roaming\pyRevit\Extensions\btz.extension\public\project\TE.xml,TE,410459,43d663df-9888-4368-ba32-0773056a16cc-0006435b,BTZ_Description_03,TE-TDM-LGC-BALANZAS,TE-TDM-LGC-BALANZAS EMBARQUE,corregido,Completado desde etiqueta Project XML
2026-06-02 10:38:15,C:\Users\Usuario\AppData\Roaming\pyRevit\Extensions\btz.extension\public\project\TE.xml,TE,410709,43d663df-9888-4368-ba32-0773056a16cc-00064455,BTZ_Description_02,TE-TDM-LGC-TORRE,TE-TDM-LGC-TORRE DE MANIPULEO,corregido,Completado desde etiqueta Project XML
2026-06-02 10:38:15,C:\Users\Usuario\AppData\Roaming\pyRevit\Extensions\btz.extension\public\project\TE.xml,TE,410709,43d663df-9888-4368-ba32-0773056a16cc-00064455,BTZ_Description_03,TE-TDM-CMP-COM1,TE-TDM-CMP-COM1 (COMPRESOR,corregido,Completado desde etiqueta Project XML
2026-06-02 10:38:15,C:\Users\Usuario\AppData\Roaming\pyRevit\Extensions\btz.extension\public\project\TE.xml,TE,410829,43d663df-9888-4368-ba32-0773056a16cc-000644cd,BTZ_Description_02,TE-TDM-LGC-TORRE,TE-TDM-LGC-TORRE DE MANIPULEO,corregido,Completado desde etiqueta Project XML
2026-06-02 10:38:15,C:\Users\Usuario\AppData\Roaming\pyRevit\Extensions\btz.extension\public\project\TE.xml,TE,410829,43d663df-9888-4368-ba32-0773056a16cc-000644cd,BTZ_Description_09,TE-TDM-VLV-VRFMTDM,TE-TDM-VLV-VRFMTDM -M3,corregido,Completado desde etiqueta Project XML
2026-06-02 10:38:15,C:\Users\Usuario\AppData\Roaming\pyRevit\Extensions\btz.extension\public\project\TE.xml,TE,410829,43d663df-9888-4368-ba32-0773056a16cc-000644cd,BTZ_NumeroActivo,TE-TDM-LGC-CINTAS,TE-TDM-LGC-CINTAS TRANSFERENCI,corregido,Completado desde etiqueta Project XML
2026-06-02 10:38:15,C:\Users\Usuario\AppData\Roaming\pyRevit\Extensions\btz.extension\public\project\TE.xml,TE,411141,ecbf5d78-89f8-4fa8-a0ff-f31edc5dc2e0-00064605,BTZ_Description_02,TE-TDM-LGC-TORRE,TE-TDM-LGC-TORRE DE MANIPULEO,corregido,Completado desde etiqueta Project XML
2026-06-02 10:38:15,C:\Users\Usuario\AppData\Roaming\pyRevit\Extensions\btz.extension\public\project\TE.xml,TE,411141,ecbf5d78-89f8-4fa8-a0ff-f31edc5dc2e0-00064605,BTZ_Description_17,TE-TDM-VLV-Q9,TE-TDM-VLV-Q9 - (1,corregido,Completado desde etiqueta Project XML
2026-06-02 10:38:15,C:\Users\Usuario\AppData\Roaming\pyRevit\Extensions\btz.extension\public\project\TE.xml,TE,411286,ecbf5d78-89f8-4fa8-a0ff-f31edc5dc2e0-00064696,BTZ_Description_02,TE-TDM-LGC-TORRE,TE-TDM-LGC-TORRE DE MANIPULEO,corregido,Completado desde etiqueta Project XML
2026-06-02 10:38:15,C:\Users\Usuario\AppData\Roaming\pyRevit\Extensions\btz.extension\public\project\TE.xml,TE,411286,ecbf5d78-89f8-4fa8-a0ff-f31edc5dc2e0-00064696,BTZ_Description_03,TE-TDM-TBL-TABLERO,TE-TDM-TBL-TABLERO EMBARQUE,corregido,Completado desde etiqueta Project XML
2026-06-02 10:38:15,C:\Users\Usuario\AppData\Roaming\pyRevit\Extensions\btz.extension\public\project\TE.xml,TE,411286,ecbf5d78-89f8-4fa8-a0ff-f31edc5dc2e0-00064696,BTZ_Description_05,TE-TDM-CMP-AC,TE-TDM-CMP-AC TAB-5-1,corregido,Completado desde etiqueta Project XML
2026-06-02 10:38:15,C:\Users\Usuario\AppData\Roaming\pyRevit\Extensions\btz.extension\public\project\TE.xml,TE,411390,ecbf5d78-89f8-4fa8-a0ff-f31edc5dc2e0-000646fe,BTZ_Description_02,TE-ACT-LGC-SECTOR,TE-ACT-LGC-SECTOR ACEITE,corregido,Completado desde etiqueta Project XML
2026-06-02 10:38:15,C:\Users\Usuario\AppData\Roaming\pyRevit\Extensions\btz.extension\public\project\TE.xml,TE,411556,ecbf5d78-89f8-4fa8-a0ff-f31edc5dc2e0-000647a4,BTZ_Description_02,TE-ACT-LGC-SECTOR,TE-ACT-LGC-SECTOR ACEITE,corregido,Completado desde etiqueta Project XML
2026-06-02 10:38:15,C:\Users\Usuario\AppData\Roaming\pyRevit\Extensions\btz.extension\public\project\TE.xml,TE,411757,ecbf5d78-89f8-4fa8-a0ff-f31edc5dc2e0-0006486d,BTZ_Description_02,TE-ACT-LGC-SECTOR,TE-ACT-LGC-SECTOR ACEITE,corregido,Completado desde etiqueta Project XML
2026-06-02 10:38:15,C:\Users\Usuario\AppData\Roaming\pyRevit\Extensions\btz.extension\public\project\TE.xml,TE,411757,ecbf5d78-89f8-4fa8-a0ff-f31edc5dc2e0-0006486d,BTZ_Description_03,TE-MSB-LGC-SECTOR,TE-MSB-LGC-SECTOR SAN BENITO,corregido,Completado desde etiqueta Project XML
2026-06-02 10:38:15,C:\Users\Usuario\AppData\Roaming\pyRevit\Extensions\btz.extension\public\project\TE.xml,TE,411757,ecbf5d78-89f8-4fa8-a0ff-f31edc5dc2e0-0006486d,BTZ_Description_04,TE-MSB-CÑR-CAÑERIA,TE-MSB-CÑR-CAÑERIA ACT/BIO,corregido,Completado desde etiqueta Project XML
2026-06-02 10:38:15,C:\Users\Usuario\AppData\Roaming\pyRevit\Extensions\btz.extension\public\project\TE.xml,TE,411822,ecbf5d78-89f8-4fa8-a0ff-f31edc5dc2e0-000648ae,BTZ_Description_05,TE-EMB-LGC-CCM,TE-EMB-LGC-CCM EMBARQUE,corregido,Completado desde etiqueta Project XML
2026-06-02 10:38:15,C:\Users\Usuario\AppData\Roaming\pyRevit\Extensions\btz.extension\public\project\TE.xml,TE,412029,ecbf5d78-89f8-4fa8-a0ff-f31edc5dc2e0-0006497d,BTZ_Description_02,TE-ACT-LGC-SECTOR,TE-ACT-LGC-SECTOR ACEITE,corregido,Completado desde etiqueta Project XML
2026-06-02 10:38:15,C:\Users\Usuario\AppData\Roaming\pyRevit\Extensions\btz.extension\public\project\TE.xml,TE,412029,ecbf5d78-89f8-4fa8-a0ff-f31edc5dc2e0-0006497d,BTZ_Description_04,TE-MDU-CSL-CASILLA,TE-MDU-CSL-CASILLA VIGIA OP,corregido,Completado desde etiqueta Project XML
2026-06-02 10:38:15,C:\Users\Usuario\AppData\Roaming\pyRevit\Extensions\btz.extension\public\project\TE.xml,TE,412029,ecbf5d78-89f8-4fa8-a0ff-f31edc5dc2e0-0006497d,BTZ_Description_05,TE-MDU-CÑR-CAÑERIA,TE-MDU-CÑR-CAÑERIA AKZO NOBE,corregido,Completado desde etiqueta Project XML
2026-06-02 10:38:15,C:\Users\Usuario\AppData\Roaming\pyRevit\Extensions\btz.extension\public\project\TE.xml,TE,412029,ecbf5d78-89f8-4fa8-a0ff-f31edc5dc2e0-0006497d,BTZ_Description_08,TE-MDU-MLC-M.E.T,TE-MDU-MLC-M.E.T. DE MANGUERA,corregido,Completado desde etiqueta Project XML
2026-06-02 10:38:15,C:\Users\Usuario\AppData\Roaming\pyRevit\Extensions\btz.extension\public\project\TE.xml,TE,412029,ecbf5d78-89f8-4fa8-a0ff-f31edc5dc2e0-0006497d,BTZ_Description_09,TE-MDU-MNG-MANGUERAS,TE-MDU-MNG-MANGUERAS AKZO NOBE,corregido,Completado desde etiqueta Project XML
2026-06-02 10:38:15,C:\Users\Usuario\AppData\Roaming\pyRevit\Extensions\btz.extension\public\project\TE.xml,TE,412029,ecbf5d78-89f8-4fa8-a0ff-f31edc5dc2e0-0006497d,BTZ_Description_10,TE-MDU-SIS-SIST,TE-MDU-SIS-SIST DIST AMARRE,corregido,Completado desde etiqueta Project XML
2026-06-02 10:38:15,C:\Users\Usuario\AppData\Roaming\pyRevit\Extensions\btz.extension\public\project\TE.xml,TE,412029,ecbf5d78-89f8-4fa8-a0ff-f31edc5dc2e0-0006497d,BTZ_Description_11,TE-MDU-TRM-SCRAPPER,TE-MDU-TRM-SCRAPPER AKZO NOBEL,corregido,Completado desde etiqueta Project XML
2026-06-02 10:38:15,C:\Users\Usuario\AppData\Roaming\pyRevit\Extensions\btz.extension\public\project\TE.xml,TE,412029,ecbf5d78-89f8-4fa8-a0ff-f31edc5dc2e0-0006497d,BTZ_Description_12,TE-MDU-VLV-ELE,TE-MDU-VLV-ELE VAL AKZO NOBEL,corregido,Completado desde etiqueta Project XML
2026-06-02 10:38:15,C:\Users\Usuario\AppData\Roaming\pyRevit\Extensions\btz.extension\public\project\TE.xml,TE,412041,ecbf5d78-89f8-4fa8-a0ff-f31edc5dc2e0-00064989,BTZ_Description_05,TE-EMB-LGC-CCM,TE-EMB-LGC-CCM EMBARQUE,corregido,Completado desde etiqueta Project XML
2026-06-02 10:38:15,C:\Users\Usuario\AppData\Roaming\pyRevit\Extensions\btz.extension\public\project\TE.xml,TE,412209,ecbf5d78-89f8-4fa8-a0ff-f31edc5dc2e0-00064a31,BTZ_Description_02,TE-ACT-LGC-SECTOR,TE-ACT-LGC-SECTOR ACEITE,corregido,Completado desde etiqueta Project XML
2026-06-02 10:38:15,C:\Users\Usuario\AppData\Roaming\pyRevit\Extensions\btz.extension\public\project\TE.xml,TE,412209,ecbf5d78-89f8-4fa8-a0ff-f31edc5dc2e0-00064a31,BTZ_Description_03,TE-GLC-LGC-BOMBAS,TE-GLC-LGC-BOMBAS GLICERINA,corregido,Completado desde etiqueta Project XML
