element_id,unique_id,btz_path_contenedor,codigo_project,estado_correccion,btz_description_slot_usado,mensaje
378617,ddbef6d8-5146-4ece-9a6f-82caaca14519-0005c6f9,P10 > P10-DSC-LGC-DESCASCARADO > P10-DSC-LGC-MOLINO,P10-DSC-BMB-BS02,ya_existia,BTZ_Description_04,El código ya estaba escrito en el elemento
378617,ddbef6d8-5146-4ece-9a6f-82caaca14519-0005c6f9,P10 > P10-DSC-LGC-DESCASCARADO > P10-DSC-LGC-MOLINO,P10-DSC-CCL-CBS02,ya_existia,BTZ_Description_05,El código ya estaba escrito en el elemento
378617,ddbef6d8-5146-4ece-9a6f-82caaca14519-0005c6f9,P10 > P10-DSC-LGC-DESCASCARADO > P10-DSC-LGC-MOLINO,P10-DSC-MLN-M05,ya_existia,BTZ_Description_06,El código ya estaba escrito en el elemento
378617,ddbef6d8-5146-4ece-9a6f-82caaca14519-0005c6f9,P10 > P10-DSC-LGC-DESCASCARADO > P10-DSC-LGC-MOLINO,P10-DSC-ALM-MA05,ya_existia,BTZ_Description_07,El código ya estaba escrito en el elemento
378617,ddbef6d8-5146-4ece-9a6f-82caaca14519-0005c6f9,P10 > P10-DSC-LGC-DESCASCARADO > P10-DSC-LGC-MOLINO,P10-DSC-RSC-MSF05,ya_existia,BTZ_Description_08,El código ya estaba escrito en el elemento
378617,ddbef6d8-5146-4ece-9a6f-82caaca14519-0005c6f9,P10 > P10-DSC-LGC-DESCASCARADO > P10-DSC-LGC-MOLINO,P10-DSC-MLN-M06,ya_existia,BTZ_Description_09,El código ya estaba escrito en el elemento
378617,ddbef6d8-5146-4ece-9a6f-82caaca14519-0005c6f9,P10 > P10-DSC-LGC-DESCASCARADO > P10-DSC-LGC-MOLINO,P10-DSC-ALM-MA06,ya_existia,BTZ_Description_10,El código ya estaba escrito en el elemento
378617,ddbef6d8-5146-4ece-9a6f-82caaca14519-0005c6f9,P10 > P10-DSC-LGC-DESCASCARADO > P10-DSC-LGC-MOLINO,P10-DSC-RSC-MSF06,ya_existia,BTZ_Description_11,El código ya estaba escrito en el elemento
378617,ddbef6d8-5146-4ece-9a6f-82caaca14519-0005c6f9,P10 > P10-DSC-LGC-DESCASCARADO > P10-DSC-LGC-MOLINO,P10-DSC-RSC-SF15,ya_existia,BTZ_Description_12,El código ya estaba escrito en el elemento
378617,ddbef6d8-5146-4ece-9a6f-82caaca14519-0005c6f9,P10 > P10-DSC-LGC-DESCASCARADO > P10-DSC-LGC-MOLINO,P10-DSC-VLV-VR17,ya_existia,BTZ_Description_13,El código ya estaba escrito en el elemento
378617,ddbef6d8-5146-4ece-9a6f-82caaca14519-0005c6f9,P10 > P10-DSC-LGC-DESCASCARADO > P10-DSC-LGC-MOLINO,P10-DSC-VLV-VR15A,ya_existia,BTZ_Description_14,El código ya estaba escrito en el elemento
378268,ddbef6d8-5146-4ece-9a6f-82caaca14519-0005c59c,P10 > P10-DSC-LGC-DESCASCARADO > P10-DSC-LGC-QUEBRADORES,P10-DSC-QBR-Q11,ya_existia,BTZ_Description_04,El código ya estaba escrito en el elemento
378268,ddbef6d8-5146-4ece-9a6f-82caaca14519-0005c59c,P10 > P10-DSC-LGC-DESCASCARADO > P10-DSC-LGC-QUEBRADORES,P10-DSC-QBR-QA11,ya_existia,BTZ_Description_05,El código ya estaba escrito en el elemento
378268,ddbef6d8-5146-4ece-9a6f-82caaca14519-0005c59c,P10 > P10-DSC-LGC-DESCASCARADO > P10-DSC-LGC-QUEBRADORES,P10-DSC-QBR-Q12,ya_existia,BTZ_Description_06,El código ya estaba escrito en el elemento
378268,ddbef6d8-5146-4ece-9a6f-82caaca14519-0005c59c,P10 > P10-DSC-LGC-DESCASCARADO > P10-DSC-LGC-QUEBRADORES,P10-DSC-QBR-QA12,ya_existia,BTZ_Description_07,El código ya estaba escrito en el elemento
378268,ddbef6d8-5146-4ece-9a6f-82caaca14519-0005c59c,P10 > P10-DSC-LGC-DESCASCARADO > P10-DSC-LGC-QUEBRADORES,P10-DSC-QBR-Q13,ya_existia,BTZ_Description_08,El código ya estaba escrito en el elemento
378268,ddbef6d8-5146-4ece-9a6f-82caaca14519-0005c59c,P10 > P10-DSC-LGC-DESCASCARADO > P10-DSC-LGC-QUEBRADORES,P10-DSC-QBR-QA13,ya_existia,BTZ_Description_09,El código ya estaba escrito en el elemento
378268,ddbef6d8-5146-4ece-9a6f-82caaca14519-0005c59c,P10 > P10-DSC-LGC-DESCASCARADO > P10-DSC-LGC-QUEBRADORES,P10-DSC-QBR-Q14,ya_existia,BTZ_Description_10,El código ya estaba escrito en el elemento
378268,ddbef6d8-5146-4ece-9a6f-82caaca14519-0005c59c,P10 > P10-DSC-LGC-DESCASCARADO > P10-DSC-LGC-QUEBRADORES,P10-DSC-QBR-QA14,ya_existia,BTZ_Description_11,El código ya estaba escrito en el elemento
378268,ddbef6d8-5146-4ece-9a6f-82caaca14519-0005c59c,P10 > P10-DSC-LGC-DESCASCARADO > P10-DSC-LGC-QUEBRADORES,P10-DSC-QBR-Q15,ya_existia,BTZ_Description_12,El código ya estaba escrito en el elemento
378268,ddbef6d8-5146-4ece-9a6f-82caaca14519-0005c59c,P10 > P10-DSC-LGC-DESCASCARADO > P10-DSC-LGC-QUEBRADORES,P10-DSC-QBR-QA15,ya_existia,BTZ_Description_13,El código ya estaba escrito en el elemento
378268,ddbef6d8-5146-4ece-9a6f-82caaca14519-0005c59c,P10 > P10-DSC-LGC-DESCASCARADO > P10-DSC-LGC-QUEBRADORES,P10-DSC-QBR-Q16,ya_existia,BTZ_Description_14,El código ya estaba escrito en el elemento
378268,ddbef6d8-5146-4ece-9a6f-82caaca14519-0005c59c,P10 > P10-DSC-LGC-DESCASCARADO > P10-DSC-LGC-QUEBRADORES,P10-DSC-QBR-QA16,ya_existia,BTZ_Description_15,El código ya estaba escrito en el elemento
378268,ddbef6d8-5146-4ece-9a6f-82caaca14519-0005c59c,P10 > P10-DSC-LGC-DESCASCARADO > P10-DSC-LGC-QUEBRADORES,P10-DSC-QBR-Q17,ya_existia,BTZ_Description_16,El código ya estaba escrito en el elemento
378268,ddbef6d8-5146-4ece-9a6f-82caaca14519-0005c59c,P10 > P10-DSC-LGC-DESCASCARADO > P10-DSC-LGC-QUEBRADORES,P10-DSC-QBR-QA17,ya_existia,BTZ_Description_17,El código ya estaba escrito en el elemento
378268,ddbef6d8-5146-4ece-9a6f-82caaca14519-0005c59c,P10 > P10-DSC-LGC-DESCASCARADO > P10-DSC-LGC-QUEBRADORES,P10-DSC-QBR-Q18,ya_existia,BTZ_Description_18,El código ya estaba escrito en el elemento
378268,ddbef6d8-5146-4ece-9a6f-82caaca14519-0005c59c,P10 > P10-DSC-LGC-DESCASCARADO > P10-DSC-LGC-QUEBRADORES,P10-DSC-QBR-QA18,ya_existia,BTZ_Description_19,El código ya estaba escrito en el elemento
378728,ddbef6d8-5146-4ece-9a6f-82caaca14519-0005c768,P10 > P10-DSC-LGC-DESCASCARADO > P10-DSC-LGC-REDLER,P10-DSC-RDL-R33,ya_existia,BTZ_Description_04,El código ya estaba escrito en el elemento
378728,ddbef6d8-5146-4ece-9a6f-82caaca14519-0005c768,P10 > P10-DSC-LGC-DESCASCARADO > P10-DSC-LGC-REDLER,P10-DSC-RDL-R34,ya_existia,BTZ_Description_05,El código ya estaba escrito en el elemento
378728,ddbef6d8-5146-4ece-9a6f-82caaca14519-0005c768,P10 > P10-DSC-LGC-DESCASCARADO > P10-DSC-LGC-REDLER,P10-DSC-RDL-R35,ya_existia,BTZ_Description_06,El código ya estaba escrito en el elemento
378728,ddbef6d8-5146-4ece-9a6f-82caaca14519-0005c768,P10 > P10-DSC-LGC-DESCASCARADO > P10-DSC-LGC-REDLER,P10-DSC-RDL-R36,ya_existia,BTZ_Description_07,El código ya estaba escrito en el elemento
378146,ddbef6d8-5146-4ece-9a6f-82caaca14519-0005c522,P10 > P10-DSC-LGC-DESCASCARADO > P10-DSC-LGC-ZARANDAS,P10-DSC-RSC-SF07,ya_existia,BTZ_Description_04,El código ya estaba escrito en el elemento
378146,ddbef6d8-5146-4ece-9a6f-82caaca14519-0005c522,P10 > P10-DSC-LGC-DESCASCARADO > P10-DSC-LGC-ZARANDAS,P10-DSC-RSC-SF06,ya_existia,BTZ_Description_05,El código ya estaba escrito en el elemento
378146,ddbef6d8-5146-4ece-9a6f-82caaca14519-0005c522,P10 > P10-DSC-LGC-DESCASCARADO > P10-DSC-LGC-ZARANDAS,P10-DSC-RSC-SF23,ya_existia,BTZ_Description_06,El código ya estaba escrito en el elemento
378146,ddbef6d8-5146-4ece-9a6f-82caaca14519-0005c522,P10 > P10-DSC-LGC-DESCASCARADO > P10-DSC-LGC-ZARANDAS,P10-DSC-RSC-SF21,ya_existia,BTZ_Description_07,El código ya estaba escrito en el elemento
378146,ddbef6d8-5146-4ece-9a6f-82caaca14519-0005c522,P10 > P10-DSC-LGC-DESCASCARADO > P10-DSC-LGC-ZARANDAS,P10-DSC-RSC-SF22,ya_existia,BTZ_Description_08,El código ya estaba escrito en el elemento
378146,ddbef6d8-5146-4ece-9a6f-82caaca14519-0005c522,P10 > P10-DSC-LGC-DESCASCARADO > P10-DSC-LGC-ZARANDAS,P10-DSC-RSC-SF24,ya_existia,BTZ_Description_09,El código ya estaba escrito en el elemento
378146,ddbef6d8-5146-4ece-9a6f-82caaca14519-0005c522,P10 > P10-DSC-LGC-DESCASCARADO > P10-DSC-LGC-ZARANDAS,P10-DSC-ZRN-Z01,ya_existia,BTZ_Description_10,El código ya estaba escrito en el elemento
378146,ddbef6d8-5146-4ece-9a6f-82caaca14519-0005c522,P10 > P10-DSC-LGC-DESCASCARADO > P10-DSC-LGC-ZARANDAS,P10-DSC-ZRN-Z02,ya_existia,BTZ_Description_11,El código ya estaba escrito en el elemento
378146,ddbef6d8-5146-4ece-9a6f-82caaca14519-0005c522,P10 > P10-DSC-LGC-DESCASCARADO > P10-DSC-LGC-ZARANDAS,P10-DSC-ZRN-Z03,ya_existia,BTZ_Description_12,El código ya estaba escrito en el elemento
378146,ddbef6d8-5146-4ece-9a6f-82caaca14519-0005c522,P10 > P10-DSC-LGC-DESCASCARADO > P10-DSC-LGC-ZARANDAS,P10-DSC-ZRN-Z04,ya_existia,BTZ_Description_13,El código ya estaba escrito en el elemento
378146,ddbef6d8-5146-4ece-9a6f-82caaca14519-0005c522,P10 > P10-DSC-LGC-DESCASCARADO > P10-DSC-LGC-ZARANDAS,P10-DSC-ZRN-Z05,ya_existia,BTZ_Description_14,El código ya estaba escrito en el elemento
378146,ddbef6d8-5146-4ece-9a6f-82caaca14519-0005c522,P10 > P10-DSC-LGC-DESCASCARADO > P10-DSC-LGC-ZARANDAS,P10-DSC-ZRN-Z06,ya_existia,BTZ_Description_15,El código ya estaba escrito en el elemento
282755,a027b4da-4e9c-44ad-b607-5fb48d4c7061-00045083,P10 > P10-EXT-LGC-EXTRACCION > P10-EXT-EXT-M202 > P10-EXT-LGC-HIDROCICLONES,P10-EXT-HDR-HCP01,ya_existia,BTZ_Description_05,El código ya estaba escrito en el elemento
282755,a027b4da-4e9c-44ad-b607-5fb48d4c7061-00045083,P10 > P10-EXT-LGC-EXTRACCION > P10-EXT-EXT-M202 > P10-EXT-LGC-HIDROCICLONES,P10-EXT-HDR-HCP02,ya_existia,BTZ_Description_06,El código ya estaba escrito en el elemento
282755,a027b4da-4e9c-44ad-b607-5fb48d4c7061-00045083,P10 > P10-EXT-LGC-EXTRACCION > P10-EXT-EXT-M202 > P10-EXT-LGC-HIDROCICLONES,P10-EXT-HDR-HCP03,ya_existia,BTZ_Description_07,El código ya estaba escrito en el elemento
282755,a027b4da-4e9c-44ad-b607-5fb48d4c7061-00045083,P10 > P10-EXT-LGC-EXTRACCION > P10-EXT-EXT-M202 > P10-EXT-LGC-HIDROCICLONES,P10-EXT-HDR-HCS01E,ya_existia,BTZ_Description_08,El código ya estaba escrito en el elemento
282755,a027b4da-4e9c-44ad-b607-5fb48d4c7061-00045083,P10 > P10-EXT-LGC-EXTRACCION > P10-EXT-EXT-M202 > P10-EXT-LGC-HIDROCICLONES,P10-EXT-HDR-HCS01O,ya_existia,BTZ_Description_09,El código ya estaba escrito en el elemento
282755,a027b4da-4e9c-44ad-b607-5fb48d4c7061-00045083,P10 > P10-EXT-LGC-EXTRACCION > P10-EXT-EXT-M202 > P10-EXT-LGC-HIDROCICLONES,P10-EXT-HDR-HCS02E,ya_existia,BTZ_Description_10,El código ya estaba escrito en el elemento
282755,a027b4da-4e9c-44ad-b607-5fb48d4c7061-00045083,P10 > P10-EXT-LGC-EXTRACCION > P10-EXT-EXT-M202 > P10-EXT-LGC-HIDROCICLONES,P10-EXT-HDR-HCS02O,ya_existia,BTZ_Description_11,El código ya estaba escrito en el elemento
282755,a027b4da-4e9c-44ad-b607-5fb48d4c7061-00045083,P10 > P10-EXT-LGC-EXTRACCION > P10-EXT-EXT-M202 > P10-EXT-LGC-HIDROCICLONES,P10-EXT-HDR-HCS03E,ya_existia,BTZ_Description_12,El código ya estaba escrito en el elemento
282755,a027b4da-4e9c-44ad-b607-5fb48d4c7061-00045083,P10 > P10-EXT-LGC-EXTRACCION > P10-EXT-EXT-M202 > P10-EXT-LGC-HIDROCICLONES,P10-EXT-HDR-HCS03O,ya_existia,BTZ_Description_13,El código ya estaba escrito en el elemento
282755,a027b4da-4e9c-44ad-b607-5fb48d4c7061-00045083,P10 > P10-EXT-LGC-EXTRACCION > P10-EXT-EXT-M202 > P10-EXT-LGC-HIDROCICLONES,P10-EXT-HDR-HCS04E,ya_existia,BTZ_Description_14,El código ya estaba escrito en el elemento
282755,a027b4da-4e9c-44ad-b607-5fb48d4c7061-00045083,P10 > P10-EXT-LGC-EXTRACCION > P10-EXT-EXT-M202 > P10-EXT-LGC-HIDROCICLONES,P10-EXT-HDR-HCS04O,ya_existia,BTZ_Description_15,El código ya estaba escrito en el elemento
282755,a027b4da-4e9c-44ad-b607-5fb48d4c7061-00045083,P10 > P10-EXT-LGC-EXTRACCION > P10-EXT-EXT-M202 > P10-EXT-LGC-HIDROCICLONES,P10-EXT-HDR-HCS05E,ya_existia,BTZ_Description_16,El código ya estaba escrito en el elemento
282755,a027b4da-4e9c-44ad-b607-5fb48d4c7061-00045083,P10 > P10-EXT-LGC-EXTRACCION > P10-EXT-EXT-M202 > P10-EXT-LGC-HIDROCICLONES,P10-EXT-HDR-HCS05O,ya_existia,BTZ_Description_17,El código ya estaba escrito en el elemento
282755,a027b4da-4e9c-44ad-b607-5fb48d4c7061-00045083,P10 > P10-EXT-LGC-EXTRACCION > P10-EXT-EXT-M202 > P10-EXT-LGC-HIDROCICLONES,P10-EXT-HDR-HCS06E,ya_existia,BTZ_Description_18,El código ya estaba escrito en el elemento
282755,a027b4da-4e9c-44ad-b607-5fb48d4c7061-00045083,P10 > P10-EXT-LGC-EXTRACCION > P10-EXT-EXT-M202 > P10-EXT-LGC-HIDROCICLONES,P10-EXT-HDR-HCS06O,ya_existia,BTZ_Description_19,El código ya estaba escrito en el elemento
282755,a027b4da-4e9c-44ad-b607-5fb48d4c7061-00045083,P10 > P10-EXT-LGC-EXTRACCION > P10-EXT-EXT-M202 > P10-EXT-LGC-HIDROCICLONES,P10-EXT-HDR-HCS07E,ya_existia,BTZ_Description_20,El código ya estaba escrito en el elemento
282755,a027b4da-4e9c-44ad-b607-5fb48d4c7061-00045083,P10 > P10-EXT-LGC-EXTRACCION > P10-EXT-EXT-M202 > P10-EXT-LGC-HIDROCICLONES,P10-EXT-HDR-HCS07O,ya_existia,BTZ_Description_21,El código ya estaba escrito en el elemento
282755,a027b4da-4e9c-44ad-b607-5fb48d4c7061-00045083,P10 > P10-EXT-LGC-EXTRACCION > P10-EXT-EXT-M202 > P10-EXT-LGC-HIDROCICLONES,P10-EXT-HDR-HCS08E,ya_existia,BTZ_Description_22,El código ya estaba escrito en el elemento
282755,a027b4da-4e9c-44ad-b607-5fb48d4c7061-00045083,P10 > P10-EXT-LGC-EXTRACCION > P10-EXT-EXT-M202 > P10-EXT-LGC-HIDROCICLONES,P10-EXT-HDR-HCS08O,ya_existia,BTZ_Description_23,El código ya estaba escrito en el elemento
282755,a027b4da-4e9c-44ad-b607-5fb48d4c7061-00045083,P10 > P10-EXT-LGC-EXTRACCION > P10-EXT-EXT-M202 > P10-EXT-LGC-HIDROCICLONES,P10-EXT-HDR-HCS09E,ya_existia,BTZ_Description_24,El código ya estaba escrito en el elemento
282755,a027b4da-4e9c-44ad-b607-5fb48d4c7061-00045083,P10 > P10-EXT-LGC-EXTRACCION > P10-EXT-EXT-M202 > P10-EXT-LGC-HIDROCICLONES,P10-EXT-HDR-HCS09O,ya_existia,BTZ_Description_25,El código ya estaba escrito en el elemento
282755,a027b4da-4e9c-44ad-b607-5fb48d4c7061-00045083,P10 > P10-EXT-LGC-EXTRACCION > P10-EXT-EXT-M202 > P10-EXT-LGC-HIDROCICLONES,P10-EXT-HDR-HCS10E,ya_existia,BTZ_Description_26,El código ya estaba escrito en el elemento
282755,a027b4da-4e9c-44ad-b607-5fb48d4c7061-00045083,P10 > P10-EXT-LGC-EXTRACCION > P10-EXT-EXT-M202 > P10-EXT-LGC-HIDROCICLONES,P10-EXT-HDR-HCS10O,ya_existia,BTZ_Description_27,El código ya estaba escrito en el elemento
282997,a027b4da-4e9c-44ad-b607-5fb48d4c7061-00045175,P10 > P10-EXT-LGC-EXTRACCION > P10-EXT-LGC-DESGOMADO,P10-EXT-BMB-PSODA,ya_existia,BTZ_Description_04,El código ya estaba escrito en el elemento
282997,a027b4da-4e9c-44ad-b607-5fb48d4c7061-00045175,P10 > P10-EXT-LGC-EXTRACCION > P10-EXT-LGC-DESGOMADO,P10-EXT-BMB-P435A,ya_existia,BTZ_Description_05,El código ya estaba escrito en el elemento
282997,a027b4da-4e9c-44ad-b607-5fb48d4c7061-00045175,P10 > P10-EXT-LGC-EXTRACCION > P10-EXT-LGC-DESGOMADO,P10-EXT-CLT-HX445,ya_existia,BTZ_Description_06,El código ya estaba escrito en el elemento
282997,a027b4da-4e9c-44ad-b607-5fb48d4c7061-00045175,P10 > P10-EXT-LGC-EXTRACCION > P10-EXT-LGC-DESGOMADO,P10-EXT-DSG-C425,ya_existia,BTZ_Description_07,El código ya estaba escrito en el elemento
282997,a027b4da-4e9c-44ad-b607-5fb48d4c7061-00045175,P10 > P10-EXT-LGC-EXTRACCION > P10-EXT-LGC-DESGOMADO,P10-EXT-DSG-C430,ya_existia,BTZ_Description_08,El código ya estaba escrito en el elemento
282997,a027b4da-4e9c-44ad-b607-5fb48d4c7061-00045175,P10 > P10-EXT-LGC-EXTRACCION > P10-EXT-LGC-DESGOMADO,P10-EXT-DSG-C435,ya_existia,BTZ_Description_09,El código ya estaba escrito en el elemento
282997,a027b4da-4e9c-44ad-b607-5fb48d4c7061-00045175,P10 > P10-EXT-LGC-EXTRACCION > P10-EXT-LGC-DESGOMADO,P10-EXT-ENF-HX460,ya_existia,BTZ_Description_10,El código ya estaba escrito en el elemento
282997,a027b4da-4e9c-44ad-b607-5fb48d4c7061-00045175,P10 > P10-EXT-LGC-EXTRACCION > P10-EXT-LGC-DESGOMADO,P10-EXT-INT-HX440,ya_existia,BTZ_Description_11,El código ya estaba escrito en el elemento
282997,a027b4da-4e9c-44ad-b607-5fb48d4c7061-00045175,P10 > P10-EXT-LGC-EXTRACCION > P10-EXT-LGC-DESGOMADO,P10-EXT-BMB-P439,ya_existia,BTZ_Description_12,El código ya estaba escrito en el elemento
282997,a027b4da-4e9c-44ad-b607-5fb48d4c7061-00045175,P10 > P10-EXT-LGC-EXTRACCION > P10-EXT-LGC-DESGOMADO,P10-EXT-SCD-V450,ya_existia,BTZ_Description_13,El código ya estaba escrito en el elemento
282997,a027b4da-4e9c-44ad-b607-5fb48d4c7061-00045175,P10 > P10-EXT-LGC-EXTRACCION > P10-EXT-LGC-DESGOMADO,P10-EXT-BMB-P450,ya_existia,BTZ_Description_14,El código ya estaba escrito en el elemento
282997,a027b4da-4e9c-44ad-b607-5fb48d4c7061-00045175,P10 > P10-EXT-LGC-EXTRACCION > P10-EXT-LGC-DESGOMADO,P10-EXT-TNQ-V415,ya_existia,BTZ_Description_15,El código ya estaba escrito en el elemento
282997,a027b4da-4e9c-44ad-b607-5fb48d4c7061-00045175,P10 > P10-EXT-LGC-EXTRACCION > P10-EXT-LGC-DESGOMADO,P10-EXT-BMB-P415,ya_existia,BTZ_Description_16,El código ya estaba escrito en el elemento
282997,a027b4da-4e9c-44ad-b607-5fb48d4c7061-00045175,P10 > P10-EXT-LGC-EXTRACCION > P10-EXT-LGC-DESGOMADO,P10-EXT-TNQ-HX435,ya_existia,BTZ_Description_17,El código ya estaba escrito en el elemento
282997,a027b4da-4e9c-44ad-b607-5fb48d4c7061-00045175,P10 > P10-EXT-LGC-EXTRACCION > P10-EXT-LGC-DESGOMADO,P10-EXT-BMB-P435,ya_existia,BTZ_Description_18,El código ya estaba escrito en el elemento
282997,a027b4da-4e9c-44ad-b607-5fb48d4c7061-00045175,P10 > P10-EXT-LGC-EXTRACCION > P10-EXT-LGC-DESGOMADO,P10-EXT-TNQ-V495,ya_existia,BTZ_Description_19,El código ya estaba escrito en el elemento
282997,a027b4da-4e9c-44ad-b607-5fb48d4c7061-00045175,P10 > P10-EXT-LGC-EXTRACCION > P10-EXT-LGC-DESGOMADO,P10-EXT-BMB-P491,ya_existia,BTZ_Description_20,El código ya estaba escrito en el elemento
282997,a027b4da-4e9c-44ad-b607-5fb48d4c7061-00045175,P10 > P10-EXT-LGC-EXTRACCION > P10-EXT-LGC-DESGOMADO,P10-EXT-TNQ-V410,ya_existia,BTZ_Description_21,El código ya estaba escrito en el elemento
282997,a027b4da-4e9c-44ad-b607-5fb48d4c7061-00045175,P10 > P10-EXT-LGC-EXTRACCION > P10-EXT-LGC-DESGOMADO,P10-EXT-AGT-A420C,ya_existia,BTZ_Description_22,El código ya estaba escrito en el elemento
282997,a027b4da-4e9c-44ad-b607-5fb48d4c7061-00045175,P10 > P10-EXT-LGC-EXTRACCION > P10-EXT-LGC-DESGOMADO,P10-EXT-BMB-P410,ya_existia,BTZ_Description_23,El código ya estaba escrito en el elemento
282997,a027b4da-4e9c-44ad-b607-5fb48d4c7061-00045175,P10 > P10-EXT-LGC-EXTRACCION > P10-EXT-LGC-DESGOMADO,P10-EXT-TNQ-V420,ya_existia,BTZ_Description_24,El código ya estaba escrito en el elemento
282997,a027b4da-4e9c-44ad-b607-5fb48d4c7061-00045175,P10 > P10-EXT-LGC-EXTRACCION > P10-EXT-LGC-DESGOMADO,P10-EXT-AGT-A420,ya_existia,BTZ_Description_25,El código ya estaba escrito en el elemento
282997,a027b4da-4e9c-44ad-b607-5fb48d4c7061-00045175,P10 > P10-EXT-LGC-EXTRACCION > P10-EXT-LGC-DESGOMADO,P10-EXT-VLV-VSA420,ya_existia,BTZ_Description_26,El código ya estaba escrito en el elemento
282997,a027b4da-4e9c-44ad-b607-5fb48d4c7061-00045175,P10 > P10-EXT-LGC-EXTRACCION > P10-EXT-LGC-DESGOMADO,P10-EXT-TNQ-V420B,ya_existia,BTZ_Description_27,El código ya estaba escrito en el elemento
282997,a027b4da-4e9c-44ad-b607-5fb48d4c7061-00045175,P10 > P10-EXT-LGC-EXTRACCION > P10-EXT-LGC-DESGOMADO,P10-EXT-TNQ-TK492,ya_existia,BTZ_Description_28,El código ya estaba escrito en el elemento
282997,a027b4da-4e9c-44ad-b607-5fb48d4c7061-00045175,P10 > P10-EXT-LGC-EXTRACCION > P10-EXT-LGC-DESGOMADO,P10-EXT-BMB-P492,ya_existia,BTZ_Description_29,El código ya estaba escrito en el elemento
282997,a027b4da-4e9c-44ad-b607-5fb48d4c7061-00045175,P10 > P10-EXT-LGC-EXTRACCION > P10-EXT-LGC-DESGOMADO,P10-EXT-VLV-SOV430,ya_existia,BTZ_Description_30,El código ya estaba escrito en el elemento
282997,a027b4da-4e9c-44ad-b607-5fb48d4c7061-00045175,P10 > P10-EXT-LGC-EXTRACCION > P10-EXT-LGC-DESGOMADO,P10-EXT-VLV-SOV426,ya_existia,BTZ_Description_31,El código ya estaba escrito en el elemento
282969,a027b4da-4e9c-44ad-b607-5fb48d4c7061-00045159,P10 > P10-EXT-LGC-EXTRACCION > P10-EXT-LGC-DESTILACION,P10-EXT-EVP-HX301,ya_existia,BTZ_Description_04,El código ya estaba escrito en el elemento
282969,a027b4da-4e9c-44ad-b607-5fb48d4c7061-00045159,P10 > P10-EXT-LGC-EXTRACCION > P10-EXT-LGC-DESTILACION,P10-EXT-CND-HX305,ya_existia,BTZ_Description_05,El código ya estaba escrito en el elemento
282969,a027b4da-4e9c-44ad-b607-5fb48d4c7061-00045159,P10 > P10-EXT-LGC-EXTRACCION > P10-EXT-LGC-DESTILACION,P10-EXT-CND-HX304,ya_existia,BTZ_Description_06,El código ya estaba escrito en el elemento
282969,a027b4da-4e9c-44ad-b607-5fb48d4c7061-00045159,P10 > P10-EXT-LGC-EXTRACCION > P10-EXT-LGC-DESTILACION,P10-EXT-EVP-HX307,ya_existia,BTZ_Description_07,El código ya estaba escrito en el elemento
282969,a027b4da-4e9c-44ad-b607-5fb48d4c7061-00045159,P10 > P10-EXT-LGC-EXTRACCION > P10-EXT-LGC-DESTILACION,P10-EXT-CND-HX308,ya_existia,BTZ_Description_08,El código ya estaba escrito en el elemento
282969,a027b4da-4e9c-44ad-b607-5fb48d4c7061-00045159,P10 > P10-EXT-LGC-EXTRACCION > P10-EXT-LGC-DESTILACION,P10-EXT-EVP-HX309,ya_existia,BTZ_Description_09,El código ya estaba escrito en el elemento
282969,a027b4da-4e9c-44ad-b607-5fb48d4c7061-00045159,P10 > P10-EXT-LGC-EXTRACCION > P10-EXT-LGC-DESTILACION,P10-EXT-BMB-P310,ya_existia,BTZ_Description_10,El código ya estaba escrito en el elemento
282969,a027b4da-4e9c-44ad-b607-5fb48d4c7061-00045159,P10 > P10-EXT-LGC-EXTRACCION > P10-EXT-LGC-DESTILACION,P10-EXT-INT-HX314,ya_existia,BTZ_Description_11,El código ya estaba escrito en el elemento
282969,a027b4da-4e9c-44ad-b607-5fb48d4c7061-00045159,P10 > P10-EXT-LGC-EXTRACCION > P10-EXT-LGC-DESTILACION,P10-EXT-STR-V311,ya_existia,BTZ_Description_12,El código ya estaba escrito en el elemento
282969,a027b4da-4e9c-44ad-b607-5fb48d4c7061-00045159,P10 > P10-EXT-LGC-EXTRACCION > P10-EXT-LGC-DESTILACION,P10-EXT-BMB-P313B,ya_existia,BTZ_Description_13,El código ya estaba escrito en el elemento
282969,a027b4da-4e9c-44ad-b607-5fb48d4c7061-00045159,P10 > P10-EXT-LGC-EXTRACCION > P10-EXT-LGC-DESTILACION,P10-EXT-BMB-P313,ya_existia,BTZ_Description_14,El código ya estaba escrito en el elemento
282969,a027b4da-4e9c-44ad-b607-5fb48d4c7061-00045159,P10 > P10-EXT-LGC-EXTRACCION > P10-EXT-LGC-DESTILACION,P10-EXT-CND-HX312,ya_existia,BTZ_Description_15,El código ya estaba escrito en el elemento
282969,a027b4da-4e9c-44ad-b607-5fb48d4c7061-00045159,P10 > P10-EXT-LGC-EXTRACCION > P10-EXT-LGC-DESTILACION,P10-EXT-VLV-TCV-307,ya_existia,BTZ_Description_16,El código ya estaba escrito en el elemento
282969,a027b4da-4e9c-44ad-b607-5fb48d4c7061-00045159,P10 > P10-EXT-LGC-EXTRACCION > P10-EXT-LGC-DESTILACION,P10-EXT-VLV-TCV-309,ya_existia,BTZ_Description_17,El código ya estaba escrito en el elemento
282896,a027b4da-4e9c-44ad-b607-5fb48d4c7061-00045110,P10 > P10-EXT-LGC-EXTRACCION > P10-EXT-LGC-SOLVENTE,P10-EXT-BMB-P336,ya_existia,BTZ_Description_04,El código ya estaba escrito en el elemento
282896,a027b4da-4e9c-44ad-b607-5fb48d4c7061-00045110,P10 > P10-EXT-LGC-EXTRACCION > P10-EXT-LGC-SOLVENTE,P10-EXT-BMB-P351,ya_existia,BTZ_Description_05,El código ya estaba escrito en el elemento
282896,a027b4da-4e9c-44ad-b607-5fb48d4c7061-00045110,P10 > P10-EXT-LGC-EXTRACCION > P10-EXT-LGC-SOLVENTE,P10-EXT-PRC-HX302,ya_existia,BTZ_Description_06,El código ya estaba escrito en el elemento
282896,a027b4da-4e9c-44ad-b607-5fb48d4c7061-00045110,P10 > P10-EXT-LGC-EXTRACCION > P10-EXT-LGC-SOLVENTE,P10-EXT-INT-V338,ya_existia,BTZ_Description_07,El código ya estaba escrito en el elemento
282896,a027b4da-4e9c-44ad-b607-5fb48d4c7061-00045110,P10 > P10-EXT-LGC-EXTRACCION > P10-EXT-LGC-SOLVENTE,P10-EXT-RHV-HX337,ya_existia,BTZ_Description_08,El código ya estaba escrito en el elemento
282896,a027b4da-4e9c-44ad-b607-5fb48d4c7061-00045110,P10 > P10-EXT-LGC-EXTRACCION > P10-EXT-LGC-SOLVENTE,P10-EXT-TNQ-V330,ya_existia,BTZ_Description_09,El código ya estaba escrito en el elemento
282896,a027b4da-4e9c-44ad-b607-5fb48d4c7061-00045110,P10 > P10-EXT-LGC-EXTRACCION > P10-EXT-LGC-SOLVENTE,P10-EXT-BMB-P331,ya_existia,BTZ_Description_10,El código ya estaba escrito en el elemento
282896,a027b4da-4e9c-44ad-b607-5fb48d4c7061-00045110,P10 > P10-EXT-LGC-EXTRACCION > P10-EXT-LGC-SOLVENTE,P10-EXT-BMB-P335,ya_existia,BTZ_Description_11,El código ya estaba escrito en el elemento
282896,a027b4da-4e9c-44ad-b607-5fb48d4c7061-00045110,P10 > P10-EXT-LGC-EXTRACCION > P10-EXT-LGC-SOLVENTE,P10-EXT-TNQ-V351,ya_existia,BTZ_Description_12,El código ya estaba escrito en el elemento
282896,a027b4da-4e9c-44ad-b607-5fb48d4c7061-00045110,P10 > P10-EXT-LGC-EXTRACCION > P10-EXT-LGC-SOLVENTE,P10-EXT-TNQ-TKD,ya_existia,BTZ_Description_13,El código ya estaba escrito en el elemento
282896,a027b4da-4e9c-44ad-b607-5fb48d4c7061-00045110,P10 > P10-EXT-LGC-EXTRACCION > P10-EXT-LGC-SOLVENTE,P10-EXT-BMB-P335A,ya_existia,BTZ_Description_14,El código ya estaba escrito en el elemento
282896,a027b4da-4e9c-44ad-b607-5fb48d4c7061-00045110,P10 > P10-EXT-LGC-EXTRACCION > P10-EXT-LGC-SOLVENTE,P10-EXT-AH101,ya_existia,BTZ_Description_15,El código ya estaba escrito en el elemento
282896,a027b4da-4e9c-44ad-b607-5fb48d4c7061-00045110,P10 > P10-EXT-LGC-EXTRACCION > P10-EXT-LGC-SOLVENTE,P10-EXT-AH103,ya_existia,BTZ_Description_16,El código ya estaba escrito en el elemento
282896,a027b4da-4e9c-44ad-b607-5fb48d4c7061-00045110,P10 > P10-EXT-LGC-EXTRACCION > P10-EXT-LGC-SOLVENTE,P10-EXT-AH102,ya_existia,BTZ_Description_17,El código ya estaba escrito en el elemento
282896,a027b4da-4e9c-44ad-b607-5fb48d4c7061-00045110,P10 > P10-EXT-LGC-EXTRACCION > P10-EXT-LGC-SOLVENTE,P10-EXT-AH105,ya_existia,BTZ_Description_18,El código ya estaba escrito en el elemento
282896,a027b4da-4e9c-44ad-b607-5fb48d4c7061-00045110,P10 > P10-EXT-LGC-EXTRACCION > P10-EXT-LGC-SOLVENTE,P10-EXT-AH104,ya_existia,BTZ_Description_19,El código ya estaba escrito en el elemento
282656,a027b4da-4e9c-44ad-b607-5fb48d4c7061-00045020,P10 > P10-EXT-LGC-EXTRACCION > P10-EXT-TST-DT250,P10-EXT-CND-HX303,ya_existia,BTZ_Description_04,El código ya estaba escrito en el elemento
282656,a027b4da-4e9c-44ad-b607-5fb48d4c7061-00045020,P10 > P10-EXT-LGC-EXTRACCION > P10-EXT-TST-DT250,P10-EXT-LGC-VLV,ya_existia,BTZ_Description_05,El código ya estaba escrito en el elemento
282656,a027b4da-4e9c-44ad-b607-5fb48d4c7061-00045020,P10 > P10-EXT-LGC-EXTRACCION > P10-EXT-TST-DT250,P10-EXT-VLV-PRV259,ya_existia,BTZ_Description_06,El código ya estaba escrito en el elemento
282656,a027b4da-4e9c-44ad-b607-5fb48d4c7061-00045020,P10 > P10-EXT-LGC-EXTRACCION > P10-EXT-TST-DT250,P10-EXT-VLV-PRV258,ya_existia,BTZ_Description_07,El código ya estaba escrito en el elemento
282656,a027b4da-4e9c-44ad-b607-5fb48d4c7061-00045020,P10 > P10-EXT-LGC-EXTRACCION > P10-EXT-TST-DT250,P10-EXT-VLV-PRV260,ya_existia,BTZ_Description_08,El código ya estaba escrito en el elemento
282656,a027b4da-4e9c-44ad-b607-5fb48d4c7061-00045020,P10 > P10-EXT-LGC-EXTRACCION > P10-EXT-TST-DT250,P10-EXT-MND-M250A,ya_existia,BTZ_Description_09,El código ya estaba escrito en el elemento
282656,a027b4da-4e9c-44ad-b607-5fb48d4c7061-00045020,P10 > P10-EXT-LGC-EXTRACCION > P10-EXT-TST-DT250,P10-EXT-RDC-RDT250,ya_existia,BTZ_Description_10,El código ya estaba escrito en el elemento
282656,a027b4da-4e9c-44ad-b607-5fb48d4c7061-00045020,P10 > P10-EXT-LGC-EXTRACCION > P10-EXT-TST-DT250,P10-EXT-BMB-P250,ya_existia,BTZ_Description_11,El código ya estaba escrito en el elemento
282656,a027b4da-4e9c-44ad-b607-5fb48d4c7061-00045020,P10 > P10-EXT-LGC-EXTRACCION > P10-EXT-TST-DT250,P10-EXT-TNQ-V480,ya_existia,BTZ_Description_12,El código ya estaba escrito en el elemento
282656,a027b4da-4e9c-44ad-b607-5fb48d4c7061-00045020,P10 > P10-EXT-LGC-EXTRACCION > P10-EXT-TST-DT250,P10-EXT-BMB-P490,ya_existia,BTZ_Description_13,El código ya estaba escrito en el elemento
282656,a027b4da-4e9c-44ad-b607-5fb48d4c7061-00045020,P10 > P10-EXT-LGC-EXTRACCION > P10-EXT-TST-DT250,P10-EXT-BMB-P481,ya_existia,BTZ_Description_14,El código ya estaba escrito en el elemento
282656,a027b4da-4e9c-44ad-b607-5fb48d4c7061-00045020,P10 > P10-EXT-LGC-EXTRACCION > P10-EXT-TST-DT250,P10-EXT-BMB-P482,ya_existia,BTZ_Description_15,El código ya estaba escrito en el elemento
282656,a027b4da-4e9c-44ad-b607-5fb48d4c7061-00045020,P10 > P10-EXT-LGC-EXTRACCION > P10-EXT-TST-DT250,P10-EXT-TNQ-V262,ya_existia,BTZ_Description_16,El código ya estaba escrito en el elemento
282656,a027b4da-4e9c-44ad-b607-5fb48d4c7061-00045020,P10 > P10-EXT-LGC-EXTRACCION > P10-EXT-TST-DT250,P10-EXT-TNQ-V475,ya_existia,BTZ_Description_17,El código ya estaba escrito en el elemento
282656,a027b4da-4e9c-44ad-b607-5fb48d4c7061-00045020,P10 > P10-EXT-LGC-EXTRACCION > P10-EXT-TST-DT250,P10-EXT-VLV-SOV250,ya_existia,BTZ_Description_18,El código ya estaba escrito en el elemento
282656,a027b4da-4e9c-44ad-b607-5fb48d4c7061-00045020,P10 > P10-EXT-LGC-EXTRACCION > P10-EXT-TST-DT250,P10-EXT-VLV-RV255A,ya_existia,BTZ_Description_19,El código ya estaba escrito en el elemento
282656,a027b4da-4e9c-44ad-b607-5fb48d4c7061-00045020,P10 > P10-EXT-LGC-EXTRACCION > P10-EXT-TST-DT250,P10-EXT-VLV-RV255B,ya_existia,BTZ_Description_20,El código ya estaba escrito en el elemento
282656,a027b4da-4e9c-44ad-b607-5fb48d4c7061-00045020,P10 > P10-EXT-LGC-EXTRACCION > P10-EXT-TST-DT250,P10-EXT-VLV-RV256A,ya_existia,BTZ_Description_21,El código ya estaba escrito en el elemento
282656,a027b4da-4e9c-44ad-b607-5fb48d4c7061-00045020,P10 > P10-EXT-LGC-EXTRACCION > P10-EXT-TST-DT250,P10-EXT-VLV-RV256B,ya_existia,BTZ_Description_22,El código ya estaba escrito en el elemento
282656,a027b4da-4e9c-44ad-b607-5fb48d4c7061-00045020,P10 > P10-EXT-LGC-EXTRACCION > P10-EXT-TST-DT250,P10-EXT-VLV-RV257A,ya_existia,BTZ_Description_23,El código ya estaba escrito en el elemento
282656,a027b4da-4e9c-44ad-b607-5fb48d4c7061-00045020,P10 > P10-EXT-LGC-EXTRACCION > P10-EXT-TST-DT250,P10-EXT-VLV-RV257B,ya_existia,BTZ_Description_24,El código ya estaba escrito en el elemento
282656,a027b4da-4e9c-44ad-b607-5fb48d4c7061-00045020,P10 > P10-EXT-LGC-EXTRACCION > P10-EXT-TST-DT250,P10-EXT-VLV-RV258A,ya_existia,BTZ_Description_25,El código ya estaba escrito en el elemento
282656,a027b4da-4e9c-44ad-b607-5fb48d4c7061-00045020,P10 > P10-EXT-LGC-EXTRACCION > P10-EXT-TST-DT250,P10-EXT-VLV-RV258B,ya_existia,BTZ_Description_26,El código ya estaba escrito en el elemento
282656,a027b4da-4e9c-44ad-b607-5fb48d4c7061-00045020,P10 > P10-EXT-LGC-EXTRACCION > P10-EXT-TST-DT250,P10-EXT-VLV-RV259,ya_existia,BTZ_Description_27,El código ya estaba escrito en el elemento
282656,a027b4da-4e9c-44ad-b607-5fb48d4c7061-00045020,P10 > P10-EXT-LGC-EXTRACCION > P10-EXT-TST-DT250,P10-EXT-VLV-RV260,ya_existia,BTZ_Description_28,El código ya estaba escrito en el elemento
282656,a027b4da-4e9c-44ad-b607-5fb48d4c7061-00045020,P10 > P10-EXT-LGC-EXTRACCION > P10-EXT-TST-DT250,P10-EXT-VLV-SOV252,ya_existia,BTZ_Description_29,El código ya estaba escrito en el elemento
385885,905be7f4-0c46-42ea-a443-0fdea469e6f3-0005e35d,P10 > P10-HRN-LGC-HARINA > P10-HRN-CNT-C04,P10-HRN-VLV-VGG01,ya_existia,BTZ_Description_04,El código ya estaba escrito en el elemento
385885,905be7f4-0c46-42ea-a443-0fdea469e6f3-0005e35d,P10 > P10-HRN-LGC-HARINA > P10-HRN-CNT-C04,P10-HRN-VLV-VGH01,ya_existia,BTZ_Description_05,El código ya estaba escrito en el elemento
227678,25d0f85d-57da-4cae-8ca2-9b682363407e-0003795e,P10 > P10-HRN-LGC-HARINA > P10-HRN-LGC-MOLINOS,P10-HRN-MLN-M01,ya_existia,BTZ_Description_04,El código ya estaba escrito en el elemento
227678,25d0f85d-57da-4cae-8ca2-9b682363407e-0003795e,P10 > P10-HRN-LGC-HARINA > P10-HRN-LGC-MOLINOS,P10-HRN-ALM-MA01,ya_existia,BTZ_Description_05,El código ya estaba escrito en el elemento
227678,25d0f85d-57da-4cae-8ca2-9b682363407e-0003795e,P10 > P10-HRN-LGC-HARINA > P10-HRN-LGC-MOLINOS,P10-HRN-RSC-MSF01,ya_existia,BTZ_Description_06,El código ya estaba escrito en el elemento
227678,25d0f85d-57da-4cae-8ca2-9b682363407e-0003795e,P10 > P10-HRN-LGC-HARINA > P10-HRN-LGC-MOLINOS,P10-HRN-MLN-M02,ya_existia,BTZ_Description_07,El código ya estaba escrito en el elemento
227678,25d0f85d-57da-4cae-8ca2-9b682363407e-0003795e,P10 > P10-HRN-LGC-HARINA > P10-HRN-LGC-MOLINOS,P10-HRN-ALM-MA02,ya_existia,BTZ_Description_08,El código ya estaba escrito en el elemento
227678,25d0f85d-57da-4cae-8ca2-9b682363407e-0003795e,P10 > P10-HRN-LGC-HARINA > P10-HRN-LGC-MOLINOS,P10-HRN-RSC-MSF02,ya_existia,BTZ_Description_09,El código ya estaba escrito en el elemento
227678,25d0f85d-57da-4cae-8ca2-9b682363407e-0003795e,P10 > P10-HRN-LGC-HARINA > P10-HRN-LGC-MOLINOS,P10-HRN-MLN-M03,ya_existia,BTZ_Description_10,El código ya estaba escrito en el elemento
227678,25d0f85d-57da-4cae-8ca2-9b682363407e-0003795e,P10 > P10-HRN-LGC-HARINA > P10-HRN-LGC-MOLINOS,P10-HRN-ALM-MA03,ya_existia,BTZ_Description_11,El código ya estaba escrito en el elemento
227678,25d0f85d-57da-4cae-8ca2-9b682363407e-0003795e,P10 > P10-HRN-LGC-HARINA > P10-HRN-LGC-MOLINOS,P10-HRN-RSC-MSF03,ya_existia,BTZ_Description_12,El código ya estaba escrito en el elemento
380586,ddbef6d8-5146-4ece-9a6f-82caaca14519-0005ceaa,P10 > P10-HRN-LGC-HARINA > P10-HRN-LGC-NORIAS,P10-HRN-NOR-N03,ya_existia,BTZ_Description_04,El código ya estaba escrito en el elemento
380586,ddbef6d8-5146-4ece-9a6f-82caaca14519-0005ceaa,P10 > P10-HRN-LGC-HARINA > P10-HRN-LGC-NORIAS,P10-HRN-NOR-N04,ya_existia,BTZ_Description_05,El código ya estaba escrito en el elemento
380586,ddbef6d8-5146-4ece-9a6f-82caaca14519-0005ceaa,P10 > P10-HRN-LGC-HARINA > P10-HRN-LGC-NORIAS,P10-HRN-NOR-N05,ya_existia,BTZ_Description_06,El código ya estaba escrito en el elemento
380586,ddbef6d8-5146-4ece-9a6f-82caaca14519-0005ceaa,P10 > P10-HRN-LGC-HARINA > P10-HRN-LGC-NORIAS,P10-HRN-MNL-NML05,ya_existia,BTZ_Description_07,El código ya estaba escrito en el elemento
358462,1dd21141-8de6-4d43-b824-f67da67065de-0005783e,P10 > P10-HRN-LGC-HARINA > P10-HRN-LGC-SEC. ROTATIVOS > P10-HRN-SRT-SR01,P10-HRN-RSC-SF04,ya_existia,BTZ_Description_05,El código ya estaba escrito en el elemento
358462,1dd21141-8de6-4d43-b824-f67da67065de-0005783e,P10 > P10-HRN-LGC-HARINA > P10-HRN-LGC-SEC. ROTATIVOS > P10-HRN-SRT-SR01,P10-HRN-VLV-VALV,ya_existia,BTZ_Description_06,El código ya estaba escrito en el elemento
358495,1dd21141-8de6-4d43-b824-f67da67065de-0005785f,P10 > P10-HRN-LGC-HARINA > P10-HRN-LGC-SEC. ROTATIVOS > P10-HRN-SRT-SR02,P10-HRN-RSC-SF05,ya_existia,BTZ_Description_05,El código ya estaba escrito en el elemento
380547,ddbef6d8-5146-4ece-9a6f-82caaca14519-0005ce83,P10 > P10-HRN-LGC-HARINA > P10-HRN-LGC-TAMIZADORES,P10-HRN-BTD-BA01,ya_existia,BTZ_Description_04,El código ya estaba escrito en el elemento
380547,ddbef6d8-5146-4ece-9a6f-82caaca14519-0005ce83,P10 > P10-HRN-LGC-HARINA > P10-HRN-LGC-TAMIZADORES,P10-HRN-RSC-SFBA01,ya_existia,BTZ_Description_05,El código ya estaba escrito en el elemento
380547,ddbef6d8-5146-4ece-9a6f-82caaca14519-0005ce83,P10 > P10-HRN-LGC-HARINA > P10-HRN-LGC-TAMIZADORES,P10-HRN-RSC-BAA01,ya_existia,BTZ_Description_06,El código ya estaba escrito en el elemento
380547,ddbef6d8-5146-4ece-9a6f-82caaca14519-0005ce83,P10 > P10-HRN-LGC-HARINA > P10-HRN-LGC-TAMIZADORES,P10-HRN-BTD-BA02,ya_existia,BTZ_Description_07,El código ya estaba escrito en el elemento
380547,ddbef6d8-5146-4ece-9a6f-82caaca14519-0005ce83,P10 > P10-HRN-LGC-HARINA > P10-HRN-LGC-TAMIZADORES,P10-HRN-RSC-SFBA02,ya_existia,BTZ_Description_08,El código ya estaba escrito en el elemento
380547,ddbef6d8-5146-4ece-9a6f-82caaca14519-0005ce83,P10 > P10-HRN-LGC-HARINA > P10-HRN-LGC-TAMIZADORES,P10-HRN-RSC-BAA02,ya_existia,BTZ_Description_09,El código ya estaba escrito en el elemento
380547,ddbef6d8-5146-4ece-9a6f-82caaca14519-0005ce83,P10 > P10-HRN-LGC-HARINA > P10-HRN-LGC-TAMIZADORES,P10-HRN-BTD-BA03,ya_existia,BTZ_Description_10,El código ya estaba escrito en el elemento
380547,ddbef6d8-5146-4ece-9a6f-82caaca14519-0005ce83,P10 > P10-HRN-LGC-HARINA > P10-HRN-LGC-TAMIZADORES,P10-HRN-RSC-SFBA03,ya_existia,BTZ_Description_11,El código ya estaba escrito en el elemento
380547,ddbef6d8-5146-4ece-9a6f-82caaca14519-0005ce83,P10 > P10-HRN-LGC-HARINA > P10-HRN-LGC-TAMIZADORES,P10-HRN-RSC-BAA03,ya_existia,BTZ_Description_12,El código ya estaba escrito en el elemento
380547,ddbef6d8-5146-4ece-9a6f-82caaca14519-0005ce83,P10 > P10-HRN-LGC-HARINA > P10-HRN-LGC-TAMIZADORES,P10-HRN-BTD-BA04,ya_existia,BTZ_Description_13,El código ya estaba escrito en el elemento
380547,ddbef6d8-5146-4ece-9a6f-82caaca14519-0005ce83,P10 > P10-HRN-LGC-HARINA > P10-HRN-LGC-TAMIZADORES,P10-HRN-RSC-SFBA04,ya_existia,BTZ_Description_14,El código ya estaba escrito en el elemento
380547,ddbef6d8-5146-4ece-9a6f-82caaca14519-0005ce83,P10 > P10-HRN-LGC-HARINA > P10-HRN-LGC-TAMIZADORES,P10-HRN-RSC-BAA04,ya_existia,BTZ_Description_15,El código ya estaba escrito en el elemento
380547,ddbef6d8-5146-4ece-9a6f-82caaca14519-0005ce83,P10 > P10-HRN-LGC-HARINA > P10-HRN-LGC-TAMIZADORES,P10-HRN-BTD-BA05,ya_existia,BTZ_Description_16,El código ya estaba escrito en el elemento
380547,ddbef6d8-5146-4ece-9a6f-82caaca14519-0005ce83,P10 > P10-HRN-LGC-HARINA > P10-HRN-LGC-TAMIZADORES,P10-HRN-RSC-SFBA05,ya_existia,BTZ_Description_17,El código ya estaba escrito en el elemento
380547,ddbef6d8-5146-4ece-9a6f-82caaca14519-0005ce83,P10 > P10-HRN-LGC-HARINA > P10-HRN-LGC-TAMIZADORES,P10-HRN-RSC-BAA05,ya_existia,BTZ_Description_18,El código ya estaba escrito en el elemento
367888,460ebebf-e4ee-449a-900c-ab33de4c697f-00059d10,P10 > P10-HRN-LGC-HARINA > P10-HRN-ENF-EG01,P10-HRN-RSC-EGSF01,ya_existia,BTZ_Description_04,El código ya estaba escrito en el elemento
367888,460ebebf-e4ee-449a-900c-ab33de4c697f-00059d10,P10 > P10-HRN-LGC-HARINA > P10-HRN-ENF-EG01,P10-HRN-RSC-EGSF02,ya_existia,BTZ_Description_05,El código ya estaba escrito en el elemento
367888,460ebebf-e4ee-449a-900c-ab33de4c697f-00059d10,P10 > P10-HRN-LGC-HARINA > P10-HRN-ENF-EG01,P10-HRN-RSC-EGSF03,ya_existia,BTZ_Description_06,El código ya estaba escrito en el elemento
367888,460ebebf-e4ee-449a-900c-ab33de4c697f-00059d10,P10 > P10-HRN-LGC-HARINA > P10-HRN-ENF-EG01,P10-HRN-RSC-EGSF04,ya_existia,BTZ_Description_07,El código ya estaba escrito en el elemento
367888,460ebebf-e4ee-449a-900c-ab33de4c697f-00059d10,P10 > P10-HRN-LGC-HARINA > P10-HRN-ENF-EG01,P10-HRN-VNT-VE27,ya_existia,BTZ_Description_08,El código ya estaba escrito en el elemento
367888,460ebebf-e4ee-449a-900c-ab33de4c697f-00059d10,P10 > P10-HRN-LGC-HARINA > P10-HRN-ENF-EG01,P10-HRN-CCL-CVE27,ya_existia,BTZ_Description_09,El código ya estaba escrito en el elemento
367888,460ebebf-e4ee-449a-900c-ab33de4c697f-00059d10,P10 > P10-HRN-LGC-HARINA > P10-HRN-ENF-EG01,P10-HRN-VLV-VR20,ya_existia,BTZ_Description_10,El código ya estaba escrito en el elemento
367888,460ebebf-e4ee-449a-900c-ab33de4c697f-00059d10,P10 > P10-HRN-LGC-HARINA > P10-HRN-ENF-EG01,P10-HRN-VNT-VE28,ya_existia,BTZ_Description_11,El código ya estaba escrito en el elemento
367888,460ebebf-e4ee-449a-900c-ab33de4c697f-00059d10,P10 > P10-HRN-LGC-HARINA > P10-HRN-ENF-EG01,P10-HRN-CCL-CVE28,ya_existia,BTZ_Description_12,El código ya estaba escrito en el elemento
367888,460ebebf-e4ee-449a-900c-ab33de4c697f-00059d10,P10 > P10-HRN-LGC-HARINA > P10-HRN-ENF-EG01,P10-HRN-VLV-VR21,ya_existia,BTZ_Description_13,El código ya estaba escrito en el elemento
367888,460ebebf-e4ee-449a-900c-ab33de4c697f-00059d10,P10 > P10-HRN-LGC-HARINA > P10-HRN-ENF-EG01,P10-HRN-VNT-VE29,ya_existia,BTZ_Description_14,El código ya estaba escrito en el elemento
367888,460ebebf-e4ee-449a-900c-ab33de4c697f-00059d10,P10 > P10-HRN-LGC-HARINA > P10-HRN-ENF-EG01,P10-HRN-CCL-CVE29,ya_existia,BTZ_Description_15,El código ya estaba escrito en el elemento
367888,460ebebf-e4ee-449a-900c-ab33de4c697f-00059d10,P10 > P10-HRN-LGC-HARINA > P10-HRN-ENF-EG01,P10-HRN-VLV-VR22,ya_existia,BTZ_Description_16,El código ya estaba escrito en el elemento
367888,460ebebf-e4ee-449a-900c-ab33de4c697f-00059d10,P10 > P10-HRN-LGC-HARINA > P10-HRN-ENF-EG01,P10-HRN-VNT-VE30,ya_existia,BTZ_Description_17,El código ya estaba escrito en el elemento
367888,460ebebf-e4ee-449a-900c-ab33de4c697f-00059d10,P10 > P10-HRN-LGC-HARINA > P10-HRN-ENF-EG01,P10-HRN-CCL-CVE30,ya_existia,BTZ_Description_18,El código ya estaba escrito en el elemento
367888,460ebebf-e4ee-449a-900c-ab33de4c697f-00059d10,P10 > P10-HRN-LGC-HARINA > P10-HRN-ENF-EG01,P10-HRN-VLV-VR23,ya_existia,BTZ_Description_19,El código ya estaba escrito en el elemento
367888,460ebebf-e4ee-449a-900c-ab33de4c697f-00059d10,P10 > P10-HRN-LGC-HARINA > P10-HRN-ENF-EG01,P10-HRN-VNT-VE31,ya_existia,BTZ_Description_20,El código ya estaba escrito en el elemento
367888,460ebebf-e4ee-449a-900c-ab33de4c697f-00059d10,P10 > P10-HRN-LGC-HARINA > P10-HRN-ENF-EG01,P10-HRN-CCL-CVE31,ya_existia,BTZ_Description_21,El código ya estaba escrito en el elemento
367888,460ebebf-e4ee-449a-900c-ab33de4c697f-00059d10,P10 > P10-HRN-LGC-HARINA > P10-HRN-ENF-EG01,P10-HRN-VLV-VR24,ya_existia,BTZ_Description_22,El código ya estaba escrito en el elemento
367888,460ebebf-e4ee-449a-900c-ab33de4c697f-00059d10,P10 > P10-HRN-LGC-HARINA > P10-HRN-ENF-EG01,P10-HRN-VNT-VE32,ya_existia,BTZ_Description_23,El código ya estaba escrito en el elemento
367888,460ebebf-e4ee-449a-900c-ab33de4c697f-00059d10,P10 > P10-HRN-LGC-HARINA > P10-HRN-ENF-EG01,P10-HRN-CCL-CVE32,ya_existia,BTZ_Description_24,El código ya estaba escrito en el elemento
367888,460ebebf-e4ee-449a-900c-ab33de4c697f-00059d10,P10 > P10-HRN-LGC-HARINA > P10-HRN-ENF-EG01,P10-HRN-VLV-VR25,ya_existia,BTZ_Description_25,El código ya estaba escrito en el elemento
367888,460ebebf-e4ee-449a-900c-ab33de4c697f-00059d10,P10 > P10-HRN-LGC-HARINA > P10-HRN-ENF-EG01,P10-HRN-VNT-VE33,ya_existia,BTZ_Description_26,El código ya estaba escrito en el elemento
367888,460ebebf-e4ee-449a-900c-ab33de4c697f-00059d10,P10 > P10-HRN-LGC-HARINA > P10-HRN-ENF-EG01,P10-HRN-CCL-CVE33,ya_existia,BTZ_Description_27,El código ya estaba escrito en el elemento
367888,460ebebf-e4ee-449a-900c-ab33de4c697f-00059d10,P10 > P10-HRN-LGC-HARINA > P10-HRN-ENF-EG01,P10-HRN-VLV-VR26,ya_existia,BTZ_Description_28,El código ya estaba escrito en el elemento
367888,460ebebf-e4ee-449a-900c-ab33de4c697f-00059d10,P10 > P10-HRN-LGC-HARINA > P10-HRN-ENF-EG01,P10-HRN-VNT-VE34,ya_existia,BTZ_Description_29,El código ya estaba escrito en el elemento
367888,460ebebf-e4ee-449a-900c-ab33de4c697f-00059d10,P10 > P10-HRN-LGC-HARINA > P10-HRN-ENF-EG01,P10-HRN-CCL-CVE34,ya_existia,BTZ_Description_30,El código ya estaba escrito en el elemento
367888,460ebebf-e4ee-449a-900c-ab33de4c697f-00059d10,P10 > P10-HRN-LGC-HARINA > P10-HRN-ENF-EG01,P10-HRN-VLV-VR27,ya_existia,BTZ_Description_31,El código ya estaba escrito en el elemento
367888,460ebebf-e4ee-449a-900c-ab33de4c697f-00059d10,P10 > P10-HRN-LGC-HARINA > P10-HRN-ENF-EG01,P10-HRN-VNT-VE39,ya_existia,BTZ_Description_32,El código ya estaba escrito en el elemento
367888,460ebebf-e4ee-449a-900c-ab33de4c697f-00059d10,P10 > P10-HRN-LGC-HARINA > P10-HRN-ENF-EG01,P10-HRN-ART-ARTVE39,ya_existia,BTZ_Description_33,El código ya estaba escrito en el elemento
367888,460ebebf-e4ee-449a-900c-ab33de4c697f-00059d10,P10 > P10-HRN-LGC-HARINA > P10-HRN-ENF-EG01,P10-HRN-VNT-VE40,ya_existia,BTZ_Description_34,El código ya estaba escrito en el elemento
367888,460ebebf-e4ee-449a-900c-ab33de4c697f-00059d10,P10 > P10-HRN-LGC-HARINA > P10-HRN-ENF-EG01,P10-HRN-ART-ARTVE40,ya_existia,BTZ_Description_35,El código ya estaba escrito en el elemento
367888,460ebebf-e4ee-449a-900c-ab33de4c697f-00059d10,P10 > P10-HRN-LGC-HARINA > P10-HRN-ENF-EG01,P10-HRN-VNT-VE41,ya_existia,BTZ_Description_36,El código ya estaba escrito en el elemento
367888,460ebebf-e4ee-449a-900c-ab33de4c697f-00059d10,P10 > P10-HRN-LGC-HARINA > P10-HRN-ENF-EG01,P10-HRN-ART-ARTVE41,ya_existia,BTZ_Description_37,El código ya estaba escrito en el elemento
367888,460ebebf-e4ee-449a-900c-ab33de4c697f-00059d10,P10 > P10-HRN-LGC-HARINA > P10-HRN-ENF-EG01,P10-HRN-VNT-VE42,ya_existia,BTZ_Description_38,El código ya estaba escrito en el elemento
367888,460ebebf-e4ee-449a-900c-ab33de4c697f-00059d10,P10 > P10-HRN-LGC-HARINA > P10-HRN-ENF-EG01,P10-HRN-ART-ARTVE42,ya_existia,BTZ_Description_39,El código ya estaba escrito en el elemento
367888,460ebebf-e4ee-449a-900c-ab33de4c697f-00059d10,P10 > P10-HRN-LGC-HARINA > P10-HRN-ENF-EG01,P10-HRN-VNT-VE43,ya_existia,BTZ_Description_40,El código ya estaba escrito en el elemento
367888,460ebebf-e4ee-449a-900c-ab33de4c697f-00059d10,P10 > P10-HRN-LGC-HARINA > P10-HRN-ENF-EG01,P10-HRN-ART-ARTVE43,ya_existia,BTZ_Description_41,El código ya estaba escrito en el elemento
367888,460ebebf-e4ee-449a-900c-ab33de4c697f-00059d10,P10 > P10-HRN-LGC-HARINA > P10-HRN-ENF-EG01,P10-HRN-VNT-VE44,ya_existia,BTZ_Description_42,El código ya estaba escrito en el elemento
367888,460ebebf-e4ee-449a-900c-ab33de4c697f-00059d10,P10 > P10-HRN-LGC-HARINA > P10-HRN-ENF-EG01,P10-HRN-ART-ARTVE44,ya_existia,BTZ_Description_43,El código ya estaba escrito en el elemento
367888,460ebebf-e4ee-449a-900c-ab33de4c697f-00059d10,P10 > P10-HRN-LGC-HARINA > P10-HRN-ENF-EG01,P10-HRN-VNT-VE45,ya_existia,BTZ_Description_44,El código ya estaba escrito en el elemento
367888,460ebebf-e4ee-449a-900c-ab33de4c697f-00059d10,P10 > P10-HRN-LGC-HARINA > P10-HRN-ENF-EG01,P10-HRN-ART-ARTVE45,ya_existia,BTZ_Description_45,El código ya estaba escrito en el elemento
367888,460ebebf-e4ee-449a-900c-ab33de4c697f-00059d10,P10 > P10-HRN-LGC-HARINA > P10-HRN-ENF-EG01,P10-HRN-VNT-VE46,ya_existia,BTZ_Description_46,El código ya estaba escrito en el elemento
367888,460ebebf-e4ee-449a-900c-ab33de4c697f-00059d10,P10 > P10-HRN-LGC-HARINA > P10-HRN-ENF-EG01,P10-HRN-ART-ARTVE46,ya_existia,BTZ_Description_47,El código ya estaba escrito en el elemento
367888,460ebebf-e4ee-449a-900c-ab33de4c697f-00059d10,P10 > P10-HRN-LGC-HARINA > P10-HRN-ENF-EG01,P10-HRN-VNT-VE47,ya_existia,BTZ_Description_48,El código ya estaba escrito en el elemento
367888,460ebebf-e4ee-449a-900c-ab33de4c697f-00059d10,P10 > P10-HRN-LGC-HARINA > P10-HRN-ENF-EG01,P10-HRN-ART-ARTVE47,ya_existia,BTZ_Description_49,El código ya estaba escrito en el elemento
367888,460ebebf-e4ee-449a-900c-ab33de4c697f-00059d10,P10 > P10-HRN-LGC-HARINA > P10-HRN-ENF-EG01,P10-HRN-VNT-VE48,ya_existia,BTZ_Description_50,El código ya estaba escrito en el elemento
367888,460ebebf-e4ee-449a-900c-ab33de4c697f-00059d10,P10 > P10-HRN-LGC-HARINA > P10-HRN-ENF-EG01,P10-HRN-ART-ARTVE48,ya_existia,BTZ_Description_51,El código ya estaba escrito en el elemento
367888,460ebebf-e4ee-449a-900c-ab33de4c697f-00059d10,P10 > P10-HRN-LGC-HARINA > P10-HRN-ENF-EG01,P10-HRN-VNT-VE49,ya_existia,BTZ_Description_52,El código ya estaba escrito en el elemento
367888,460ebebf-e4ee-449a-900c-ab33de4c697f-00059d10,P10 > P10-HRN-LGC-HARINA > P10-HRN-ENF-EG01,P10-HRN-ART-ARTVE49,ya_existia,BTZ_Description_53,El código ya estaba escrito en el elemento
367888,460ebebf-e4ee-449a-900c-ab33de4c697f-00059d10,P10 > P10-HRN-LGC-HARINA > P10-HRN-ENF-EG01,P10-HRN-VNT-VE50,ya_existia,BTZ_Description_54,El código ya estaba escrito en el elemento
367888,460ebebf-e4ee-449a-900c-ab33de4c697f-00059d10,P10 > P10-HRN-LGC-HARINA > P10-HRN-ENF-EG01,P10-HRN-ART-ARTVE50,ya_existia,BTZ_Description_55,El código ya estaba escrito en el elemento
367888,460ebebf-e4ee-449a-900c-ab33de4c697f-00059d10,P10 > P10-HRN-LGC-HARINA > P10-HRN-ENF-EG01,P10-HRN-VNT-VE51,ya_existia,BTZ_Description_56,El código ya estaba escrito en el elemento
367888,460ebebf-e4ee-449a-900c-ab33de4c697f-00059d10,P10 > P10-HRN-LGC-HARINA > P10-HRN-ENF-EG01,P10-HRN-ART-ARTVE51,ya_existia,BTZ_Description_57,El código ya estaba escrito en el elemento
367888,460ebebf-e4ee-449a-900c-ab33de4c697f-00059d10,P10 > P10-HRN-LGC-HARINA > P10-HRN-ENF-EG01,P10-HRN-VNT-VE52,ya_existia,BTZ_Description_58,El código ya estaba escrito en el elemento
367888,460ebebf-e4ee-449a-900c-ab33de4c697f-00059d10,P10 > P10-HRN-LGC-HARINA > P10-HRN-ENF-EG01,P10-HRN-ART-ARTVE52,ya_existia,BTZ_Description_59,El código ya estaba escrito en el elemento
367888,460ebebf-e4ee-449a-900c-ab33de4c697f-00059d10,P10 > P10-HRN-LGC-HARINA > P10-HRN-ENF-EG01,P10-HRN-VNT-VE53,ya_existia,BTZ_Description_60,El código ya estaba escrito en el elemento
367888,460ebebf-e4ee-449a-900c-ab33de4c697f-00059d10,P10 > P10-HRN-LGC-HARINA > P10-HRN-ENF-EG01,P10-HRN-ART-ARTVE53,ya_existia,BTZ_Description_61,El código ya estaba escrito en el elemento
367888,460ebebf-e4ee-449a-900c-ab33de4c697f-00059d10,P10 > P10-HRN-LGC-HARINA > P10-HRN-ENF-EG01,P10-HRN-VNT-VE54,ya_existia,BTZ_Description_62,El código ya estaba escrito en el elemento
367888,460ebebf-e4ee-449a-900c-ab33de4c697f-00059d10,P10 > P10-HRN-LGC-HARINA > P10-HRN-ENF-EG01,P10-HRN-ART-ARTVE54,ya_existia,BTZ_Description_63,El código ya estaba escrito en el elemento
367888,460ebebf-e4ee-449a-900c-ab33de4c697f-00059d10,P10 > P10-HRN-LGC-HARINA > P10-HRN-ENF-EG01,P10-HRN-VNT-VE55,ya_existia,BTZ_Description_64,El código ya estaba escrito en el elemento
367888,460ebebf-e4ee-449a-900c-ab33de4c697f-00059d10,P10 > P10-HRN-LGC-HARINA > P10-HRN-ENF-EG01,P10-HRN-ART-ARTVE55,ya_existia,BTZ_Description_65,El código ya estaba escrito en el elemento
367888,460ebebf-e4ee-449a-900c-ab33de4c697f-00059d10,P10 > P10-HRN-LGC-HARINA > P10-HRN-ENF-EG01,P10-HRN-VNT-VE56,ya_existia,BTZ_Description_66,El código ya estaba escrito en el elemento
367888,460ebebf-e4ee-449a-900c-ab33de4c697f-00059d10,P10 > P10-HRN-LGC-HARINA > P10-HRN-ENF-EG01,P10-HRN-ART-ARTVE56,ya_existia,BTZ_Description_67,El código ya estaba escrito en el elemento
367888,460ebebf-e4ee-449a-900c-ab33de4c697f-00059d10,P10 > P10-HRN-LGC-HARINA > P10-HRN-ENF-EG01,P10-HRN-VNT-VE57,ya_existia,BTZ_Description_68,El código ya estaba escrito en el elemento
367888,460ebebf-e4ee-449a-900c-ab33de4c697f-00059d10,P10 > P10-HRN-LGC-HARINA > P10-HRN-ENF-EG01,P10-HRN-ART-ARTVE57,ya_existia,BTZ_Description_69,El código ya estaba escrito en el elemento
367888,460ebebf-e4ee-449a-900c-ab33de4c697f-00059d10,P10 > P10-HRN-LGC-HARINA > P10-HRN-ENF-EG01,P10-HRN-VNT-VE58,ya_existia,BTZ_Description_70,El código ya estaba escrito en el elemento
367888,460ebebf-e4ee-449a-900c-ab33de4c697f-00059d10,P10 > P10-HRN-LGC-HARINA > P10-HRN-ENF-EG01,P10-HRN-ART-ARTVE58,ya_existia,BTZ_Description_71,El código ya estaba escrito en el elemento
367888,460ebebf-e4ee-449a-900c-ab33de4c697f-00059d10,P10 > P10-HRN-LGC-HARINA > P10-HRN-ENF-EG01,P10-HRN-VNT-VE59,ya_existia,BTZ_Description_72,El código ya estaba escrito en el elemento
367888,460ebebf-e4ee-449a-900c-ab33de4c697f-00059d10,P10 > P10-HRN-LGC-HARINA > P10-HRN-ENF-EG01,P10-HRN-ART-ARTVE59,ya_existia,BTZ_Description_73,El código ya estaba escrito en el elemento
367888,460ebebf-e4ee-449a-900c-ab33de4c697f-00059d10,P10 > P10-HRN-LGC-HARINA > P10-HRN-ENF-EG01,P10-HRN-VNT-VE60,ya_existia,BTZ_Description_74,El código ya estaba escrito en el elemento
367888,460ebebf-e4ee-449a-900c-ab33de4c697f-00059d10,P10 > P10-HRN-LGC-HARINA > P10-HRN-ENF-EG01,P10-HRN-ART-ARTVE60,ya_existia,BTZ_Description_75,El código ya estaba escrito en el elemento
367888,460ebebf-e4ee-449a-900c-ab33de4c697f-00059d10,P10 > P10-HRN-LGC-HARINA > P10-HRN-ENF-EG01,P10-HRN-VNT-VE61,ya_existia,BTZ_Description_76,El código ya estaba escrito en el elemento
367888,460ebebf-e4ee-449a-900c-ab33de4c697f-00059d10,P10 > P10-HRN-LGC-HARINA > P10-HRN-ENF-EG01,P10-HRN-ART-ARTVE61,ya_existia,BTZ_Description_77,El código ya estaba escrito en el elemento
367888,460ebebf-e4ee-449a-900c-ab33de4c697f-00059d10,P10 > P10-HRN-LGC-HARINA > P10-HRN-ENF-EG01,P10-HRN-VNT-VE62,ya_existia,BTZ_Description_78,El código ya estaba escrito en el elemento
367888,460ebebf-e4ee-449a-900c-ab33de4c697f-00059d10,P10 > P10-HRN-LGC-HARINA > P10-HRN-ENF-EG01,P10-HRN-ART-ARTVE62,ya_existia,BTZ_Description_79,El código ya estaba escrito en el elemento
367888,460ebebf-e4ee-449a-900c-ab33de4c697f-00059d10,P10 > P10-HRN-LGC-HARINA > P10-HRN-ENF-EG01,P10-HRN-VNT-VE63,ya_existia,BTZ_Description_80,El código ya estaba escrito en el elemento
367888,460ebebf-e4ee-449a-900c-ab33de4c697f-00059d10,P10 > P10-HRN-LGC-HARINA > P10-HRN-ENF-EG01,P10-HRN-ART-ARTVE63,omitido_sin_slot,,No quedan slots BTZ_Description disponibles
281487,a027b4da-4e9c-44ad-b607-5fb48d4c7061-00044b8f,P10 > P10-HRN-LGC-HARINA > P10-HRN-ENF-EG02,P10-HRN-RSC-EGSF05,ya_existia,BTZ_Description_04,El código ya estaba escrito en el elemento
281487,a027b4da-4e9c-44ad-b607-5fb48d4c7061-00044b8f,P10 > P10-HRN-LGC-HARINA > P10-HRN-ENF-EG02,P10-HRN-RSC-EGSF06,ya_existia,BTZ_Description_05,El código ya estaba escrito en el elemento
281487,a027b4da-4e9c-44ad-b607-5fb48d4c7061-00044b8f,P10 > P10-HRN-LGC-HARINA > P10-HRN-ENF-EG02,P10-HRN-RSC-EGSF07,ya_existia,BTZ_Description_06,El código ya estaba escrito en el elemento
281487,a027b4da-4e9c-44ad-b607-5fb48d4c7061-00044b8f,P10 > P10-HRN-LGC-HARINA > P10-HRN-ENF-EG02,P10-HRN-VNT-VE35,ya_existia,BTZ_Description_07,El código ya estaba escrito en el elemento
281487,a027b4da-4e9c-44ad-b607-5fb48d4c7061-00044b8f,P10 > P10-HRN-LGC-HARINA > P10-HRN-ENF-EG02,P10-HRN-CCL-CVE35,ya_existia,BTZ_Description_08,El código ya estaba escrito en el elemento
281487,a027b4da-4e9c-44ad-b607-5fb48d4c7061-00044b8f,P10 > P10-HRN-LGC-HARINA > P10-HRN-ENF-EG02,P10-HRN-VLV-VR28,ya_existia,BTZ_Description_09,El código ya estaba escrito en el elemento
281487,a027b4da-4e9c-44ad-b607-5fb48d4c7061-00044b8f,P10 > P10-HRN-LGC-HARINA > P10-HRN-ENF-EG02,P10-HRN-VNT-VE36,ya_existia,BTZ_Description_10,El código ya estaba escrito en el elemento
281487,a027b4da-4e9c-44ad-b607-5fb48d4c7061-00044b8f,P10 > P10-HRN-LGC-HARINA > P10-HRN-ENF-EG02,P10-HRN-CCL-CVE36,ya_existia,BTZ_Description_11,El código ya estaba escrito en el elemento
281487,a027b4da-4e9c-44ad-b607-5fb48d4c7061-00044b8f,P10 > P10-HRN-LGC-HARINA > P10-HRN-ENF-EG02,P10-HRN-VLV-VR29,ya_existia,BTZ_Description_12,El código ya estaba escrito en el elemento
281487,a027b4da-4e9c-44ad-b607-5fb48d4c7061-00044b8f,P10 > P10-HRN-LGC-HARINA > P10-HRN-ENF-EG02,P10-HRN-VNT-VE37,ya_existia,BTZ_Description_13,El código ya estaba escrito en el elemento
281487,a027b4da-4e9c-44ad-b607-5fb48d4c7061-00044b8f,P10 > P10-HRN-LGC-HARINA > P10-HRN-ENF-EG02,P10-HRN-CCL-CVE37,ya_existia,BTZ_Description_14,El código ya estaba escrito en el elemento
281487,a027b4da-4e9c-44ad-b607-5fb48d4c7061-00044b8f,P10 > P10-HRN-LGC-HARINA > P10-HRN-ENF-EG02,P10-HRN-VLV-VR30,ya_existia,BTZ_Description_15,El código ya estaba escrito en el elemento
281487,a027b4da-4e9c-44ad-b607-5fb48d4c7061-00044b8f,P10 > P10-HRN-LGC-HARINA > P10-HRN-ENF-EG02,P10-HRN-VNT-VE38,ya_existia,BTZ_Description_16,El código ya estaba escrito en el elemento
281487,a027b4da-4e9c-44ad-b607-5fb48d4c7061-00044b8f,P10 > P10-HRN-LGC-HARINA > P10-HRN-ENF-EG02,P10-HRN-CCL-CVE38,ya_existia,BTZ_Description_17,El código ya estaba escrito en el elemento
281487,a027b4da-4e9c-44ad-b607-5fb48d4c7061-00044b8f,P10 > P10-HRN-LGC-HARINA > P10-HRN-ENF-EG02,P10-HRN-VLV-VR31,ya_existia,BTZ_Description_18,El código ya estaba escrito en el elemento
281220,a027b4da-4e9c-44ad-b607-5fb48d4c7061-00044a84,P10 > P10-PRP-LGC-PREPARACION > P10-PRP-LGC-EXPANDIDO,P10-PRP-ENF-EE01,ya_existia,BTZ_Description_04,El código ya estaba escrito en el elemento
281220,a027b4da-4e9c-44ad-b607-5fb48d4c7061-00044a84,P10 > P10-PRP-LGC-PREPARACION > P10-PRP-LGC-EXPANDIDO,P10-PRP-VLV-VREE1,ya_existia,BTZ_Description_05,El código ya estaba escrito en el elemento
281220,a027b4da-4e9c-44ad-b607-5fb48d4c7061-00044a84,P10 > P10-PRP-LGC-PREPARACION > P10-PRP-LGC-EXPANDIDO,P10-PRP-VNT-VE21,ya_existia,BTZ_Description_06,El código ya estaba escrito en el elemento
281220,a027b4da-4e9c-44ad-b607-5fb48d4c7061-00044a84,P10 > P10-PRP-LGC-PREPARACION > P10-PRP-LGC-EXPANDIDO,P10-PRP-VNT-VE22,ya_existia,BTZ_Description_07,El código ya estaba escrito en el elemento
281220,a027b4da-4e9c-44ad-b607-5fb48d4c7061-00044a84,P10 > P10-PRP-LGC-PREPARACION > P10-PRP-LGC-EXPANDIDO,P10-PRP-VNT-VE23,ya_existia,BTZ_Description_08,El código ya estaba escrito en el elemento
281220,a027b4da-4e9c-44ad-b607-5fb48d4c7061-00044a84,P10 > P10-PRP-LGC-PREPARACION > P10-PRP-LGC-EXPANDIDO,P10-PRP-VNT-VE24,ya_existia,BTZ_Description_09,El código ya estaba escrito en el elemento
281220,a027b4da-4e9c-44ad-b607-5fb48d4c7061-00044a84,P10 > P10-PRP-LGC-PREPARACION > P10-PRP-LGC-EXPANDIDO,P10-PRP-VNT-VE25,ya_existia,BTZ_Description_10,El código ya estaba escrito en el elemento
281220,a027b4da-4e9c-44ad-b607-5fb48d4c7061-00044a84,P10 > P10-PRP-LGC-PREPARACION > P10-PRP-LGC-EXPANDIDO,P10-PRP-VNT-VE26,ya_existia,BTZ_Description_11,El código ya estaba escrito en el elemento
281220,a027b4da-4e9c-44ad-b607-5fb48d4c7061-00044a84,P10 > P10-PRP-LGC-PREPARACION > P10-PRP-LGC-EXPANDIDO,P10-PRP-VNT-VTEE01,ya_existia,BTZ_Description_12,El código ya estaba escrito en el elemento
281220,a027b4da-4e9c-44ad-b607-5fb48d4c7061-00044a84,P10 > P10-PRP-LGC-PREPARACION > P10-PRP-LGC-EXPANDIDO,P10-PRP-ENF-EE02,ya_existia,BTZ_Description_13,El código ya estaba escrito en el elemento
281220,a027b4da-4e9c-44ad-b607-5fb48d4c7061-00044a84,P10 > P10-PRP-LGC-PREPARACION > P10-PRP-LGC-EXPANDIDO,P10-PRP-VLV-VREE2,ya_existia,BTZ_Description_14,El código ya estaba escrito en el elemento
281220,a027b4da-4e9c-44ad-b607-5fb48d4c7061-00044a84,P10 > P10-PRP-LGC-PREPARACION > P10-PRP-LGC-EXPANDIDO,P10-PRP-VNT-VE15,ya_existia,BTZ_Description_15,El código ya estaba escrito en el elemento
281220,a027b4da-4e9c-44ad-b607-5fb48d4c7061-00044a84,P10 > P10-PRP-LGC-PREPARACION > P10-PRP-LGC-EXPANDIDO,P10-PRP-VNT-VE16,ya_existia,BTZ_Description_16,El código ya estaba escrito en el elemento
281220,a027b4da-4e9c-44ad-b607-5fb48d4c7061-00044a84,P10 > P10-PRP-LGC-PREPARACION > P10-PRP-LGC-EXPANDIDO,P10-PRP-VNT-VE17,ya_existia,BTZ_Description_17,El código ya estaba escrito en el elemento
281220,a027b4da-4e9c-44ad-b607-5fb48d4c7061-00044a84,P10 > P10-PRP-LGC-PREPARACION > P10-PRP-LGC-EXPANDIDO,P10-PRP-VNT-VE18,ya_existia,BTZ_Description_18,El código ya estaba escrito en el elemento
281220,a027b4da-4e9c-44ad-b607-5fb48d4c7061-00044a84,P10 > P10-PRP-LGC-PREPARACION > P10-PRP-LGC-EXPANDIDO,P10-PRP-VNT-VE19,ya_existia,BTZ_Description_19,El código ya estaba escrito en el elemento
281220,a027b4da-4e9c-44ad-b607-5fb48d4c7061-00044a84,P10 > P10-PRP-LGC-PREPARACION > P10-PRP-LGC-EXPANDIDO,P10-PRP-VNT-VE20,ya_existia,BTZ_Description_20,El código ya estaba escrito en el elemento
281220,a027b4da-4e9c-44ad-b607-5fb48d4c7061-00044a84,P10 > P10-PRP-LGC-PREPARACION > P10-PRP-LGC-EXPANDIDO,P10-PRP-VNT-VTEE02,ya_existia,BTZ_Description_21,El código ya estaba escrito en el elemento
281220,a027b4da-4e9c-44ad-b607-5fb48d4c7061-00044a84,P10 > P10-PRP-LGC-PREPARACION > P10-PRP-LGC-EXPANDIDO,P10-PRP-EXP-E01,ya_existia,BTZ_Description_22,El código ya estaba escrito en el elemento
281220,a027b4da-4e9c-44ad-b607-5fb48d4c7061-00044a84,P10 > P10-PRP-LGC-PREPARACION > P10-PRP-LGC-EXPANDIDO,P10-PRP-ALM-AE01,ya_existia,BTZ_Description_23,El código ya estaba escrito en el elemento
281220,a027b4da-4e9c-44ad-b607-5fb48d4c7061-00044a84,P10 > P10-PRP-LGC-PREPARACION > P10-PRP-LGC-EXPANDIDO,P10-PRP-BMB-EBLI01,ya_existia,BTZ_Description_24,El código ya estaba escrito en el elemento
281220,a027b4da-4e9c-44ad-b607-5fb48d4c7061-00044a84,P10 > P10-PRP-LGC-PREPARACION > P10-PRP-LGC-EXPANDIDO,P10-PRP-BMB-EBLE01,ya_existia,BTZ_Description_25,El código ya estaba escrito en el elemento
281220,a027b4da-4e9c-44ad-b607-5fb48d4c7061-00044a84,P10 > P10-PRP-LGC-PREPARACION > P10-PRP-LGC-EXPANDIDO,P10-PRP-VNT-VRA01,ya_existia,BTZ_Description_26,El código ya estaba escrito en el elemento
281220,a027b4da-4e9c-44ad-b607-5fb48d4c7061-00044a84,P10 > P10-PRP-LGC-PREPARACION > P10-PRP-LGC-EXPANDIDO,P10-PRP-EXP-E02,ya_existia,BTZ_Description_27,El código ya estaba escrito en el elemento
281220,a027b4da-4e9c-44ad-b607-5fb48d4c7061-00044a84,P10 > P10-PRP-LGC-PREPARACION > P10-PRP-LGC-EXPANDIDO,P10-PRP-ALM-AE02,ya_existia,BTZ_Description_28,El código ya estaba escrito en el elemento
281220,a027b4da-4e9c-44ad-b607-5fb48d4c7061-00044a84,P10 > P10-PRP-LGC-PREPARACION > P10-PRP-LGC-EXPANDIDO,P10-PRP-BMB-EBLI02,ya_existia,BTZ_Description_29,El código ya estaba escrito en el elemento
281220,a027b4da-4e9c-44ad-b607-5fb48d4c7061-00044a84,P10 > P10-PRP-LGC-PREPARACION > P10-PRP-LGC-EXPANDIDO,P10-PRP-BMB-EBLE02,ya_existia,BTZ_Description_30,El código ya estaba escrito en el elemento
281220,a027b4da-4e9c-44ad-b607-5fb48d4c7061-00044a84,P10 > P10-PRP-LGC-PREPARACION > P10-PRP-LGC-EXPANDIDO,P10-PRP-VNT-VRA02,ya_existia,BTZ_Description_31,El código ya estaba escrito en el elemento
281220,a027b4da-4e9c-44ad-b607-5fb48d4c7061-00044a84,P10 > P10-PRP-LGC-PREPARACION > P10-PRP-LGC-EXPANDIDO,P10-PRP-EXP-E03,ya_existia,BTZ_Description_32,El código ya estaba escrito en el elemento
281220,a027b4da-4e9c-44ad-b607-5fb48d4c7061-00044a84,P10 > P10-PRP-LGC-PREPARACION > P10-PRP-LGC-EXPANDIDO,P10-PRP-ALM-AE03,ya_existia,BTZ_Description_33,El código ya estaba escrito en el elemento
281220,a027b4da-4e9c-44ad-b607-5fb48d4c7061-00044a84,P10 > P10-PRP-LGC-PREPARACION > P10-PRP-LGC-EXPANDIDO,P10-PRP-BMB-EBLI03,ya_existia,BTZ_Description_34,El código ya estaba escrito en el elemento
281220,a027b4da-4e9c-44ad-b607-5fb48d4c7061-00044a84,P10 > P10-PRP-LGC-PREPARACION > P10-PRP-LGC-EXPANDIDO,P10-PRP-BMB-EBLE03,ya_existia,BTZ_Description_35,El código ya estaba escrito en el elemento
281220,a027b4da-4e9c-44ad-b607-5fb48d4c7061-00044a84,P10 > P10-PRP-LGC-PREPARACION > P10-PRP-LGC-EXPANDIDO,P10-PRP-VNT-VRA03,ya_existia,BTZ_Description_36,El código ya estaba escrito en el elemento
281220,a027b4da-4e9c-44ad-b607-5fb48d4c7061-00044a84,P10 > P10-PRP-LGC-PREPARACION > P10-PRP-LGC-EXPANDIDO,P10-PRP-EXP-E04,ya_existia,BTZ_Description_37,El código ya estaba escrito en el elemento
281220,a027b4da-4e9c-44ad-b607-5fb48d4c7061-00044a84,P10 > P10-PRP-LGC-PREPARACION > P10-PRP-LGC-EXPANDIDO,P10-PRP-ALM-AE04,ya_existia,BTZ_Description_38,El código ya estaba escrito en el elemento
281220,a027b4da-4e9c-44ad-b607-5fb48d4c7061-00044a84,P10 > P10-PRP-LGC-PREPARACION > P10-PRP-LGC-EXPANDIDO,P10-PRP-BMB-EBLI04,ya_existia,BTZ_Description_39,El código ya estaba escrito en el elemento
281220,a027b4da-4e9c-44ad-b607-5fb48d4c7061-00044a84,P10 > P10-PRP-LGC-PREPARACION > P10-PRP-LGC-EXPANDIDO,P10-PRP-BMB-EBLE04,ya_existia,BTZ_Description_40,El código ya estaba escrito en el elemento
281220,a027b4da-4e9c-44ad-b607-5fb48d4c7061-00044a84,P10 > P10-PRP-LGC-PREPARACION > P10-PRP-LGC-EXPANDIDO,P10-PRP-VNT-VRA04,ya_existia,BTZ_Description_41,El código ya estaba escrito en el elemento
281220,a027b4da-4e9c-44ad-b607-5fb48d4c7061-00044a84,P10 > P10-PRP-LGC-PREPARACION > P10-PRP-LGC-EXPANDIDO,P10-PRP-EXP-E05,ya_existia,BTZ_Description_42,El código ya estaba escrito en el elemento
281220,a027b4da-4e9c-44ad-b607-5fb48d4c7061-00044a84,P10 > P10-PRP-LGC-PREPARACION > P10-PRP-LGC-EXPANDIDO,P10-PRP-ALM-AE05,ya_existia,BTZ_Description_43,El código ya estaba escrito en el elemento
281220,a027b4da-4e9c-44ad-b607-5fb48d4c7061-00044a84,P10 > P10-PRP-LGC-PREPARACION > P10-PRP-LGC-EXPANDIDO,P10-PRP-BMB-EBLI05,ya_existia,BTZ_Description_44,El código ya estaba escrito en el elemento
281220,a027b4da-4e9c-44ad-b607-5fb48d4c7061-00044a84,P10 > P10-PRP-LGC-PREPARACION > P10-PRP-LGC-EXPANDIDO,P10-PRP-BMB-EBLE05,ya_existia,BTZ_Description_45,El código ya estaba escrito en el elemento
281220,a027b4da-4e9c-44ad-b607-5fb48d4c7061-00044a84,P10 > P10-PRP-LGC-PREPARACION > P10-PRP-LGC-EXPANDIDO,P10-PRP-VNT-VRA05,ya_existia,BTZ_Description_46,El código ya estaba escrito en el elemento
281220,a027b4da-4e9c-44ad-b607-5fb48d4c7061-00044a84,P10 > P10-PRP-LGC-PREPARACION > P10-PRP-LGC-EXPANDIDO,P10-PRP-EXP-E06,ya_existia,BTZ_Description_47,El código ya estaba escrito en el elemento
281220,a027b4da-4e9c-44ad-b607-5fb48d4c7061-00044a84,P10 > P10-PRP-LGC-PREPARACION > P10-PRP-LGC-EXPANDIDO,P10-PRP-ALM-AE06,ya_existia,BTZ_Description_48,El código ya estaba escrito en el elemento
281220,a027b4da-4e9c-44ad-b607-5fb48d4c7061-00044a84,P10 > P10-PRP-LGC-PREPARACION > P10-PRP-LGC-EXPANDIDO,P10-PRP-BMB-EBLI06,ya_existia,BTZ_Description_49,El código ya estaba escrito en el elemento
281220,a027b4da-4e9c-44ad-b607-5fb48d4c7061-00044a84,P10 > P10-PRP-LGC-PREPARACION > P10-PRP-LGC-EXPANDIDO,P10-PRP-BMB-EBLE06,ya_existia,BTZ_Description_50,El código ya estaba escrito en el elemento
281220,a027b4da-4e9c-44ad-b607-5fb48d4c7061-00044a84,P10 > P10-PRP-LGC-PREPARACION > P10-PRP-LGC-EXPANDIDO,P10-PRP-VNT-VRA06,ya_existia,BTZ_Description_51,El código ya estaba escrito en el elemento
281220,a027b4da-4e9c-44ad-b607-5fb48d4c7061-00044a84,P10 > P10-PRP-LGC-PREPARACION > P10-PRP-LGC-EXPANDIDO,P10-PRP-RSC-SF10,ya_existia,BTZ_Description_52,El código ya estaba escrito en el elemento
281343,a027b4da-4e9c-44ad-b607-5fb48d4c7061-00044aff,P10 > P10-PRP-LGC-PREPARACION > P10-PRP-LGC-LAMINADORES,P10-PRP-CHD-LCH01,ya_existia,BTZ_Description_04,El código ya estaba escrito en el elemento
281343,a027b4da-4e9c-44ad-b607-5fb48d4c7061-00044aff,P10 > P10-PRP-LGC-PREPARACION > P10-PRP-LGC-LAMINADORES,P10-PRP-CHD-LCH02,ya_existia,BTZ_Description_05,El código ya estaba escrito en el elemento
281343,a027b4da-4e9c-44ad-b607-5fb48d4c7061-00044aff,P10 > P10-PRP-LGC-PREPARACION > P10-PRP-LGC-LAMINADORES,P10-PRP-CHD-LCH03,ya_existia,BTZ_Description_06,El código ya estaba escrito en el elemento
281343,a027b4da-4e9c-44ad-b607-5fb48d4c7061-00044aff,P10 > P10-PRP-LGC-PREPARACION > P10-PRP-LGC-LAMINADORES,P10-PRP-CHD-LCH04,ya_existia,BTZ_Description_07,El código ya estaba escrito en el elemento
281343,a027b4da-4e9c-44ad-b607-5fb48d4c7061-00044aff,P10 > P10-PRP-LGC-PREPARACION > P10-PRP-LGC-LAMINADORES,P10-PRP-LMN-LF01,ya_existia,BTZ_Description_08,El código ya estaba escrito en el elemento
281343,a027b4da-4e9c-44ad-b607-5fb48d4c7061-00044aff,P10 > P10-PRP-LGC-PREPARACION > P10-PRP-LGC-LAMINADORES,P10-PRP-ALM-ALF01,ya_existia,BTZ_Description_09,El código ya estaba escrito en el elemento
281343,a027b4da-4e9c-44ad-b607-5fb48d4c7061-00044aff,P10 > P10-PRP-LGC-PREPARACION > P10-PRP-LGC-LAMINADORES,P10-PRP-CHD-LFBH01,ya_existia,BTZ_Description_10,El código ya estaba escrito en el elemento
281343,a027b4da-4e9c-44ad-b607-5fb48d4c7061-00044aff,P10 > P10-PRP-LGC-PREPARACION > P10-PRP-LGC-LAMINADORES,P10-PRP-LMN-L01,ya_existia,BTZ_Description_11,El código ya estaba escrito en el elemento
281343,a027b4da-4e9c-44ad-b607-5fb48d4c7061-00044aff,P10 > P10-PRP-LGC-PREPARACION > P10-PRP-LGC-LAMINADORES,P10-PRP-ALM-AL01,ya_existia,BTZ_Description_12,El código ya estaba escrito en el elemento
281343,a027b4da-4e9c-44ad-b607-5fb48d4c7061-00044aff,P10 > P10-PRP-LGC-PREPARACION > P10-PRP-LGC-LAMINADORES,P10-PRP-LMN-L02,ya_existia,BTZ_Description_13,El código ya estaba escrito en el elemento
281343,a027b4da-4e9c-44ad-b607-5fb48d4c7061-00044aff,P10 > P10-PRP-LGC-PREPARACION > P10-PRP-LGC-LAMINADORES,P10-PRP-ALM-AL02,ya_existia,BTZ_Description_14,El código ya estaba escrito en el elemento
281343,a027b4da-4e9c-44ad-b607-5fb48d4c7061-00044aff,P10 > P10-PRP-LGC-PREPARACION > P10-PRP-LGC-LAMINADORES,P10-PRP-LMN-L03,ya_existia,BTZ_Description_15,El código ya estaba escrito en el elemento
281343,a027b4da-4e9c-44ad-b607-5fb48d4c7061-00044aff,P10 > P10-PRP-LGC-PREPARACION > P10-PRP-LGC-LAMINADORES,P10-PRP-ALM-AL03,ya_existia,BTZ_Description_16,El código ya estaba escrito en el elemento
281343,a027b4da-4e9c-44ad-b607-5fb48d4c7061-00044aff,P10 > P10-PRP-LGC-PREPARACION > P10-PRP-LGC-LAMINADORES,P10-PRP-LMN-L04,ya_existia,BTZ_Description_17,El código ya estaba escrito en el elemento
281343,a027b4da-4e9c-44ad-b607-5fb48d4c7061-00044aff,P10 > P10-PRP-LGC-PREPARACION > P10-PRP-LGC-LAMINADORES,P10-PRP-ALM-AL04,ya_existia,BTZ_Description_18,El código ya estaba escrito en el elemento
281343,a027b4da-4e9c-44ad-b607-5fb48d4c7061-00044aff,P10 > P10-PRP-LGC-PREPARACION > P10-PRP-LGC-LAMINADORES,P10-PRP-LMN-L05,ya_existia,BTZ_Description_19,El código ya estaba escrito en el elemento
281343,a027b4da-4e9c-44ad-b607-5fb48d4c7061-00044aff,P10 > P10-PRP-LGC-PREPARACION > P10-PRP-LGC-LAMINADORES,P10-PRP-ALM-AL05,ya_existia,BTZ_Description_20,El código ya estaba escrito en el elemento
281343,a027b4da-4e9c-44ad-b607-5fb48d4c7061-00044aff,P10 > P10-PRP-LGC-PREPARACION > P10-PRP-LGC-LAMINADORES,P10-PRP-LMN-L06,ya_existia,BTZ_Description_21,El código ya estaba escrito en el elemento
281343,a027b4da-4e9c-44ad-b607-5fb48d4c7061-00044aff,P10 > P10-PRP-LGC-PREPARACION > P10-PRP-LGC-LAMINADORES,P10-PRP-ALM-AL06,ya_existia,BTZ_Description_22,El código ya estaba escrito en el elemento
281343,a027b4da-4e9c-44ad-b607-5fb48d4c7061-00044aff,P10 > P10-PRP-LGC-PREPARACION > P10-PRP-LGC-LAMINADORES,P10-PRP-LMN-L07,ya_existia,BTZ_Description_23,El código ya estaba escrito en el elemento
281343,a027b4da-4e9c-44ad-b607-5fb48d4c7061-00044aff,P10 > P10-PRP-LGC-PREPARACION > P10-PRP-LGC-LAMINADORES,P10-PRP-ALM-AL07,ya_existia,BTZ_Description_24,El código ya estaba escrito en el elemento
281343,a027b4da-4e9c-44ad-b607-5fb48d4c7061-00044aff,P10 > P10-PRP-LGC-PREPARACION > P10-PRP-LGC-LAMINADORES,P10-PRP-LMN-L08,ya_existia,BTZ_Description_25,El código ya estaba escrito en el elemento
281343,a027b4da-4e9c-44ad-b607-5fb48d4c7061-00044aff,P10 > P10-PRP-LGC-PREPARACION > P10-PRP-LGC-LAMINADORES,P10-PRP-ALM-AL08,ya_existia,BTZ_Description_26,El código ya estaba escrito en el elemento
281343,a027b4da-4e9c-44ad-b607-5fb48d4c7061-00044aff,P10 > P10-PRP-LGC-PREPARACION > P10-PRP-LGC-LAMINADORES,P10-PRP-LMN-L09,ya_existia,BTZ_Description_27,El código ya estaba escrito en el elemento
281343,a027b4da-4e9c-44ad-b607-5fb48d4c7061-00044aff,P10 > P10-PRP-LGC-PREPARACION > P10-PRP-LGC-LAMINADORES,P10-PRP-ALM-AL09,ya_existia,BTZ_Description_28,El código ya estaba escrito en el elemento
281343,a027b4da-4e9c-44ad-b607-5fb48d4c7061-00044aff,P10 > P10-PRP-LGC-PREPARACION > P10-PRP-LGC-LAMINADORES,P10-PRP-LMN-L10,ya_existia,BTZ_Description_29,El código ya estaba escrito en el elemento
281343,a027b4da-4e9c-44ad-b607-5fb48d4c7061-00044aff,P10 > P10-PRP-LGC-PREPARACION > P10-PRP-LGC-LAMINADORES,P10-PRP-ALM-AL10,ya_existia,BTZ_Description_30,El código ya estaba escrito en el elemento
281343,a027b4da-4e9c-44ad-b607-5fb48d4c7061-00044aff,P10 > P10-PRP-LGC-PREPARACION > P10-PRP-LGC-LAMINADORES,P10-PRP-LMN-L11,ya_existia,BTZ_Description_31,El código ya estaba escrito en el elemento
281343,a027b4da-4e9c-44ad-b607-5fb48d4c7061-00044aff,P10 > P10-PRP-LGC-PREPARACION > P10-PRP-LGC-LAMINADORES,P10-PRP-ALM-AL11,ya_existia,BTZ_Description_32,El código ya estaba escrito en el elemento
281343,a027b4da-4e9c-44ad-b607-5fb48d4c7061-00044aff,P10 > P10-PRP-LGC-PREPARACION > P10-PRP-LGC-LAMINADORES,P10-PRP-LMN-L12,ya_existia,BTZ_Description_33,El código ya estaba escrito en el elemento
281343,a027b4da-4e9c-44ad-b607-5fb48d4c7061-00044aff,P10 > P10-PRP-LGC-PREPARACION > P10-PRP-LGC-LAMINADORES,P10-PRP-ALM-AL12,ya_existia,BTZ_Description_34,El código ya estaba escrito en el elemento
281343,a027b4da-4e9c-44ad-b607-5fb48d4c7061-00044aff,P10 > P10-PRP-LGC-PREPARACION > P10-PRP-LGC-LAMINADORES,P10-PRP-LMN-L13,ya_existia,BTZ_Description_35,El código ya estaba escrito en el elemento
281343,a027b4da-4e9c-44ad-b607-5fb48d4c7061-00044aff,P10 > P10-PRP-LGC-PREPARACION > P10-PRP-LGC-LAMINADORES,P10-PRP-ALM-AL13,ya_existia,BTZ_Description_36,El código ya estaba escrito en el elemento
281343,a027b4da-4e9c-44ad-b607-5fb48d4c7061-00044aff,P10 > P10-PRP-LGC-PREPARACION > P10-PRP-LGC-LAMINADORES,P10-PRP-LMN-L14,ya_existia,BTZ_Description_37,El código ya estaba escrito en el elemento
281343,a027b4da-4e9c-44ad-b607-5fb48d4c7061-00044aff,P10 > P10-PRP-LGC-PREPARACION > P10-PRP-LGC-LAMINADORES,P10-PRP-ALM-AL14,ya_existia,BTZ_Description_38,El código ya estaba escrito en el elemento
281343,a027b4da-4e9c-44ad-b607-5fb48d4c7061-00044aff,P10 > P10-PRP-LGC-PREPARACION > P10-PRP-LGC-LAMINADORES,P10-PRP-LMN-L15,ya_existia,BTZ_Description_39,El código ya estaba escrito en el elemento
281343,a027b4da-4e9c-44ad-b607-5fb48d4c7061-00044aff,P10 > P10-PRP-LGC-PREPARACION > P10-PRP-LGC-LAMINADORES,P10-PRP-ALM-AL15,ya_existia,BTZ_Description_40,El código ya estaba escrito en el elemento
281343,a027b4da-4e9c-44ad-b607-5fb48d4c7061-00044aff,P10 > P10-PRP-LGC-PREPARACION > P10-PRP-LGC-LAMINADORES,P10-PRP-LMN-L16,ya_existia,BTZ_Description_41,El código ya estaba escrito en el elemento
281343,a027b4da-4e9c-44ad-b607-5fb48d4c7061-00044aff,P10 > P10-PRP-LGC-PREPARACION > P10-PRP-LGC-LAMINADORES,P10-PRP-ALM-AL16,ya_existia,BTZ_Description_42,El código ya estaba escrito en el elemento
281343,a027b4da-4e9c-44ad-b607-5fb48d4c7061-00044aff,P10 > P10-PRP-LGC-PREPARACION > P10-PRP-LGC-LAMINADORES,P10-PRP-LMN-L17,ya_existia,BTZ_Description_43,El código ya estaba escrito en el elemento
281343,a027b4da-4e9c-44ad-b607-5fb48d4c7061-00044aff,P10 > P10-PRP-LGC-PREPARACION > P10-PRP-LGC-LAMINADORES,P10-PRP-ALM-AL17,ya_existia,BTZ_Description_44,El código ya estaba escrito en el elemento
281343,a027b4da-4e9c-44ad-b607-5fb48d4c7061-00044aff,P10 > P10-PRP-LGC-PREPARACION > P10-PRP-LGC-LAMINADORES,P10-PRP-LMN-L18,ya_existia,BTZ_Description_45,El código ya estaba escrito en el elemento
281343,a027b4da-4e9c-44ad-b607-5fb48d4c7061-00044aff,P10 > P10-PRP-LGC-PREPARACION > P10-PRP-LGC-LAMINADORES,P10-PRP-ALM-AL18,ya_existia,BTZ_Description_46,El código ya estaba escrito en el elemento
281343,a027b4da-4e9c-44ad-b607-5fb48d4c7061-00044aff,P10 > P10-PRP-LGC-PREPARACION > P10-PRP-LGC-LAMINADORES,P10-PRP-LMN-L19,ya_existia,BTZ_Description_47,El código ya estaba escrito en el elemento
281343,a027b4da-4e9c-44ad-b607-5fb48d4c7061-00044aff,P10 > P10-PRP-LGC-PREPARACION > P10-PRP-LGC-LAMINADORES,P10-PRP-ALM-AL19,ya_existia,BTZ_Description_48,El código ya estaba escrito en el elemento
281343,a027b4da-4e9c-44ad-b607-5fb48d4c7061-00044aff,P10 > P10-PRP-LGC-PREPARACION > P10-PRP-LGC-LAMINADORES,P10-PRP-LMN-L20,ya_existia,BTZ_Description_49,El código ya estaba escrito en el elemento
281343,a027b4da-4e9c-44ad-b607-5fb48d4c7061-00044aff,P10 > P10-PRP-LGC-PREPARACION > P10-PRP-LGC-LAMINADORES,P10-PRP-ALM-AL20,ya_existia,BTZ_Description_50,El código ya estaba escrito en el elemento
281343,a027b4da-4e9c-44ad-b607-5fb48d4c7061-00044aff,P10 > P10-PRP-LGC-PREPARACION > P10-PRP-LGC-LAMINADORES,P10-PRP-LMN-L21,ya_existia,BTZ_Description_51,El código ya estaba escrito en el elemento
281343,a027b4da-4e9c-44ad-b607-5fb48d4c7061-00044aff,P10 > P10-PRP-LGC-PREPARACION > P10-PRP-LGC-LAMINADORES,P10-PRP-ALM-AL21,ya_existia,BTZ_Description_52,El código ya estaba escrito en el elemento
281343,a027b4da-4e9c-44ad-b607-5fb48d4c7061-00044aff,P10 > P10-PRP-LGC-PREPARACION > P10-PRP-LGC-LAMINADORES,P10-PRP-LMN-L22,ya_existia,BTZ_Description_53,El código ya estaba escrito en el elemento
281343,a027b4da-4e9c-44ad-b607-5fb48d4c7061-00044aff,P10 > P10-PRP-LGC-PREPARACION > P10-PRP-LGC-LAMINADORES,P10-PRP-ALM-AL22,ya_existia,BTZ_Description_54,El código ya estaba escrito en el elemento
281343,a027b4da-4e9c-44ad-b607-5fb48d4c7061-00044aff,P10 > P10-PRP-LGC-PREPARACION > P10-PRP-LGC-LAMINADORES,P10-PRP-RCT-REC01,ya_existia,BTZ_Description_55,El código ya estaba escrito en el elemento
281343,a027b4da-4e9c-44ad-b607-5fb48d4c7061-00044aff,P10 > P10-PRP-LGC-PREPARACION > P10-PRP-LGC-LAMINADORES,P10-PRP-RCT-REC02,ya_existia,BTZ_Description_56,El código ya estaba escrito en el elemento
281343,a027b4da-4e9c-44ad-b607-5fb48d4c7061-00044aff,P10 > P10-PRP-LGC-PREPARACION > P10-PRP-LGC-LAMINADORES,P10-PRP-VNT-VE10,ya_existia,BTZ_Description_57,El código ya estaba escrito en el elemento
281343,a027b4da-4e9c-44ad-b607-5fb48d4c7061-00044aff,P10 > P10-PRP-LGC-PREPARACION > P10-PRP-LGC-LAMINADORES,P10-PRP-CCL-CVE10,ya_existia,BTZ_Description_58,El código ya estaba escrito en el elemento
281343,a027b4da-4e9c-44ad-b607-5fb48d4c7061-00044aff,P10 > P10-PRP-LGC-PREPARACION > P10-PRP-LGC-LAMINADORES,P10-PRP-RSC-SF12,ya_existia,BTZ_Description_59,El código ya estaba escrito en el elemento
281343,a027b4da-4e9c-44ad-b607-5fb48d4c7061-00044aff,P10 > P10-PRP-LGC-PREPARACION > P10-PRP-LGC-LAMINADORES,P10-PRP-VLV-VR10,ya_existia,BTZ_Description_60,El código ya estaba escrito en el elemento
281343,a027b4da-4e9c-44ad-b607-5fb48d4c7061-00044aff,P10 > P10-PRP-LGC-PREPARACION > P10-PRP-LGC-LAMINADORES,P10-PRP-VNT-VE11,ya_existia,BTZ_Description_61,El código ya estaba escrito en el elemento
281343,a027b4da-4e9c-44ad-b607-5fb48d4c7061-00044aff,P10 > P10-PRP-LGC-PREPARACION > P10-PRP-LGC-LAMINADORES,P10-PRP-CCL-CVE11,ya_existia,BTZ_Description_62,El código ya estaba escrito en el elemento
281343,a027b4da-4e9c-44ad-b607-5fb48d4c7061-00044aff,P10 > P10-PRP-LGC-PREPARACION > P10-PRP-LGC-LAMINADORES,P10-PRP-RSC-SF13,ya_existia,BTZ_Description_63,El código ya estaba escrito en el elemento
281343,a027b4da-4e9c-44ad-b607-5fb48d4c7061-00044aff,P10 > P10-PRP-LGC-PREPARACION > P10-PRP-LGC-LAMINADORES,P10-PRP-VLV-VR11,ya_existia,BTZ_Description_64,El código ya estaba escrito en el elemento
281069,a027b4da-4e9c-44ad-b607-5fb48d4c7061-000449ed,P10 > P10-PRP-LGC-PREPARACION > P10-PRP-LGC-QUEBRADORES,P10-PRP-QBR-Q01,ya_existia,BTZ_Description_04,El código ya estaba escrito en el elemento
281069,a027b4da-4e9c-44ad-b607-5fb48d4c7061-000449ed,P10 > P10-PRP-LGC-PREPARACION > P10-PRP-LGC-QUEBRADORES,P10-PRP-ALM-AQ01,ya_existia,BTZ_Description_05,El código ya estaba escrito en el elemento
281069,a027b4da-4e9c-44ad-b607-5fb48d4c7061-000449ed,P10 > P10-PRP-LGC-PREPARACION > P10-PRP-LGC-QUEBRADORES,P10-PRP-QBR-Q02,ya_existia,BTZ_Description_06,El código ya estaba escrito en el elemento
281069,a027b4da-4e9c-44ad-b607-5fb48d4c7061-000449ed,P10 > P10-PRP-LGC-PREPARACION > P10-PRP-LGC-QUEBRADORES,P10-PRP-ALM-AQ02,ya_existia,BTZ_Description_07,El código ya estaba escrito en el elemento
281069,a027b4da-4e9c-44ad-b607-5fb48d4c7061-000449ed,P10 > P10-PRP-LGC-PREPARACION > P10-PRP-LGC-QUEBRADORES,P10-PRP-QBR-Q03,ya_existia,BTZ_Description_08,El código ya estaba escrito en el elemento
281069,a027b4da-4e9c-44ad-b607-5fb48d4c7061-000449ed,P10 > P10-PRP-LGC-PREPARACION > P10-PRP-LGC-QUEBRADORES,P10-PRP-ALM-AQ03,ya_existia,BTZ_Description_09,El código ya estaba escrito en el elemento
281069,a027b4da-4e9c-44ad-b607-5fb48d4c7061-000449ed,P10 > P10-PRP-LGC-PREPARACION > P10-PRP-LGC-QUEBRADORES,P10-PRP-QBR-Q04,ya_existia,BTZ_Description_10,El código ya estaba escrito en el elemento
281069,a027b4da-4e9c-44ad-b607-5fb48d4c7061-000449ed,P10 > P10-PRP-LGC-PREPARACION > P10-PRP-LGC-QUEBRADORES,P10-PRP-ALM-AQ04,ya_existia,BTZ_Description_11,El código ya estaba escrito en el elemento
281069,a027b4da-4e9c-44ad-b607-5fb48d4c7061-000449ed,P10 > P10-PRP-LGC-PREPARACION > P10-PRP-LGC-QUEBRADORES,P10-PRP-QBR-Q05,ya_existia,BTZ_Description_12,El código ya estaba escrito en el elemento
281069,a027b4da-4e9c-44ad-b607-5fb48d4c7061-000449ed,P10 > P10-PRP-LGC-PREPARACION > P10-PRP-LGC-QUEBRADORES,P10-PRP-ALM-AQ05,ya_existia,BTZ_Description_13,El código ya estaba escrito en el elemento
281069,a027b4da-4e9c-44ad-b607-5fb48d4c7061-000449ed,P10 > P10-PRP-LGC-PREPARACION > P10-PRP-LGC-QUEBRADORES,P10-PRP-QBR-Q06,ya_existia,BTZ_Description_14,El código ya estaba escrito en el elemento
281069,a027b4da-4e9c-44ad-b607-5fb48d4c7061-000449ed,P10 > P10-PRP-LGC-PREPARACION > P10-PRP-LGC-QUEBRADORES,P10-PRP-ALM-AQ06,ya_existia,BTZ_Description_15,El código ya estaba escrito en el elemento
281069,a027b4da-4e9c-44ad-b607-5fb48d4c7061-000449ed,P10 > P10-PRP-LGC-PREPARACION > P10-PRP-LGC-QUEBRADORES,P10-PRP-QBR-Q07,ya_existia,BTZ_Description_16,El código ya estaba escrito en el elemento
281069,a027b4da-4e9c-44ad-b607-5fb48d4c7061-000449ed,P10 > P10-PRP-LGC-PREPARACION > P10-PRP-LGC-QUEBRADORES,P10-PRP-ALM-AQ07,ya_existia,BTZ_Description_17,El código ya estaba escrito en el elemento
281069,a027b4da-4e9c-44ad-b607-5fb48d4c7061-000449ed,P10 > P10-PRP-LGC-PREPARACION > P10-PRP-LGC-QUEBRADORES,P10-PRP-QBR-Q08,ya_existia,BTZ_Description_18,El código ya estaba escrito en el elemento
281069,a027b4da-4e9c-44ad-b607-5fb48d4c7061-000449ed,P10 > P10-PRP-LGC-PREPARACION > P10-PRP-LGC-QUEBRADORES,P10-PRP-ALM-AQ08,ya_existia,BTZ_Description_19,El código ya estaba escrito en el elemento
281069,a027b4da-4e9c-44ad-b607-5fb48d4c7061-000449ed,P10 > P10-PRP-LGC-PREPARACION > P10-PRP-LGC-QUEBRADORES,P10-PRP-QBR-Q09,ya_existia,BTZ_Description_20,El código ya estaba escrito en el elemento
281069,a027b4da-4e9c-44ad-b607-5fb48d4c7061-000449ed,P10 > P10-PRP-LGC-PREPARACION > P10-PRP-LGC-QUEBRADORES,P10-PRP-ALM-AQ09,ya_existia,BTZ_Description_21,El código ya estaba escrito en el elemento
281069,a027b4da-4e9c-44ad-b607-5fb48d4c7061-000449ed,P10 > P10-PRP-LGC-PREPARACION > P10-PRP-LGC-QUEBRADORES,P10-PRP-QBR-Q10,ya_existia,BTZ_Description_22,El código ya estaba escrito en el elemento
281069,a027b4da-4e9c-44ad-b607-5fb48d4c7061-000449ed,P10 > P10-PRP-LGC-PREPARACION > P10-PRP-LGC-QUEBRADORES,P10-PRP-ALM-AQ10,ya_existia,BTZ_Description_23,El código ya estaba escrito en el elemento
281069,a027b4da-4e9c-44ad-b607-5fb48d4c7061-000449ed,P10 > P10-PRP-LGC-PREPARACION > P10-PRP-LGC-QUEBRADORES,P10-PRP-RSC-SF14,ya_existia,BTZ_Description_24,El código ya estaba escrito en el elemento
281069,a027b4da-4e9c-44ad-b607-5fb48d4c7061-000449ed,P10 > P10-PRP-LGC-PREPARACION > P10-PRP-LGC-QUEBRADORES,P10-PRP-VLV-VR18,ya_existia,BTZ_Description_25,El código ya estaba escrito en el elemento
281069,a027b4da-4e9c-44ad-b607-5fb48d4c7061-000449ed,P10 > P10-PRP-LGC-PREPARACION > P10-PRP-LGC-QUEBRADORES,P10-PRP-RSC-SF02,ya_existia,BTZ_Description_26,El código ya estaba escrito en el elemento
281069,a027b4da-4e9c-44ad-b607-5fb48d4c7061-000449ed,P10 > P10-PRP-LGC-PREPARACION > P10-PRP-LGC-QUEBRADORES,P10-PRP-VNT-VE08,ya_existia,BTZ_Description_27,El código ya estaba escrito en el elemento
281069,a027b4da-4e9c-44ad-b607-5fb48d4c7061-000449ed,P10 > P10-PRP-LGC-PREPARACION > P10-PRP-LGC-QUEBRADORES,P10-PRP-CCL-CVE08,ya_existia,BTZ_Description_28,El código ya estaba escrito en el elemento
281069,a027b4da-4e9c-44ad-b607-5fb48d4c7061-000449ed,P10 > P10-PRP-LGC-PREPARACION > P10-PRP-LGC-QUEBRADORES,P10-PRP-VLV-VR08,ya_existia,BTZ_Description_29,El código ya estaba escrito en el elemento
385396,3ade3506-4f84-4896-9589-30d81e40c276-0005e174,P10 > P10-PRL-LGC-PRELIMPIEZA > P10-PRL-LGC-MULTIASPIRADORES,P10-PRL-MLT-ASP1,ya_existia,BTZ_Description_04,El código ya estaba escrito en el elemento
385396,3ade3506-4f84-4896-9589-30d81e40c276-0005e174,P10 > P10-PRL-LGC-PRELIMPIEZA > P10-PRL-LGC-MULTIASPIRADORES,P10-PRL-ALM-AS01A,ya_existia,BTZ_Description_05,El código ya estaba escrito en el elemento
385396,3ade3506-4f84-4896-9589-30d81e40c276-0005e174,P10 > P10-PRL-LGC-PRELIMPIEZA > P10-PRL-LGC-MULTIASPIRADORES,P10-PRL-ALM-AS01B,ya_existia,BTZ_Description_06,El código ya estaba escrito en el elemento
385396,3ade3506-4f84-4896-9589-30d81e40c276-0005e174,P10 > P10-PRL-LGC-PRELIMPIEZA > P10-PRL-LGC-MULTIASPIRADORES,P10-PRL-VNT-VE01,ya_existia,BTZ_Description_07,El código ya estaba escrito en el elemento
385396,3ade3506-4f84-4896-9589-30d81e40c276-0005e174,P10 > P10-PRL-LGC-PRELIMPIEZA > P10-PRL-LGC-MULTIASPIRADORES,P10-PRL-CCL-CVE01,ya_existia,BTZ_Description_08,El código ya estaba escrito en el elemento
385396,3ade3506-4f84-4896-9589-30d81e40c276-0005e174,P10 > P10-PRL-LGC-PRELIMPIEZA > P10-PRL-LGC-MULTIASPIRADORES,P10-PRL-VLV-VR01,ya_existia,BTZ_Description_09,El código ya estaba escrito en el elemento
385396,3ade3506-4f84-4896-9589-30d81e40c276-0005e174,P10 > P10-PRL-LGC-PRELIMPIEZA > P10-PRL-LGC-MULTIASPIRADORES,P10-PRL-MLT-ASP2,ya_existia,BTZ_Description_10,El código ya estaba escrito en el elemento
385396,3ade3506-4f84-4896-9589-30d81e40c276-0005e174,P10 > P10-PRL-LGC-PRELIMPIEZA > P10-PRL-LGC-MULTIASPIRADORES,P10-PRL-ALM-AS02A,ya_existia,BTZ_Description_11,El código ya estaba escrito en el elemento
385396,3ade3506-4f84-4896-9589-30d81e40c276-0005e174,P10 > P10-PRL-LGC-PRELIMPIEZA > P10-PRL-LGC-MULTIASPIRADORES,P10-PRL-ALM-AS02B,ya_existia,BTZ_Description_12,El código ya estaba escrito en el elemento
385396,3ade3506-4f84-4896-9589-30d81e40c276-0005e174,P10 > P10-PRL-LGC-PRELIMPIEZA > P10-PRL-LGC-MULTIASPIRADORES,P10-PRL-VNT-VE02,ya_existia,BTZ_Description_13,El código ya estaba escrito en el elemento
385396,3ade3506-4f84-4896-9589-30d81e40c276-0005e174,P10 > P10-PRL-LGC-PRELIMPIEZA > P10-PRL-LGC-MULTIASPIRADORES,P10-PRL-CCL-CVE02,ya_existia,BTZ_Description_14,El código ya estaba escrito en el elemento
385396,3ade3506-4f84-4896-9589-30d81e40c276-0005e174,P10 > P10-PRL-LGC-PRELIMPIEZA > P10-PRL-LGC-MULTIASPIRADORES,P10-PRL-VLV-VR02,ya_existia,BTZ_Description_15,El código ya estaba escrito en el elemento
385396,3ade3506-4f84-4896-9589-30d81e40c276-0005e174,P10 > P10-PRL-LGC-PRELIMPIEZA > P10-PRL-LGC-MULTIASPIRADORES,P10-PRL-MLT-ASP3,ya_existia,BTZ_Description_16,El código ya estaba escrito en el elemento
385396,3ade3506-4f84-4896-9589-30d81e40c276-0005e174,P10 > P10-PRL-LGC-PRELIMPIEZA > P10-PRL-LGC-MULTIASPIRADORES,P10-PRL-ALM-AS03A,ya_existia,BTZ_Description_17,El código ya estaba escrito en el elemento
385396,3ade3506-4f84-4896-9589-30d81e40c276-0005e174,P10 > P10-PRL-LGC-PRELIMPIEZA > P10-PRL-LGC-MULTIASPIRADORES,P10-PRL-ALM-AS03B,ya_existia,BTZ_Description_18,El código ya estaba escrito en el elemento
385396,3ade3506-4f84-4896-9589-30d81e40c276-0005e174,P10 > P10-PRL-LGC-PRELIMPIEZA > P10-PRL-LGC-MULTIASPIRADORES,P10-PRL-VNT-VE03,ya_existia,BTZ_Description_19,El código ya estaba escrito en el elemento
385396,3ade3506-4f84-4896-9589-30d81e40c276-0005e174,P10 > P10-PRL-LGC-PRELIMPIEZA > P10-PRL-LGC-MULTIASPIRADORES,P10-PRL-CCL-CVE03,ya_existia,BTZ_Description_20,El código ya estaba escrito en el elemento
385396,3ade3506-4f84-4896-9589-30d81e40c276-0005e174,P10 > P10-PRL-LGC-PRELIMPIEZA > P10-PRL-LGC-MULTIASPIRADORES,P10-PRL-VLV-VR03,ya_existia,BTZ_Description_21,El código ya estaba escrito en el elemento
385396,3ade3506-4f84-4896-9589-30d81e40c276-0005e174,P10 > P10-PRL-LGC-PRELIMPIEZA > P10-PRL-LGC-MULTIASPIRADORES,P10-PRL-RSC-SF08,ya_existia,BTZ_Description_22,El código ya estaba escrito en el elemento
384012,e0118a5a-e983-4b93-852f-e273cc5f6243-0005dc0c,P10 > P10-PRL-LGC-PRELIMPIEZA > P10-PRL-LGC-SILOS > P10-PRL-SLO-SRECUP,P10-PRL-VLV-VR19,ya_existia,BTZ_Description_05,El código ya estaba escrito en el elemento
385248,3ade3506-4f84-4896-9589-30d81e40c276-0005e0e0,P10 > P10-PRL-LGC-PRELIMPIEZA > P10-PRL-LGC-MERMA,P10-PRL-BTD-BA06,ya_existia,BTZ_Description_04,El código ya estaba escrito en el elemento
385248,3ade3506-4f84-4896-9589-30d81e40c276-0005e0e0,P10 > P10-PRL-LGC-PRELIMPIEZA > P10-PRL-LGC-MERMA,P10-PRL-RSC-SF20,ya_existia,BTZ_Description_05,El código ya estaba escrito en el elemento
385248,3ade3506-4f84-4896-9589-30d81e40c276-0005e0e0,P10 > P10-PRL-LGC-PRELIMPIEZA > P10-PRL-LGC-MERMA,P10-PRL-DSP-DSP01,ya_existia,BTZ_Description_06,El código ya estaba escrito en el elemento
385248,3ade3506-4f84-4896-9589-30d81e40c276-0005e0e0,P10 > P10-PRL-LGC-PRELIMPIEZA > P10-PRL-LGC-MERMA,P10-PRL-ALM-M3DP,ya_existia,BTZ_Description_07,El código ya estaba escrito en el elemento
385248,3ade3506-4f84-4896-9589-30d81e40c276-0005e0e0,P10 > P10-PRL-LGC-PRELIMPIEZA > P10-PRL-LGC-MERMA,P10-PRL-ALM-M2DP,ya_existia,BTZ_Description_08,El código ya estaba escrito en el elemento
385248,3ade3506-4f84-4896-9589-30d81e40c276-0005e0e0,P10 > P10-PRL-LGC-PRELIMPIEZA > P10-PRL-LGC-MERMA,P10-PRL-VLV-VR36,ya_existia,BTZ_Description_09,El código ya estaba escrito en el elemento
385248,3ade3506-4f84-4896-9589-30d81e40c276-0005e0e0,P10 > P10-PRL-LGC-PRELIMPIEZA > P10-PRL-LGC-MERMA,P10-PRL-RSC-SF19,ya_existia,BTZ_Description_10,El código ya estaba escrito en el elemento
385248,3ade3506-4f84-4896-9589-30d81e40c276-0005e0e0,P10 > P10-PRL-LGC-PRELIMPIEZA > P10-PRL-LGC-MERMA,P10-PRL-VNT-M1DP,ya_existia,BTZ_Description_11,El código ya estaba escrito en el elemento
385248,3ade3506-4f84-4896-9589-30d81e40c276-0005e0e0,P10 > P10-PRL-LGC-PRELIMPIEZA > P10-PRL-LGC-MERMA,P10-PRL-RSC-SF16,ya_existia,BTZ_Description_12,El código ya estaba escrito en el elemento
365213,5058d264-a8f9-4ba1-9628-877e44bc2201-0005929d,P10 > P10-SRV-LGC-SERVICIOS > P10-SRV-LGC-OSMOSIS,P10-OSM-BMB-BAP01,ya_existia,BTZ_Description_04,El código ya estaba escrito en el elemento
365213,5058d264-a8f9-4ba1-9628-877e44bc2201-0005929d,P10 > P10-SRV-LGC-SERVICIOS > P10-SRV-LGC-OSMOSIS,P10-OSM-BMB-BAP02,ya_existia,BTZ_Description_05,El código ya estaba escrito en el elemento
365213,5058d264-a8f9-4ba1-9628-877e44bc2201-0005929d,P10 > P10-SRV-LGC-SERVICIOS > P10-SRV-LGC-OSMOSIS,P10-OSM-BMB-BC2,ya_existia,BTZ_Description_06,El código ya estaba escrito en el elemento
365213,5058d264-a8f9-4ba1-9628-877e44bc2201-0005929d,P10 > P10-SRV-LGC-SERVICIOS > P10-SRV-LGC-OSMOSIS,P10-OSM-BMB-BC1,ya_existia,BTZ_Description_07,El código ya estaba escrito en el elemento
365213,5058d264-a8f9-4ba1-9628-877e44bc2201-0005929d,P10 > P10-SRV-LGC-SERVICIOS > P10-SRV-LGC-OSMOSIS,P10-OSM-BMB-BC251,ya_existia,BTZ_Description_08,El código ya estaba escrito en el elemento
365213,5058d264-a8f9-4ba1-9628-877e44bc2201-0005929d,P10 > P10-SRV-LGC-SERVICIOS > P10-SRV-LGC-OSMOSIS,P10-OSM-BMB-BD01,ya_existia,BTZ_Description_09,El código ya estaba escrito en el elemento
365213,5058d264-a8f9-4ba1-9628-877e44bc2201-0005929d,P10 > P10-SRV-LGC-SERVICIOS > P10-SRV-LGC-OSMOSIS,P10-OSM-BMB-BD02,ya_existia,BTZ_Description_10,El código ya estaba escrito en el elemento
365213,5058d264-a8f9-4ba1-9628-877e44bc2201-0005929d,P10 > P10-SRV-LGC-SERVICIOS > P10-SRV-LGC-OSMOSIS,P10-OSM-BMB-BO68,ya_existia,BTZ_Description_11,El código ya estaba escrito en el elemento
365213,5058d264-a8f9-4ba1-9628-877e44bc2201-0005929d,P10 > P10-SRV-LGC-SERVICIOS > P10-SRV-LGC-OSMOSIS,P10-OSM-BMB-BO67,ya_existia,BTZ_Description_12,El código ya estaba escrito en el elemento
365213,5058d264-a8f9-4ba1-9628-877e44bc2201-0005929d,P10 > P10-SRV-LGC-SERVICIOS > P10-SRV-LGC-OSMOSIS,P10-OSM-FLT-FLTBOL,ya_existia,BTZ_Description_13,El código ya estaba escrito en el elemento
365213,5058d264-a8f9-4ba1-9628-877e44bc2201-0005929d,P10 > P10-SRV-LGC-SERVICIOS > P10-SRV-LGC-OSMOSIS,P10-OSM-FLT-MF01,ya_existia,BTZ_Description_14,El código ya estaba escrito en el elemento
365213,5058d264-a8f9-4ba1-9628-877e44bc2201-0005929d,P10 > P10-SRV-LGC-SERVICIOS > P10-SRV-LGC-OSMOSIS,P10-OSM-FLT-MF02,ya_existia,BTZ_Description_15,El código ya estaba escrito en el elemento
365213,5058d264-a8f9-4ba1-9628-877e44bc2201-0005929d,P10 > P10-SRV-LGC-SERVICIOS > P10-SRV-LGC-OSMOSIS,P10-OSM-MDL-MDL01,ya_existia,BTZ_Description_16,El código ya estaba escrito en el elemento
365213,5058d264-a8f9-4ba1-9628-877e44bc2201-0005929d,P10 > P10-SRV-LGC-SERVICIOS > P10-SRV-LGC-OSMOSIS,P10-OSM-MDL-MDL02,ya_existia,BTZ_Description_17,El código ya estaba escrito en el elemento
228225,25d0f85d-57da-4cae-8ca2-9b682363407e-00037b81,P10 > P10-ENE-LGC-TRAFOS,P10-ENE-TRF-TRA1,ya_existia,BTZ_Description_03,El código ya estaba escrito en el elemento
228225,25d0f85d-57da-4cae-8ca2-9b682363407e-00037b81,P10 > P10-ENE-LGC-TRAFOS,P10-ENE-TRF-TRA2,ya_existia,BTZ_Description_04,El código ya estaba escrito en el elemento
228225,25d0f85d-57da-4cae-8ca2-9b682363407e-00037b81,P10 > P10-ENE-LGC-TRAFOS,P10-ENE-TRF-TRA3,ya_existia,BTZ_Description_05,El código ya estaba escrito en el elemento
228225,25d0f85d-57da-4cae-8ca2-9b682363407e-00037b81,P10 > P10-ENE-LGC-TRAFOS,P10-ENE-TRF-TRA4,ya_existia,BTZ_Description_06,El código ya estaba escrito en el elemento
228225,25d0f85d-57da-4cae-8ca2-9b682363407e-00037b81,P10 > P10-ENE-LGC-TRAFOS,P10-ENE-TRF-TRA5,ya_existia,BTZ_Description_07,El código ya estaba escrito en el elemento
228225,25d0f85d-57da-4cae-8ca2-9b682363407e-00037b81,P10 > P10-ENE-LGC-TRAFOS,P10-ENE-TRF-TRA6,ya_existia,BTZ_Description_08,El código ya estaba escrito en el elemento
228225,25d0f85d-57da-4cae-8ca2-9b682363407e-00037b81,P10 > P10-ENE-LGC-TRAFOS,P10-ENE-TRF-TRA7,ya_existia,BTZ_Description_09,El código ya estaba escrito en el elemento
228225,25d0f85d-57da-4cae-8ca2-9b682363407e-00037b81,P10 > P10-ENE-LGC-TRAFOS,P10-ENE-TRF-TRA8,ya_existia,BTZ_Description_10,El código ya estaba escrito en el elemento
228225,25d0f85d-57da-4cae-8ca2-9b682363407e-00037b81,P10 > P10-ENE-LGC-TRAFOS,P10-ENE-TRF-TRA9,ya_existia,BTZ_Description_11,El código ya estaba escrito en el elemento
228225,25d0f85d-57da-4cae-8ca2-9b682363407e-00037b81,P10 > P10-ENE-LGC-TRAFOS,P10-ENE-GNR-GENERADOR,ya_existia,BTZ_Description_12,El código ya estaba escrito en el elemento
282497,a027b4da-4e9c-44ad-b607-5fb48d4c7061-00044f81,P10 > P10-EXT-LGC-EXTRACCION > P10-EXT-EXT-M202 > P10-EXT-LGC-BMB RECIRCULACION,P10-SRA-BMB-BO70,ya_existia,BTZ_Description_05,El código ya estaba escrito en el elemento
282497,a027b4da-4e9c-44ad-b607-5fb48d4c7061-00044f81,P10 > P10-EXT-LGC-EXTRACCION > P10-EXT-EXT-M202 > P10-EXT-LGC-BMB RECIRCULACION,P10-SRA-BMB-JOCKEY,ya_existia,BTZ_Description_06,El código ya estaba escrito en el elemento
282497,a027b4da-4e9c-44ad-b607-5fb48d4c7061-00044f81,P10 > P10-EXT-LGC-EXTRACCION > P10-EXT-EXT-M202 > P10-EXT-LGC-BMB RECIRCULACION,P10-SRA-BMB-BOIN,ya_existia,BTZ_Description_07,El código ya estaba escrito en el elemento
282497,a027b4da-4e9c-44ad-b607-5fb48d4c7061-00044f81,P10 > P10-EXT-LGC-EXTRACCION > P10-EXT-EXT-M202 > P10-EXT-LGC-BMB RECIRCULACION,P10-SRA-BMB-DOSIF,ya_existia,BTZ_Description_08,El código ya estaba escrito en el elemento
282497,a027b4da-4e9c-44ad-b607-5fb48d4c7061-00044f81,P10 > P10-EXT-LGC-EXTRACCION > P10-EXT-EXT-M202 > P10-EXT-LGC-BMB RECIRCULACION,P10-EXT-BMB-P439B,ya_existia,BTZ_Description_09,El código ya estaba escrito en el elemento
282497,a027b4da-4e9c-44ad-b607-5fb48d4c7061-00044f81,P10 > P10-EXT-LGC-EXTRACCION > P10-EXT-EXT-M202 > P10-EXT-LGC-BMB RECIRCULACION,P10-PLL-BMB-BS03,ya_existia,BTZ_Description_10,El código ya estaba escrito en el elemento
378523,ddbef6d8-5146-4ece-9a6f-82caaca14519-0005c69b,P10 > P10-GRL-LGC-CCM,P10-CCM-CCM-CLD,ya_existia,BTZ_Description_03,El código ya estaba escrito en el elemento
378523,ddbef6d8-5146-4ece-9a6f-82caaca14519-0005c69b,P10 > P10-GRL-LGC-CCM,P10-CCM-AIR-AIRCLD,ya_existia,BTZ_Description_04,El código ya estaba escrito en el elemento
378523,ddbef6d8-5146-4ece-9a6f-82caaca14519-0005c69b,P10 > P10-GRL-LGC-CCM,P10-CCM-CMP-AC,ya_existia,BTZ_Description_05,El código ya estaba escrito en el elemento
378523,ddbef6d8-5146-4ece-9a6f-82caaca14519-0005c69b,P10 > P10-GRL-LGC-CCM,P10-CCM-CCM-PELL,ya_existia,BTZ_Description_06,El código ya estaba escrito en el elemento
378523,ddbef6d8-5146-4ece-9a6f-82caaca14519-0005c69b,P10 > P10-GRL-LGC-CCM,P10-CCM-CCM-EXT,ya_existia,BTZ_Description_07,El código ya estaba escrito en el elemento
378523,ddbef6d8-5146-4ece-9a6f-82caaca14519-0005c69b,P10 > P10-GRL-LGC-CCM,P10-CCM-AIR-AIREXT,ya_existia,BTZ_Description_08,El código ya estaba escrito en el elemento
378523,ddbef6d8-5146-4ece-9a6f-82caaca14519-0005c69b,P10 > P10-GRL-LGC-CCM,P10-CCM-CCM-PRP,ya_existia,BTZ_Description_09,El código ya estaba escrito en el elemento
378523,ddbef6d8-5146-4ece-9a6f-82caaca14519-0005c69b,P10 > P10-GRL-LGC-CCM,P10-CCM-AIR-AIRPRP,ya_existia,BTZ_Description_10,El código ya estaba escrito en el elemento
176327,e873c32e-5e0c-4f36-b2a7-48d4917bce06-0002b0c7,P10 > P10-SRV-LGC-SERVICIOS > P10-ADM-OFC-OFICINA MANT,P10-ADM-OFC-ADM,ya_existia,BTZ_Description_04,El código ya estaba escrito en el elemento
