codigo_project,element_id_contenedor_detectado,unique_id_contenedor_detectado,btz_path_contenedor,estado_lectura,motivo,columnas_detectadas
P10-DSC-BMB-BS02,378617,ddbef6d8-5146-4ece-9a6f-82caaca14519-0005c6f9,P10 > P10-DSC-LGC-DESCASCARADO > P10-DSC-LGC-MOLINO,ok,,codigo;element_id;unique_id;path
P10-DSC-CCL-CBS02,378617,ddbef6d8-5146-4ece-9a6f-82caaca14519-0005c6f9,P10 > P10-DSC-LGC-DESCASCARADO > P10-DSC-LGC-MOLINO,ok,,codigo;element_id;unique_id;path
P10-DSC-MLN-M05,378617,ddbef6d8-5146-4ece-9a6f-82caaca14519-0005c6f9,P10 > P10-DSC-LGC-DESCASCARADO > P10-DSC-LGC-MOLINO,ok,,codigo;element_id;unique_id;path
P10-DSC-ALM-MA05,378617,ddbef6d8-5146-4ece-9a6f-82caaca14519-0005c6f9,P10 > P10-DSC-LGC-DESCASCARADO > P10-DSC-LGC-MOLINO,ok,,codigo;element_id;unique_id;path
P10-DSC-RSC-MSF05,378617,ddbef6d8-5146-4ece-9a6f-82caaca14519-0005c6f9,P10 > P10-DSC-LGC-DESCASCARADO > P10-DSC-LGC-MOLINO,ok,,codigo;element_id;unique_id;path
P10-DSC-MLN-M06,378617,ddbef6d8-5146-4ece-9a6f-82caaca14519-0005c6f9,P10 > P10-DSC-LGC-DESCASCARADO > P10-DSC-LGC-MOLINO,ok,,codigo;element_id;unique_id;path
P10-DSC-ALM-MA06,378617,ddbef6d8-5146-4ece-9a6f-82caaca14519-0005c6f9,P10 > P10-DSC-LGC-DESCASCARADO > P10-DSC-LGC-MOLINO,ok,,codigo;element_id;unique_id;path
P10-DSC-RSC-MSF06,378617,ddbef6d8-5146-4ece-9a6f-82caaca14519-0005c6f9,P10 > P10-DSC-LGC-DESCASCARADO > P10-DSC-LGC-MOLINO,ok,,codigo;element_id;unique_id;path
P10-DSC-RSC-SF15,378617,ddbef6d8-5146-4ece-9a6f-82caaca14519-0005c6f9,P10 > P10-DSC-LGC-DESCASCARADO > P10-DSC-LGC-MOLINO,ok,,codigo;element_id;unique_id;path
P10-DSC-VLV-VR17,378617,ddbef6d8-5146-4ece-9a6f-82caaca14519-0005c6f9,P10 > P10-DSC-LGC-DESCASCARADO > P10-DSC-LGC-MOLINO,ok,,codigo;element_id;unique_id;path
P10-DSC-VLV-VR15A,378617,ddbef6d8-5146-4ece-9a6f-82caaca14519-0005c6f9,P10 > P10-DSC-LGC-DESCASCARADO > P10-DSC-LGC-MOLINO,ok,,codigo;element_id;unique_id;path
P10-DSC-QBR-Q11,378268,ddbef6d8-5146-4ece-9a6f-82caaca14519-0005c59c,P10 > P10-DSC-LGC-DESCASCARADO > P10-DSC-LGC-QUEBRADORES,ok,,codigo;element_id;unique_id;path
P10-DSC-QBR-QA11,378268,ddbef6d8-5146-4ece-9a6f-82caaca14519-0005c59c,P10 > P10-DSC-LGC-DESCASCARADO > P10-DSC-LGC-QUEBRADORES,ok,,codigo;element_id;unique_id;path
P10-DSC-QBR-Q12,378268,ddbef6d8-5146-4ece-9a6f-82caaca14519-0005c59c,P10 > P10-DSC-LGC-DESCASCARADO > P10-DSC-LGC-QUEBRADORES,ok,,codigo;element_id;unique_id;path
P10-DSC-QBR-QA12,378268,ddbef6d8-5146-4ece-9a6f-82caaca14519-0005c59c,P10 > P10-DSC-LGC-DESCASCARADO > P10-DSC-LGC-QUEBRADORES,ok,,codigo;element_id;unique_id;path
P10-DSC-QBR-Q13,378268,ddbef6d8-5146-4ece-9a6f-82caaca14519-0005c59c,P10 > P10-DSC-LGC-DESCASCARADO > P10-DSC-LGC-QUEBRADORES,ok,,codigo;element_id;unique_id;path
P10-DSC-QBR-QA13,378268,ddbef6d8-5146-4ece-9a6f-82caaca14519-0005c59c,P10 > P10-DSC-LGC-DESCASCARADO > P10-DSC-LGC-QUEBRADORES,ok,,codigo;element_id;unique_id;path
P10-DSC-QBR-Q14,378268,ddbef6d8-5146-4ece-9a6f-82caaca14519-0005c59c,P10 > P10-DSC-LGC-DESCASCARADO > P10-DSC-LGC-QUEBRADORES,ok,,codigo;element_id;unique_id;path
P10-DSC-QBR-QA14,378268,ddbef6d8-5146-4ece-9a6f-82caaca14519-0005c59c,P10 > P10-DSC-LGC-DESCASCARADO > P10-DSC-LGC-QUEBRADORES,ok,,codigo;element_id;unique_id;path
P10-DSC-QBR-Q15,378268,ddbef6d8-5146-4ece-9a6f-82caaca14519-0005c59c,P10 > P10-DSC-LGC-DESCASCARADO > P10-DSC-LGC-QUEBRADORES,ok,,codigo;element_id;unique_id;path
P10-DSC-QBR-QA15,378268,ddbef6d8-5146-4ece-9a6f-82caaca14519-0005c59c,P10 > P10-DSC-LGC-DESCASCARADO > P10-DSC-LGC-QUEBRADORES,ok,,codigo;element_id;unique_id;path
P10-DSC-QBR-Q16,378268,ddbef6d8-5146-4ece-9a6f-82caaca14519-0005c59c,P10 > P10-DSC-LGC-DESCASCARADO > P10-DSC-LGC-QUEBRADORES,ok,,codigo;element_id;unique_id;path
P10-DSC-QBR-QA16,378268,ddbef6d8-5146-4ece-9a6f-82caaca14519-0005c59c,P10 > P10-DSC-LGC-DESCASCARADO > P10-DSC-LGC-QUEBRADORES,ok,,codigo;element_id;unique_id;path
P10-DSC-QBR-Q17,378268,ddbef6d8-5146-4ece-9a6f-82caaca14519-0005c59c,P10 > P10-DSC-LGC-DESCASCARADO > P10-DSC-LGC-QUEBRADORES,ok,,codigo;element_id;unique_id;path
P10-DSC-QBR-QA17,378268,ddbef6d8-5146-4ece-9a6f-82caaca14519-0005c59c,P10 > P10-DSC-LGC-DESCASCARADO > P10-DSC-LGC-QUEBRADORES,ok,,codigo;element_id;unique_id;path
P10-DSC-QBR-Q18,378268,ddbef6d8-5146-4ece-9a6f-82caaca14519-0005c59c,P10 > P10-DSC-LGC-DESCASCARADO > P10-DSC-LGC-QUEBRADORES,ok,,codigo;element_id;unique_id;path
P10-DSC-QBR-QA18,378268,ddbef6d8-5146-4ece-9a6f-82caaca14519-0005c59c,P10 > P10-DSC-LGC-DESCASCARADO > P10-DSC-LGC-QUEBRADORES,ok,,codigo;element_id;unique_id;path
P10-DSC-RDL-R33,378728,ddbef6d8-5146-4ece-9a6f-82caaca14519-0005c768,P10 > P10-DSC-LGC-DESCASCARADO > P10-DSC-LGC-REDLER,ok,,codigo;element_id;unique_id;path
P10-DSC-RDL-R34,378728,ddbef6d8-5146-4ece-9a6f-82caaca14519-0005c768,P10 > P10-DSC-LGC-DESCASCARADO > P10-DSC-LGC-REDLER,ok,,codigo;element_id;unique_id;path
P10-DSC-RDL-R35,378728,ddbef6d8-5146-4ece-9a6f-82caaca14519-0005c768,P10 > P10-DSC-LGC-DESCASCARADO > P10-DSC-LGC-REDLER,ok,,codigo;element_id;unique_id;path
P10-DSC-RDL-R36,378728,ddbef6d8-5146-4ece-9a6f-82caaca14519-0005c768,P10 > P10-DSC-LGC-DESCASCARADO > P10-DSC-LGC-REDLER,ok,,codigo;element_id;unique_id;path
P10-DSC-RSC-SF07,378146,ddbef6d8-5146-4ece-9a6f-82caaca14519-0005c522,P10 > P10-DSC-LGC-DESCASCARADO > P10-DSC-LGC-ZARANDAS,ok,,codigo;element_id;unique_id;path
P10-DSC-RSC-SF06,378146,ddbef6d8-5146-4ece-9a6f-82caaca14519-0005c522,P10 > P10-DSC-LGC-DESCASCARADO > P10-DSC-LGC-ZARANDAS,ok,,codigo;element_id;unique_id;path
P10-DSC-RSC-SF23,378146,ddbef6d8-5146-4ece-9a6f-82caaca14519-0005c522,P10 > P10-DSC-LGC-DESCASCARADO > P10-DSC-LGC-ZARANDAS,ok,,codigo;element_id;unique_id;path
P10-DSC-RSC-SF21,378146,ddbef6d8-5146-4ece-9a6f-82caaca14519-0005c522,P10 > P10-DSC-LGC-DESCASCARADO > P10-DSC-LGC-ZARANDAS,ok,,codigo;element_id;unique_id;path
P10-DSC-RSC-SF22,378146,ddbef6d8-5146-4ece-9a6f-82caaca14519-0005c522,P10 > P10-DSC-LGC-DESCASCARADO > P10-DSC-LGC-ZARANDAS,ok,,codigo;element_id;unique_id;path
P10-DSC-RSC-SF24,378146,ddbef6d8-5146-4ece-9a6f-82caaca14519-0005c522,P10 > P10-DSC-LGC-DESCASCARADO > P10-DSC-LGC-ZARANDAS,ok,,codigo;element_id;unique_id;path
P10-DSC-ZRN-Z01,378146,ddbef6d8-5146-4ece-9a6f-82caaca14519-0005c522,P10 > P10-DSC-LGC-DESCASCARADO > P10-DSC-LGC-ZARANDAS,ok,,codigo;element_id;unique_id;path
P10-DSC-ZRN-Z02,378146,ddbef6d8-5146-4ece-9a6f-82caaca14519-0005c522,P10 > P10-DSC-LGC-DESCASCARADO > P10-DSC-LGC-ZARANDAS,ok,,codigo;element_id;unique_id;path
P10-DSC-ZRN-Z03,378146,ddbef6d8-5146-4ece-9a6f-82caaca14519-0005c522,P10 > P10-DSC-LGC-DESCASCARADO > P10-DSC-LGC-ZARANDAS,ok,,codigo;element_id;unique_id;path
P10-DSC-ZRN-Z04,378146,ddbef6d8-5146-4ece-9a6f-82caaca14519-0005c522,P10 > P10-DSC-LGC-DESCASCARADO > P10-DSC-LGC-ZARANDAS,ok,,codigo;element_id;unique_id;path
P10-DSC-ZRN-Z05,378146,ddbef6d8-5146-4ece-9a6f-82caaca14519-0005c522,P10 > P10-DSC-LGC-DESCASCARADO > P10-DSC-LGC-ZARANDAS,ok,,codigo;element_id;unique_id;path
P10-DSC-ZRN-Z06,378146,ddbef6d8-5146-4ece-9a6f-82caaca14519-0005c522,P10 > P10-DSC-LGC-DESCASCARADO > P10-DSC-LGC-ZARANDAS,ok,,codigo;element_id;unique_id;path
P10-EXT-HDR-HCP01,282755,a027b4da-4e9c-44ad-b607-5fb48d4c7061-00045083,P10 > P10-EXT-LGC-EXTRACCION > P10-EXT-EXT-M202 > P10-EXT-LGC-HIDROCICLONES,ok,,codigo;element_id;unique_id;path
P10-EXT-HDR-HCP02,282755,a027b4da-4e9c-44ad-b607-5fb48d4c7061-00045083,P10 > P10-EXT-LGC-EXTRACCION > P10-EXT-EXT-M202 > P10-EXT-LGC-HIDROCICLONES,ok,,codigo;element_id;unique_id;path
P10-EXT-HDR-HCP03,282755,a027b4da-4e9c-44ad-b607-5fb48d4c7061-00045083,P10 > P10-EXT-LGC-EXTRACCION > P10-EXT-EXT-M202 > P10-EXT-LGC-HIDROCICLONES,ok,,codigo;element_id;unique_id;path
P10-EXT-HDR-HCS01E,282755,a027b4da-4e9c-44ad-b607-5fb48d4c7061-00045083,P10 > P10-EXT-LGC-EXTRACCION > P10-EXT-EXT-M202 > P10-EXT-LGC-HIDROCICLONES,ok,,codigo;element_id;unique_id;path
P10-EXT-HDR-HCS01O,282755,a027b4da-4e9c-44ad-b607-5fb48d4c7061-00045083,P10 > P10-EXT-LGC-EXTRACCION > P10-EXT-EXT-M202 > P10-EXT-LGC-HIDROCICLONES,ok,,codigo;element_id;unique_id;path
P10-EXT-HDR-HCS02E,282755,a027b4da-4e9c-44ad-b607-5fb48d4c7061-00045083,P10 > P10-EXT-LGC-EXTRACCION > P10-EXT-EXT-M202 > P10-EXT-LGC-HIDROCICLONES,ok,,codigo;element_id;unique_id;path
P10-EXT-HDR-HCS02O,282755,a027b4da-4e9c-44ad-b607-5fb48d4c7061-00045083,P10 > P10-EXT-LGC-EXTRACCION > P10-EXT-EXT-M202 > P10-EXT-LGC-HIDROCICLONES,ok,,codigo;element_id;unique_id;path
P10-EXT-HDR-HCS03E,282755,a027b4da-4e9c-44ad-b607-5fb48d4c7061-00045083,P10 > P10-EXT-LGC-EXTRACCION > P10-EXT-EXT-M202 > P10-EXT-LGC-HIDROCICLONES,ok,,codigo;element_id;unique_id;path
P10-EXT-HDR-HCS03O,282755,a027b4da-4e9c-44ad-b607-5fb48d4c7061-00045083,P10 > P10-EXT-LGC-EXTRACCION > P10-EXT-EXT-M202 > P10-EXT-LGC-HIDROCICLONES,ok,,codigo;element_id;unique_id;path
P10-EXT-HDR-HCS04E,282755,a027b4da-4e9c-44ad-b607-5fb48d4c7061-00045083,P10 > P10-EXT-LGC-EXTRACCION > P10-EXT-EXT-M202 > P10-EXT-LGC-HIDROCICLONES,ok,,codigo;element_id;unique_id;path
P10-EXT-HDR-HCS04O,282755,a027b4da-4e9c-44ad-b607-5fb48d4c7061-00045083,P10 > P10-EXT-LGC-EXTRACCION > P10-EXT-EXT-M202 > P10-EXT-LGC-HIDROCICLONES,ok,,codigo;element_id;unique_id;path
P10-EXT-HDR-HCS05E,282755,a027b4da-4e9c-44ad-b607-5fb48d4c7061-00045083,P10 > P10-EXT-LGC-EXTRACCION > P10-EXT-EXT-M202 > P10-EXT-LGC-HIDROCICLONES,ok,,codigo;element_id;unique_id;path
P10-EXT-HDR-HCS05O,282755,a027b4da-4e9c-44ad-b607-5fb48d4c7061-00045083,P10 > P10-EXT-LGC-EXTRACCION > P10-EXT-EXT-M202 > P10-EXT-LGC-HIDROCICLONES,ok,,codigo;element_id;unique_id;path
P10-EXT-HDR-HCS06E,282755,a027b4da-4e9c-44ad-b607-5fb48d4c7061-00045083,P10 > P10-EXT-LGC-EXTRACCION > P10-EXT-EXT-M202 > P10-EXT-LGC-HIDROCICLONES,ok,,codigo;element_id;unique_id;path
P10-EXT-HDR-HCS06O,282755,a027b4da-4e9c-44ad-b607-5fb48d4c7061-00045083,P10 > P10-EXT-LGC-EXTRACCION > P10-EXT-EXT-M202 > P10-EXT-LGC-HIDROCICLONES,ok,,codigo;element_id;unique_id;path
P10-EXT-HDR-HCS07E,282755,a027b4da-4e9c-44ad-b607-5fb48d4c7061-00045083,P10 > P10-EXT-LGC-EXTRACCION > P10-EXT-EXT-M202 > P10-EXT-LGC-HIDROCICLONES,ok,,codigo;element_id;unique_id;path
P10-EXT-HDR-HCS07O,282755,a027b4da-4e9c-44ad-b607-5fb48d4c7061-00045083,P10 > P10-EXT-LGC-EXTRACCION > P10-EXT-EXT-M202 > P10-EXT-LGC-HIDROCICLONES,ok,,codigo;element_id;unique_id;path
P10-EXT-HDR-HCS08E,282755,a027b4da-4e9c-44ad-b607-5fb48d4c7061-00045083,P10 > P10-EXT-LGC-EXTRACCION > P10-EXT-EXT-M202 > P10-EXT-LGC-HIDROCICLONES,ok,,codigo;element_id;unique_id;path
P10-EXT-HDR-HCS08O,282755,a027b4da-4e9c-44ad-b607-5fb48d4c7061-00045083,P10 > P10-EXT-LGC-EXTRACCION > P10-EXT-EXT-M202 > P10-EXT-LGC-HIDROCICLONES,ok,,codigo;element_id;unique_id;path
P10-EXT-HDR-HCS09E,282755,a027b4da-4e9c-44ad-b607-5fb48d4c7061-00045083,P10 > P10-EXT-LGC-EXTRACCION > P10-EXT-EXT-M202 > P10-EXT-LGC-HIDROCICLONES,ok,,codigo;element_id;unique_id;path
P10-EXT-HDR-HCS09O,282755,a027b4da-4e9c-44ad-b607-5fb48d4c7061-00045083,P10 > P10-EXT-LGC-EXTRACCION > P10-EXT-EXT-M202 > P10-EXT-LGC-HIDROCICLONES,ok,,codigo;element_id;unique_id;path
P10-EXT-HDR-HCS10E,282755,a027b4da-4e9c-44ad-b607-5fb48d4c7061-00045083,P10 > P10-EXT-LGC-EXTRACCION > P10-EXT-EXT-M202 > P10-EXT-LGC-HIDROCICLONES,ok,,codigo;element_id;unique_id;path
P10-EXT-HDR-HCS10O,282755,a027b4da-4e9c-44ad-b607-5fb48d4c7061-00045083,P10 > P10-EXT-LGC-EXTRACCION > P10-EXT-EXT-M202 > P10-EXT-LGC-HIDROCICLONES,ok,,codigo;element_id;unique_id;path
P10-EXT-BMB-PSODA,282997,a027b4da-4e9c-44ad-b607-5fb48d4c7061-00045175,P10 > P10-EXT-LGC-EXTRACCION > P10-EXT-LGC-DESGOMADO,ok,,codigo;element_id;unique_id;path
P10-EXT-BMB-P435A,282997,a027b4da-4e9c-44ad-b607-5fb48d4c7061-00045175,P10 > P10-EXT-LGC-EXTRACCION > P10-EXT-LGC-DESGOMADO,ok,,codigo;element_id;unique_id;path
P10-EXT-CLT-HX445,282997,a027b4da-4e9c-44ad-b607-5fb48d4c7061-00045175,P10 > P10-EXT-LGC-EXTRACCION > P10-EXT-LGC-DESGOMADO,ok,,codigo;element_id;unique_id;path
P10-EXT-DSG-C425,282997,a027b4da-4e9c-44ad-b607-5fb48d4c7061-00045175,P10 > P10-EXT-LGC-EXTRACCION > P10-EXT-LGC-DESGOMADO,ok,,codigo;element_id;unique_id;path
P10-EXT-DSG-C430,282997,a027b4da-4e9c-44ad-b607-5fb48d4c7061-00045175,P10 > P10-EXT-LGC-EXTRACCION > P10-EXT-LGC-DESGOMADO,ok,,codigo;element_id;unique_id;path
P10-EXT-DSG-C435,282997,a027b4da-4e9c-44ad-b607-5fb48d4c7061-00045175,P10 > P10-EXT-LGC-EXTRACCION > P10-EXT-LGC-DESGOMADO,ok,,codigo;element_id;unique_id;path
P10-EXT-ENF-HX460,282997,a027b4da-4e9c-44ad-b607-5fb48d4c7061-00045175,P10 > P10-EXT-LGC-EXTRACCION > P10-EXT-LGC-DESGOMADO,ok,,codigo;element_id;unique_id;path
P10-EXT-INT-HX440,282997,a027b4da-4e9c-44ad-b607-5fb48d4c7061-00045175,P10 > P10-EXT-LGC-EXTRACCION > P10-EXT-LGC-DESGOMADO,ok,,codigo;element_id;unique_id;path
P10-EXT-BMB-P439,282997,a027b4da-4e9c-44ad-b607-5fb48d4c7061-00045175,P10 > P10-EXT-LGC-EXTRACCION > P10-EXT-LGC-DESGOMADO,ok,,codigo;element_id;unique_id;path
P10-EXT-SCD-V450,282997,a027b4da-4e9c-44ad-b607-5fb48d4c7061-00045175,P10 > P10-EXT-LGC-EXTRACCION > P10-EXT-LGC-DESGOMADO,ok,,codigo;element_id;unique_id;path
P10-EXT-BMB-P450,282997,a027b4da-4e9c-44ad-b607-5fb48d4c7061-00045175,P10 > P10-EXT-LGC-EXTRACCION > P10-EXT-LGC-DESGOMADO,ok,,codigo;element_id;unique_id;path
P10-EXT-TNQ-V415,282997,a027b4da-4e9c-44ad-b607-5fb48d4c7061-00045175,P10 > P10-EXT-LGC-EXTRACCION > P10-EXT-LGC-DESGOMADO,ok,,codigo;element_id;unique_id;path
P10-EXT-BMB-P415,282997,a027b4da-4e9c-44ad-b607-5fb48d4c7061-00045175,P10 > P10-EXT-LGC-EXTRACCION > P10-EXT-LGC-DESGOMADO,ok,,codigo;element_id;unique_id;path
P10-EXT-TNQ-HX435,282997,a027b4da-4e9c-44ad-b607-5fb48d4c7061-00045175,P10 > P10-EXT-LGC-EXTRACCION > P10-EXT-LGC-DESGOMADO,ok,,codigo;element_id;unique_id;path
P10-EXT-BMB-P435,282997,a027b4da-4e9c-44ad-b607-5fb48d4c7061-00045175,P10 > P10-EXT-LGC-EXTRACCION > P10-EXT-LGC-DESGOMADO,ok,,codigo;element_id;unique_id;path
P10-EXT-TNQ-V495,282997,a027b4da-4e9c-44ad-b607-5fb48d4c7061-00045175,P10 > P10-EXT-LGC-EXTRACCION > P10-EXT-LGC-DESGOMADO,ok,,codigo;element_id;unique_id;path
P10-EXT-BMB-P491,282997,a027b4da-4e9c-44ad-b607-5fb48d4c7061-00045175,P10 > P10-EXT-LGC-EXTRACCION > P10-EXT-LGC-DESGOMADO,ok,,codigo;element_id;unique_id;path
P10-EXT-TNQ-V410,282997,a027b4da-4e9c-44ad-b607-5fb48d4c7061-00045175,P10 > P10-EXT-LGC-EXTRACCION > P10-EXT-LGC-DESGOMADO,ok,,codigo;element_id;unique_id;path
P10-EXT-AGT-A420C,282997,a027b4da-4e9c-44ad-b607-5fb48d4c7061-00045175,P10 > P10-EXT-LGC-EXTRACCION > P10-EXT-LGC-DESGOMADO,ok,,codigo;element_id;unique_id;path
P10-EXT-BMB-P410,282997,a027b4da-4e9c-44ad-b607-5fb48d4c7061-00045175,P10 > P10-EXT-LGC-EXTRACCION > P10-EXT-LGC-DESGOMADO,ok,,codigo;element_id;unique_id;path
P10-EXT-TNQ-V420,282997,a027b4da-4e9c-44ad-b607-5fb48d4c7061-00045175,P10 > P10-EXT-LGC-EXTRACCION > P10-EXT-LGC-DESGOMADO,ok,,codigo;element_id;unique_id;path
P10-EXT-AGT-A420,282997,a027b4da-4e9c-44ad-b607-5fb48d4c7061-00045175,P10 > P10-EXT-LGC-EXTRACCION > P10-EXT-LGC-DESGOMADO,ok,,codigo;element_id;unique_id;path
P10-EXT-VLV-VSA420,282997,a027b4da-4e9c-44ad-b607-5fb48d4c7061-00045175,P10 > P10-EXT-LGC-EXTRACCION > P10-EXT-LGC-DESGOMADO,ok,,codigo;element_id;unique_id;path
P10-EXT-TNQ-V420B,282997,a027b4da-4e9c-44ad-b607-5fb48d4c7061-00045175,P10 > P10-EXT-LGC-EXTRACCION > P10-EXT-LGC-DESGOMADO,ok,,codigo;element_id;unique_id;path
P10-EXT-TNQ-TK492,282997,a027b4da-4e9c-44ad-b607-5fb48d4c7061-00045175,P10 > P10-EXT-LGC-EXTRACCION > P10-EXT-LGC-DESGOMADO,ok,,codigo;element_id;unique_id;path
P10-EXT-BMB-P492,282997,a027b4da-4e9c-44ad-b607-5fb48d4c7061-00045175,P10 > P10-EXT-LGC-EXTRACCION > P10-EXT-LGC-DESGOMADO,ok,,codigo;element_id;unique_id;path
P10-EXT-VLV-SOV430,282997,a027b4da-4e9c-44ad-b607-5fb48d4c7061-00045175,P10 > P10-EXT-LGC-EXTRACCION > P10-EXT-LGC-DESGOMADO,ok,,codigo;element_id;unique_id;path
P10-EXT-VLV-SOV426,282997,a027b4da-4e9c-44ad-b607-5fb48d4c7061-00045175,P10 > P10-EXT-LGC-EXTRACCION > P10-EXT-LGC-DESGOMADO,ok,,codigo;element_id;unique_id;path
P10-EXT-EVP-HX301,282969,a027b4da-4e9c-44ad-b607-5fb48d4c7061-00045159,P10 > P10-EXT-LGC-EXTRACCION > P10-EXT-LGC-DESTILACION,ok,,codigo;element_id;unique_id;path
P10-EXT-CND-HX305,282969,a027b4da-4e9c-44ad-b607-5fb48d4c7061-00045159,P10 > P10-EXT-LGC-EXTRACCION > P10-EXT-LGC-DESTILACION,ok,,codigo;element_id;unique_id;path
P10-EXT-CND-HX304,282969,a027b4da-4e9c-44ad-b607-5fb48d4c7061-00045159,P10 > P10-EXT-LGC-EXTRACCION > P10-EXT-LGC-DESTILACION,ok,,codigo;element_id;unique_id;path
P10-EXT-EVP-HX307,282969,a027b4da-4e9c-44ad-b607-5fb48d4c7061-00045159,P10 > P10-EXT-LGC-EXTRACCION > P10-EXT-LGC-DESTILACION,ok,,codigo;element_id;unique_id;path
P10-EXT-CND-HX308,282969,a027b4da-4e9c-44ad-b607-5fb48d4c7061-00045159,P10 > P10-EXT-LGC-EXTRACCION > P10-EXT-LGC-DESTILACION,ok,,codigo;element_id;unique_id;path
P10-EXT-EVP-HX309,282969,a027b4da-4e9c-44ad-b607-5fb48d4c7061-00045159,P10 > P10-EXT-LGC-EXTRACCION > P10-EXT-LGC-DESTILACION,ok,,codigo;element_id;unique_id;path
P10-EXT-BMB-P310,282969,a027b4da-4e9c-44ad-b607-5fb48d4c7061-00045159,P10 > P10-EXT-LGC-EXTRACCION > P10-EXT-LGC-DESTILACION,ok,,codigo;element_id;unique_id;path
P10-EXT-INT-HX314,282969,a027b4da-4e9c-44ad-b607-5fb48d4c7061-00045159,P10 > P10-EXT-LGC-EXTRACCION > P10-EXT-LGC-DESTILACION,ok,,codigo;element_id;unique_id;path
P10-EXT-STR-V311,282969,a027b4da-4e9c-44ad-b607-5fb48d4c7061-00045159,P10 > P10-EXT-LGC-EXTRACCION > P10-EXT-LGC-DESTILACION,ok,,codigo;element_id;unique_id;path
P10-EXT-BMB-P313B,282969,a027b4da-4e9c-44ad-b607-5fb48d4c7061-00045159,P10 > P10-EXT-LGC-EXTRACCION > P10-EXT-LGC-DESTILACION,ok,,codigo;element_id;unique_id;path
P10-EXT-BMB-P313,282969,a027b4da-4e9c-44ad-b607-5fb48d4c7061-00045159,P10 > P10-EXT-LGC-EXTRACCION > P10-EXT-LGC-DESTILACION,ok,,codigo;element_id;unique_id;path
P10-EXT-CND-HX312,282969,a027b4da-4e9c-44ad-b607-5fb48d4c7061-00045159,P10 > P10-EXT-LGC-EXTRACCION > P10-EXT-LGC-DESTILACION,ok,,codigo;element_id;unique_id;path
P10-EXT-VLV-TCV-307,282969,a027b4da-4e9c-44ad-b607-5fb48d4c7061-00045159,P10 > P10-EXT-LGC-EXTRACCION > P10-EXT-LGC-DESTILACION,ok,,codigo;element_id;unique_id;path
P10-EXT-VLV-TCV-309,282969,a027b4da-4e9c-44ad-b607-5fb48d4c7061-00045159,P10 > P10-EXT-LGC-EXTRACCION > P10-EXT-LGC-DESTILACION,ok,,codigo;element_id;unique_id;path
P10-EXT-BMB-P336,282896,a027b4da-4e9c-44ad-b607-5fb48d4c7061-00045110,P10 > P10-EXT-LGC-EXTRACCION > P10-EXT-LGC-SOLVENTE,ok,,codigo;element_id;unique_id;path
P10-EXT-BMB-P351,282896,a027b4da-4e9c-44ad-b607-5fb48d4c7061-00045110,P10 > P10-EXT-LGC-EXTRACCION > P10-EXT-LGC-SOLVENTE,ok,,codigo;element_id;unique_id;path
P10-EXT-PRC-HX302,282896,a027b4da-4e9c-44ad-b607-5fb48d4c7061-00045110,P10 > P10-EXT-LGC-EXTRACCION > P10-EXT-LGC-SOLVENTE,ok,,codigo;element_id;unique_id;path
P10-EXT-INT-V338,282896,a027b4da-4e9c-44ad-b607-5fb48d4c7061-00045110,P10 > P10-EXT-LGC-EXTRACCION > P10-EXT-LGC-SOLVENTE,ok,,codigo;element_id;unique_id;path
P10-EXT-RHV-HX337,282896,a027b4da-4e9c-44ad-b607-5fb48d4c7061-00045110,P10 > P10-EXT-LGC-EXTRACCION > P10-EXT-LGC-SOLVENTE,ok,,codigo;element_id;unique_id;path
P10-EXT-TNQ-V330,282896,a027b4da-4e9c-44ad-b607-5fb48d4c7061-00045110,P10 > P10-EXT-LGC-EXTRACCION > P10-EXT-LGC-SOLVENTE,ok,,codigo;element_id;unique_id;path
P10-EXT-BMB-P331,282896,a027b4da-4e9c-44ad-b607-5fb48d4c7061-00045110,P10 > P10-EXT-LGC-EXTRACCION > P10-EXT-LGC-SOLVENTE,ok,,codigo;element_id;unique_id;path
P10-EXT-BMB-P335,282896,a027b4da-4e9c-44ad-b607-5fb48d4c7061-00045110,P10 > P10-EXT-LGC-EXTRACCION > P10-EXT-LGC-SOLVENTE,ok,,codigo;element_id;unique_id;path
P10-EXT-TNQ-V351,282896,a027b4da-4e9c-44ad-b607-5fb48d4c7061-00045110,P10 > P10-EXT-LGC-EXTRACCION > P10-EXT-LGC-SOLVENTE,ok,,codigo;element_id;unique_id;path
P10-EXT-TNQ-TKD,282896,a027b4da-4e9c-44ad-b607-5fb48d4c7061-00045110,P10 > P10-EXT-LGC-EXTRACCION > P10-EXT-LGC-SOLVENTE,ok,,codigo;element_id;unique_id;path
P10-EXT-BMB-P335A,282896,a027b4da-4e9c-44ad-b607-5fb48d4c7061-00045110,P10 > P10-EXT-LGC-EXTRACCION > P10-EXT-LGC-SOLVENTE,ok,,codigo;element_id;unique_id;path
P10-EXT-AH101,282896,a027b4da-4e9c-44ad-b607-5fb48d4c7061-00045110,P10 > P10-EXT-LGC-EXTRACCION > P10-EXT-LGC-SOLVENTE,ok,,codigo;element_id;unique_id;path
P10-EXT-AH103,282896,a027b4da-4e9c-44ad-b607-5fb48d4c7061-00045110,P10 > P10-EXT-LGC-EXTRACCION > P10-EXT-LGC-SOLVENTE,ok,,codigo;element_id;unique_id;path
P10-EXT-AH102,282896,a027b4da-4e9c-44ad-b607-5fb48d4c7061-00045110,P10 > P10-EXT-LGC-EXTRACCION > P10-EXT-LGC-SOLVENTE,ok,,codigo;element_id;unique_id;path
P10-EXT-AH105,282896,a027b4da-4e9c-44ad-b607-5fb48d4c7061-00045110,P10 > P10-EXT-LGC-EXTRACCION > P10-EXT-LGC-SOLVENTE,ok,,codigo;element_id;unique_id;path
P10-EXT-AH104,282896,a027b4da-4e9c-44ad-b607-5fb48d4c7061-00045110,P10 > P10-EXT-LGC-EXTRACCION > P10-EXT-LGC-SOLVENTE,ok,,codigo;element_id;unique_id;path
P10-EXT-CND-HX303,282656,a027b4da-4e9c-44ad-b607-5fb48d4c7061-00045020,P10 > P10-EXT-LGC-EXTRACCION > P10-EXT-TST-DT250,ok,,codigo;element_id;unique_id;path
P10-EXT-LGC-VLV,282656,a027b4da-4e9c-44ad-b607-5fb48d4c7061-00045020,P10 > P10-EXT-LGC-EXTRACCION > P10-EXT-TST-DT250,ok,,codigo;element_id;unique_id;path
P10-EXT-VLV-PRV259,282656,a027b4da-4e9c-44ad-b607-5fb48d4c7061-00045020,P10 > P10-EXT-LGC-EXTRACCION > P10-EXT-TST-DT250,ok,,codigo;element_id;unique_id;path
P10-EXT-VLV-PRV258,282656,a027b4da-4e9c-44ad-b607-5fb48d4c7061-00045020,P10 > P10-EXT-LGC-EXTRACCION > P10-EXT-TST-DT250,ok,,codigo;element_id;unique_id;path
P10-EXT-VLV-PRV260,282656,a027b4da-4e9c-44ad-b607-5fb48d4c7061-00045020,P10 > P10-EXT-LGC-EXTRACCION > P10-EXT-TST-DT250,ok,,codigo;element_id;unique_id;path
P10-EXT-MND-M250A,282656,a027b4da-4e9c-44ad-b607-5fb48d4c7061-00045020,P10 > P10-EXT-LGC-EXTRACCION > P10-EXT-TST-DT250,ok,,codigo;element_id;unique_id;path
P10-EXT-RDC-RDT250,282656,a027b4da-4e9c-44ad-b607-5fb48d4c7061-00045020,P10 > P10-EXT-LGC-EXTRACCION > P10-EXT-TST-DT250,ok,,codigo;element_id;unique_id;path
P10-EXT-BMB-P250,282656,a027b4da-4e9c-44ad-b607-5fb48d4c7061-00045020,P10 > P10-EXT-LGC-EXTRACCION > P10-EXT-TST-DT250,ok,,codigo;element_id;unique_id;path
P10-EXT-TNQ-V480,282656,a027b4da-4e9c-44ad-b607-5fb48d4c7061-00045020,P10 > P10-EXT-LGC-EXTRACCION > P10-EXT-TST-DT250,ok,,codigo;element_id;unique_id;path
P10-EXT-BMB-P490,282656,a027b4da-4e9c-44ad-b607-5fb48d4c7061-00045020,P10 > P10-EXT-LGC-EXTRACCION > P10-EXT-TST-DT250,ok,,codigo;element_id;unique_id;path
P10-EXT-BMB-P481,282656,a027b4da-4e9c-44ad-b607-5fb48d4c7061-00045020,P10 > P10-EXT-LGC-EXTRACCION > P10-EXT-TST-DT250,ok,,codigo;element_id;unique_id;path
P10-EXT-BMB-P482,282656,a027b4da-4e9c-44ad-b607-5fb48d4c7061-00045020,P10 > P10-EXT-LGC-EXTRACCION > P10-EXT-TST-DT250,ok,,codigo;element_id;unique_id;path
P10-EXT-TNQ-V262,282656,a027b4da-4e9c-44ad-b607-5fb48d4c7061-00045020,P10 > P10-EXT-LGC-EXTRACCION > P10-EXT-TST-DT250,ok,,codigo;element_id;unique_id;path
P10-EXT-TNQ-V475,282656,a027b4da-4e9c-44ad-b607-5fb48d4c7061-00045020,P10 > P10-EXT-LGC-EXTRACCION > P10-EXT-TST-DT250,ok,,codigo;element_id;unique_id;path
P10-EXT-VLV-SOV250,282656,a027b4da-4e9c-44ad-b607-5fb48d4c7061-00045020,P10 > P10-EXT-LGC-EXTRACCION > P10-EXT-TST-DT250,ok,,codigo;element_id;unique_id;path
P10-EXT-VLV-RV255A,282656,a027b4da-4e9c-44ad-b607-5fb48d4c7061-00045020,P10 > P10-EXT-LGC-EXTRACCION > P10-EXT-TST-DT250,ok,,codigo;element_id;unique_id;path
P10-EXT-VLV-RV255B,282656,a027b4da-4e9c-44ad-b607-5fb48d4c7061-00045020,P10 > P10-EXT-LGC-EXTRACCION > P10-EXT-TST-DT250,ok,,codigo;element_id;unique_id;path
P10-EXT-VLV-RV256A,282656,a027b4da-4e9c-44ad-b607-5fb48d4c7061-00045020,P10 > P10-EXT-LGC-EXTRACCION > P10-EXT-TST-DT250,ok,,codigo;element_id;unique_id;path
P10-EXT-VLV-RV256B,282656,a027b4da-4e9c-44ad-b607-5fb48d4c7061-00045020,P10 > P10-EXT-LGC-EXTRACCION > P10-EXT-TST-DT250,ok,,codigo;element_id;unique_id;path
P10-EXT-VLV-RV257A,282656,a027b4da-4e9c-44ad-b607-5fb48d4c7061-00045020,P10 > P10-EXT-LGC-EXTRACCION > P10-EXT-TST-DT250,ok,,codigo;element_id;unique_id;path
P10-EXT-VLV-RV257B,282656,a027b4da-4e9c-44ad-b607-5fb48d4c7061-00045020,P10 > P10-EXT-LGC-EXTRACCION > P10-EXT-TST-DT250,ok,,codigo;element_id;unique_id;path
P10-EXT-VLV-RV258A,282656,a027b4da-4e9c-44ad-b607-5fb48d4c7061-00045020,P10 > P10-EXT-LGC-EXTRACCION > P10-EXT-TST-DT250,ok,,codigo;element_id;unique_id;path
P10-EXT-VLV-RV258B,282656,a027b4da-4e9c-44ad-b607-5fb48d4c7061-00045020,P10 > P10-EXT-LGC-EXTRACCION > P10-EXT-TST-DT250,ok,,codigo;element_id;unique_id;path
P10-EXT-VLV-RV259,282656,a027b4da-4e9c-44ad-b607-5fb48d4c7061-00045020,P10 > P10-EXT-LGC-EXTRACCION > P10-EXT-TST-DT250,ok,,codigo;element_id;unique_id;path
P10-EXT-VLV-RV260,282656,a027b4da-4e9c-44ad-b607-5fb48d4c7061-00045020,P10 > P10-EXT-LGC-EXTRACCION > P10-EXT-TST-DT250,ok,,codigo;element_id;unique_id;path
P10-EXT-VLV-SOV252,282656,a027b4da-4e9c-44ad-b607-5fb48d4c7061-00045020,P10 > P10-EXT-LGC-EXTRACCION > P10-EXT-TST-DT250,ok,,codigo;element_id;unique_id;path
P10-HRN-VLV-VGG01,385885,905be7f4-0c46-42ea-a443-0fdea469e6f3-0005e35d,P10 > P10-HRN-LGC-HARINA > P10-HRN-CNT-C04,ok,,codigo;element_id;unique_id;path
P10-HRN-VLV-VGH01,385885,905be7f4-0c46-42ea-a443-0fdea469e6f3-0005e35d,P10 > P10-HRN-LGC-HARINA > P10-HRN-CNT-C04,ok,,codigo;element_id;unique_id;path
P10-HRN-MLN-M01,227678,25d0f85d-57da-4cae-8ca2-9b682363407e-0003795e,P10 > P10-HRN-LGC-HARINA > P10-HRN-LGC-MOLINOS,ok,,codigo;element_id;unique_id;path
P10-HRN-ALM-MA01,227678,25d0f85d-57da-4cae-8ca2-9b682363407e-0003795e,P10 > P10-HRN-LGC-HARINA > P10-HRN-LGC-MOLINOS,ok,,codigo;element_id;unique_id;path
P10-HRN-RSC-MSF01,227678,25d0f85d-57da-4cae-8ca2-9b682363407e-0003795e,P10 > P10-HRN-LGC-HARINA > P10-HRN-LGC-MOLINOS,ok,,codigo;element_id;unique_id;path
P10-HRN-MLN-M02,227678,25d0f85d-57da-4cae-8ca2-9b682363407e-0003795e,P10 > P10-HRN-LGC-HARINA > P10-HRN-LGC-MOLINOS,ok,,codigo;element_id;unique_id;path
P10-HRN-ALM-MA02,227678,25d0f85d-57da-4cae-8ca2-9b682363407e-0003795e,P10 > P10-HRN-LGC-HARINA > P10-HRN-LGC-MOLINOS,ok,,codigo;element_id;unique_id;path
P10-HRN-RSC-MSF02,227678,25d0f85d-57da-4cae-8ca2-9b682363407e-0003795e,P10 > P10-HRN-LGC-HARINA > P10-HRN-LGC-MOLINOS,ok,,codigo;element_id;unique_id;path
P10-HRN-MLN-M03,227678,25d0f85d-57da-4cae-8ca2-9b682363407e-0003795e,P10 > P10-HRN-LGC-HARINA > P10-HRN-LGC-MOLINOS,ok,,codigo;element_id;unique_id;path
P10-HRN-ALM-MA03,227678,25d0f85d-57da-4cae-8ca2-9b682363407e-0003795e,P10 > P10-HRN-LGC-HARINA > P10-HRN-LGC-MOLINOS,ok,,codigo;element_id;unique_id;path
P10-HRN-RSC-MSF03,227678,25d0f85d-57da-4cae-8ca2-9b682363407e-0003795e,P10 > P10-HRN-LGC-HARINA > P10-HRN-LGC-MOLINOS,ok,,codigo;element_id;unique_id;path
P10-HRN-NOR-N03,380586,ddbef6d8-5146-4ece-9a6f-82caaca14519-0005ceaa,P10 > P10-HRN-LGC-HARINA > P10-HRN-LGC-NORIAS,ok,,codigo;element_id;unique_id;path
P10-HRN-NOR-N04,380586,ddbef6d8-5146-4ece-9a6f-82caaca14519-0005ceaa,P10 > P10-HRN-LGC-HARINA > P10-HRN-LGC-NORIAS,ok,,codigo;element_id;unique_id;path
P10-HRN-NOR-N05,380586,ddbef6d8-5146-4ece-9a6f-82caaca14519-0005ceaa,P10 > P10-HRN-LGC-HARINA > P10-HRN-LGC-NORIAS,ok,,codigo;element_id;unique_id;path
P10-HRN-MNL-NML05,380586,ddbef6d8-5146-4ece-9a6f-82caaca14519-0005ceaa,P10 > P10-HRN-LGC-HARINA > P10-HRN-LGC-NORIAS,ok,,codigo;element_id;unique_id;path
P10-HRN-RSC-SF04,358462,1dd21141-8de6-4d43-b824-f67da67065de-0005783e,P10 > P10-HRN-LGC-HARINA > P10-HRN-LGC-SEC. ROTATIVOS > P10-HRN-SRT-SR01,ok,,codigo;element_id;unique_id;path
P10-HRN-VLV-VALV,358462,1dd21141-8de6-4d43-b824-f67da67065de-0005783e,P10 > P10-HRN-LGC-HARINA > P10-HRN-LGC-SEC. ROTATIVOS > P10-HRN-SRT-SR01,ok,,codigo;element_id;unique_id;path
P10-HRN-RSC-SF05,358495,1dd21141-8de6-4d43-b824-f67da67065de-0005785f,P10 > P10-HRN-LGC-HARINA > P10-HRN-LGC-SEC. ROTATIVOS > P10-HRN-SRT-SR02,ok,,codigo;element_id;unique_id;path
P10-HRN-BTD-BA01,380547,ddbef6d8-5146-4ece-9a6f-82caaca14519-0005ce83,P10 > P10-HRN-LGC-HARINA > P10-HRN-LGC-TAMIZADORES,ok,,codigo;element_id;unique_id;path
P10-HRN-RSC-SFBA01,380547,ddbef6d8-5146-4ece-9a6f-82caaca14519-0005ce83,P10 > P10-HRN-LGC-HARINA > P10-HRN-LGC-TAMIZADORES,ok,,codigo;element_id;unique_id;path
P10-HRN-RSC-BAA01,380547,ddbef6d8-5146-4ece-9a6f-82caaca14519-0005ce83,P10 > P10-HRN-LGC-HARINA > P10-HRN-LGC-TAMIZADORES,ok,,codigo;element_id;unique_id;path
P10-HRN-BTD-BA02,380547,ddbef6d8-5146-4ece-9a6f-82caaca14519-0005ce83,P10 > P10-HRN-LGC-HARINA > P10-HRN-LGC-TAMIZADORES,ok,,codigo;element_id;unique_id;path
P10-HRN-RSC-SFBA02,380547,ddbef6d8-5146-4ece-9a6f-82caaca14519-0005ce83,P10 > P10-HRN-LGC-HARINA > P10-HRN-LGC-TAMIZADORES,ok,,codigo;element_id;unique_id;path
P10-HRN-RSC-BAA02,380547,ddbef6d8-5146-4ece-9a6f-82caaca14519-0005ce83,P10 > P10-HRN-LGC-HARINA > P10-HRN-LGC-TAMIZADORES,ok,,codigo;element_id;unique_id;path
P10-HRN-BTD-BA03,380547,ddbef6d8-5146-4ece-9a6f-82caaca14519-0005ce83,P10 > P10-HRN-LGC-HARINA > P10-HRN-LGC-TAMIZADORES,ok,,codigo;element_id;unique_id;path
P10-HRN-RSC-SFBA03,380547,ddbef6d8-5146-4ece-9a6f-82caaca14519-0005ce83,P10 > P10-HRN-LGC-HARINA > P10-HRN-LGC-TAMIZADORES,ok,,codigo;element_id;unique_id;path
P10-HRN-RSC-BAA03,380547,ddbef6d8-5146-4ece-9a6f-82caaca14519-0005ce83,P10 > P10-HRN-LGC-HARINA > P10-HRN-LGC-TAMIZADORES,ok,,codigo;element_id;unique_id;path
P10-HRN-BTD-BA04,380547,ddbef6d8-5146-4ece-9a6f-82caaca14519-0005ce83,P10 > P10-HRN-LGC-HARINA > P10-HRN-LGC-TAMIZADORES,ok,,codigo;element_id;unique_id;path
P10-HRN-RSC-SFBA04,380547,ddbef6d8-5146-4ece-9a6f-82caaca14519-0005ce83,P10 > P10-HRN-LGC-HARINA > P10-HRN-LGC-TAMIZADORES,ok,,codigo;element_id;unique_id;path
P10-HRN-RSC-BAA04,380547,ddbef6d8-5146-4ece-9a6f-82caaca14519-0005ce83,P10 > P10-HRN-LGC-HARINA > P10-HRN-LGC-TAMIZADORES,ok,,codigo;element_id;unique_id;path
P10-HRN-BTD-BA05,380547,ddbef6d8-5146-4ece-9a6f-82caaca14519-0005ce83,P10 > P10-HRN-LGC-HARINA > P10-HRN-LGC-TAMIZADORES,ok,,codigo;element_id;unique_id;path
P10-HRN-RSC-SFBA05,380547,ddbef6d8-5146-4ece-9a6f-82caaca14519-0005ce83,P10 > P10-HRN-LGC-HARINA > P10-HRN-LGC-TAMIZADORES,ok,,codigo;element_id;unique_id;path
P10-HRN-RSC-BAA05,380547,ddbef6d8-5146-4ece-9a6f-82caaca14519-0005ce83,P10 > P10-HRN-LGC-HARINA > P10-HRN-LGC-TAMIZADORES,ok,,codigo;element_id;unique_id;path
P10-HRN-RSC-EGSF01,367888,460ebebf-e4ee-449a-900c-ab33de4c697f-00059d10,P10 > P10-HRN-LGC-HARINA > P10-HRN-ENF-EG01,ok,,codigo;element_id;unique_id;path
P10-HRN-RSC-EGSF02,367888,460ebebf-e4ee-449a-900c-ab33de4c697f-00059d10,P10 > P10-HRN-LGC-HARINA > P10-HRN-ENF-EG01,ok,,codigo;element_id;unique_id;path
P10-HRN-RSC-EGSF03,367888,460ebebf-e4ee-449a-900c-ab33de4c697f-00059d10,P10 > P10-HRN-LGC-HARINA > P10-HRN-ENF-EG01,ok,,codigo;element_id;unique_id;path
P10-HRN-RSC-EGSF04,367888,460ebebf-e4ee-449a-900c-ab33de4c697f-00059d10,P10 > P10-HRN-LGC-HARINA > P10-HRN-ENF-EG01,ok,,codigo;element_id;unique_id;path
P10-HRN-VNT-VE27,367888,460ebebf-e4ee-449a-900c-ab33de4c697f-00059d10,P10 > P10-HRN-LGC-HARINA > P10-HRN-ENF-EG01,ok,,codigo;element_id;unique_id;path
P10-HRN-CCL-CVE27,367888,460ebebf-e4ee-449a-900c-ab33de4c697f-00059d10,P10 > P10-HRN-LGC-HARINA > P10-HRN-ENF-EG01,ok,,codigo;element_id;unique_id;path
P10-HRN-VLV-VR20,367888,460ebebf-e4ee-449a-900c-ab33de4c697f-00059d10,P10 > P10-HRN-LGC-HARINA > P10-HRN-ENF-EG01,ok,,codigo;element_id;unique_id;path
P10-HRN-VNT-VE28,367888,460ebebf-e4ee-449a-900c-ab33de4c697f-00059d10,P10 > P10-HRN-LGC-HARINA > P10-HRN-ENF-EG01,ok,,codigo;element_id;unique_id;path
P10-HRN-CCL-CVE28,367888,460ebebf-e4ee-449a-900c-ab33de4c697f-00059d10,P10 > P10-HRN-LGC-HARINA > P10-HRN-ENF-EG01,ok,,codigo;element_id;unique_id;path
P10-HRN-VLV-VR21,367888,460ebebf-e4ee-449a-900c-ab33de4c697f-00059d10,P10 > P10-HRN-LGC-HARINA > P10-HRN-ENF-EG01,ok,,codigo;element_id;unique_id;path
P10-HRN-VNT-VE29,367888,460ebebf-e4ee-449a-900c-ab33de4c697f-00059d10,P10 > P10-HRN-LGC-HARINA > P10-HRN-ENF-EG01,ok,,codigo;element_id;unique_id;path
P10-HRN-CCL-CVE29,367888,460ebebf-e4ee-449a-900c-ab33de4c697f-00059d10,P10 > P10-HRN-LGC-HARINA > P10-HRN-ENF-EG01,ok,,codigo;element_id;unique_id;path
P10-HRN-VLV-VR22,367888,460ebebf-e4ee-449a-900c-ab33de4c697f-00059d10,P10 > P10-HRN-LGC-HARINA > P10-HRN-ENF-EG01,ok,,codigo;element_id;unique_id;path
P10-HRN-VNT-VE30,367888,460ebebf-e4ee-449a-900c-ab33de4c697f-00059d10,P10 > P10-HRN-LGC-HARINA > P10-HRN-ENF-EG01,ok,,codigo;element_id;unique_id;path
P10-HRN-CCL-CVE30,367888,460ebebf-e4ee-449a-900c-ab33de4c697f-00059d10,P10 > P10-HRN-LGC-HARINA > P10-HRN-ENF-EG01,ok,,codigo;element_id;unique_id;path
P10-HRN-VLV-VR23,367888,460ebebf-e4ee-449a-900c-ab33de4c697f-00059d10,P10 > P10-HRN-LGC-HARINA > P10-HRN-ENF-EG01,ok,,codigo;element_id;unique_id;path
P10-HRN-VNT-VE31,367888,460ebebf-e4ee-449a-900c-ab33de4c697f-00059d10,P10 > P10-HRN-LGC-HARINA > P10-HRN-ENF-EG01,ok,,codigo;element_id;unique_id;path
P10-HRN-CCL-CVE31,367888,460ebebf-e4ee-449a-900c-ab33de4c697f-00059d10,P10 > P10-HRN-LGC-HARINA > P10-HRN-ENF-EG01,ok,,codigo;element_id;unique_id;path
P10-HRN-VLV-VR24,367888,460ebebf-e4ee-449a-900c-ab33de4c697f-00059d10,P10 > P10-HRN-LGC-HARINA > P10-HRN-ENF-EG01,ok,,codigo;element_id;unique_id;path
P10-HRN-VNT-VE32,367888,460ebebf-e4ee-449a-900c-ab33de4c697f-00059d10,P10 > P10-HRN-LGC-HARINA > P10-HRN-ENF-EG01,ok,,codigo;element_id;unique_id;path
P10-HRN-CCL-CVE32,367888,460ebebf-e4ee-449a-900c-ab33de4c697f-00059d10,P10 > P10-HRN-LGC-HARINA > P10-HRN-ENF-EG01,ok,,codigo;element_id;unique_id;path
P10-HRN-VLV-VR25,367888,460ebebf-e4ee-449a-900c-ab33de4c697f-00059d10,P10 > P10-HRN-LGC-HARINA > P10-HRN-ENF-EG01,ok,,codigo;element_id;unique_id;path
P10-HRN-VNT-VE33,367888,460ebebf-e4ee-449a-900c-ab33de4c697f-00059d10,P10 > P10-HRN-LGC-HARINA > P10-HRN-ENF-EG01,ok,,codigo;element_id;unique_id;path
P10-HRN-CCL-CVE33,367888,460ebebf-e4ee-449a-900c-ab33de4c697f-00059d10,P10 > P10-HRN-LGC-HARINA > P10-HRN-ENF-EG01,ok,,codigo;element_id;unique_id;path
P10-HRN-VLV-VR26,367888,460ebebf-e4ee-449a-900c-ab33de4c697f-00059d10,P10 > P10-HRN-LGC-HARINA > P10-HRN-ENF-EG01,ok,,codigo;element_id;unique_id;path
P10-HRN-VNT-VE34,367888,460ebebf-e4ee-449a-900c-ab33de4c697f-00059d10,P10 > P10-HRN-LGC-HARINA > P10-HRN-ENF-EG01,ok,,codigo;element_id;unique_id;path
P10-HRN-CCL-CVE34,367888,460ebebf-e4ee-449a-900c-ab33de4c697f-00059d10,P10 > P10-HRN-LGC-HARINA > P10-HRN-ENF-EG01,ok,,codigo;element_id;unique_id;path
P10-HRN-VLV-VR27,367888,460ebebf-e4ee-449a-900c-ab33de4c697f-00059d10,P10 > P10-HRN-LGC-HARINA > P10-HRN-ENF-EG01,ok,,codigo;element_id;unique_id;path
P10-HRN-VNT-VE39,367888,460ebebf-e4ee-449a-900c-ab33de4c697f-00059d10,P10 > P10-HRN-LGC-HARINA > P10-HRN-ENF-EG01,ok,,codigo;element_id;unique_id;path
P10-HRN-ART-ARTVE39,367888,460ebebf-e4ee-449a-900c-ab33de4c697f-00059d10,P10 > P10-HRN-LGC-HARINA > P10-HRN-ENF-EG01,ok,,codigo;element_id;unique_id;path
P10-HRN-VNT-VE40,367888,460ebebf-e4ee-449a-900c-ab33de4c697f-00059d10,P10 > P10-HRN-LGC-HARINA > P10-HRN-ENF-EG01,ok,,codigo;element_id;unique_id;path
P10-HRN-ART-ARTVE40,367888,460ebebf-e4ee-449a-900c-ab33de4c697f-00059d10,P10 > P10-HRN-LGC-HARINA > P10-HRN-ENF-EG01,ok,,codigo;element_id;unique_id;path
P10-HRN-VNT-VE41,367888,460ebebf-e4ee-449a-900c-ab33de4c697f-00059d10,P10 > P10-HRN-LGC-HARINA > P10-HRN-ENF-EG01,ok,,codigo;element_id;unique_id;path
P10-HRN-ART-ARTVE41,367888,460ebebf-e4ee-449a-900c-ab33de4c697f-00059d10,P10 > P10-HRN-LGC-HARINA > P10-HRN-ENF-EG01,ok,,codigo;element_id;unique_id;path
P10-HRN-VNT-VE42,367888,460ebebf-e4ee-449a-900c-ab33de4c697f-00059d10,P10 > P10-HRN-LGC-HARINA > P10-HRN-ENF-EG01,ok,,codigo;element_id;unique_id;path
P10-HRN-ART-ARTVE42,367888,460ebebf-e4ee-449a-900c-ab33de4c697f-00059d10,P10 > P10-HRN-LGC-HARINA > P10-HRN-ENF-EG01,ok,,codigo;element_id;unique_id;path
P10-HRN-VNT-VE43,367888,460ebebf-e4ee-449a-900c-ab33de4c697f-00059d10,P10 > P10-HRN-LGC-HARINA > P10-HRN-ENF-EG01,ok,,codigo;element_id;unique_id;path
P10-HRN-ART-ARTVE43,367888,460ebebf-e4ee-449a-900c-ab33de4c697f-00059d10,P10 > P10-HRN-LGC-HARINA > P10-HRN-ENF-EG01,ok,,codigo;element_id;unique_id;path
P10-HRN-VNT-VE44,367888,460ebebf-e4ee-449a-900c-ab33de4c697f-00059d10,P10 > P10-HRN-LGC-HARINA > P10-HRN-ENF-EG01,ok,,codigo;element_id;unique_id;path
P10-HRN-ART-ARTVE44,367888,460ebebf-e4ee-449a-900c-ab33de4c697f-00059d10,P10 > P10-HRN-LGC-HARINA > P10-HRN-ENF-EG01,ok,,codigo;element_id;unique_id;path
P10-HRN-VNT-VE45,367888,460ebebf-e4ee-449a-900c-ab33de4c697f-00059d10,P10 > P10-HRN-LGC-HARINA > P10-HRN-ENF-EG01,ok,,codigo;element_id;unique_id;path
P10-HRN-ART-ARTVE45,367888,460ebebf-e4ee-449a-900c-ab33de4c697f-00059d10,P10 > P10-HRN-LGC-HARINA > P10-HRN-ENF-EG01,ok,,codigo;element_id;unique_id;path
P10-HRN-VNT-VE46,367888,460ebebf-e4ee-449a-900c-ab33de4c697f-00059d10,P10 > P10-HRN-LGC-HARINA > P10-HRN-ENF-EG01,ok,,codigo;element_id;unique_id;path
P10-HRN-ART-ARTVE46,367888,460ebebf-e4ee-449a-900c-ab33de4c697f-00059d10,P10 > P10-HRN-LGC-HARINA > P10-HRN-ENF-EG01,ok,,codigo;element_id;unique_id;path
P10-HRN-VNT-VE47,367888,460ebebf-e4ee-449a-900c-ab33de4c697f-00059d10,P10 > P10-HRN-LGC-HARINA > P10-HRN-ENF-EG01,ok,,codigo;element_id;unique_id;path
P10-HRN-ART-ARTVE47,367888,460ebebf-e4ee-449a-900c-ab33de4c697f-00059d10,P10 > P10-HRN-LGC-HARINA > P10-HRN-ENF-EG01,ok,,codigo;element_id;unique_id;path
P10-HRN-VNT-VE48,367888,460ebebf-e4ee-449a-900c-ab33de4c697f-00059d10,P10 > P10-HRN-LGC-HARINA > P10-HRN-ENF-EG01,ok,,codigo;element_id;unique_id;path
P10-HRN-ART-ARTVE48,367888,460ebebf-e4ee-449a-900c-ab33de4c697f-00059d10,P10 > P10-HRN-LGC-HARINA > P10-HRN-ENF-EG01,ok,,codigo;element_id;unique_id;path
P10-HRN-VNT-VE49,367888,460ebebf-e4ee-449a-900c-ab33de4c697f-00059d10,P10 > P10-HRN-LGC-HARINA > P10-HRN-ENF-EG01,ok,,codigo;element_id;unique_id;path
P10-HRN-ART-ARTVE49,367888,460ebebf-e4ee-449a-900c-ab33de4c697f-00059d10,P10 > P10-HRN-LGC-HARINA > P10-HRN-ENF-EG01,ok,,codigo;element_id;unique_id;path
P10-HRN-VNT-VE50,367888,460ebebf-e4ee-449a-900c-ab33de4c697f-00059d10,P10 > P10-HRN-LGC-HARINA > P10-HRN-ENF-EG01,ok,,codigo;element_id;unique_id;path
P10-HRN-ART-ARTVE50,367888,460ebebf-e4ee-449a-900c-ab33de4c697f-00059d10,P10 > P10-HRN-LGC-HARINA > P10-HRN-ENF-EG01,ok,,codigo;element_id;unique_id;path
P10-HRN-VNT-VE51,367888,460ebebf-e4ee-449a-900c-ab33de4c697f-00059d10,P10 > P10-HRN-LGC-HARINA > P10-HRN-ENF-EG01,ok,,codigo;element_id;unique_id;path
P10-HRN-ART-ARTVE51,367888,460ebebf-e4ee-449a-900c-ab33de4c697f-00059d10,P10 > P10-HRN-LGC-HARINA > P10-HRN-ENF-EG01,ok,,codigo;element_id;unique_id;path
P10-HRN-VNT-VE52,367888,460ebebf-e4ee-449a-900c-ab33de4c697f-00059d10,P10 > P10-HRN-LGC-HARINA > P10-HRN-ENF-EG01,ok,,codigo;element_id;unique_id;path
P10-HRN-ART-ARTVE52,367888,460ebebf-e4ee-449a-900c-ab33de4c697f-00059d10,P10 > P10-HRN-LGC-HARINA > P10-HRN-ENF-EG01,ok,,codigo;element_id;unique_id;path
P10-HRN-VNT-VE53,367888,460ebebf-e4ee-449a-900c-ab33de4c697f-00059d10,P10 > P10-HRN-LGC-HARINA > P10-HRN-ENF-EG01,ok,,codigo;element_id;unique_id;path
P10-HRN-ART-ARTVE53,367888,460ebebf-e4ee-449a-900c-ab33de4c697f-00059d10,P10 > P10-HRN-LGC-HARINA > P10-HRN-ENF-EG01,ok,,codigo;element_id;unique_id;path
P10-HRN-VNT-VE54,367888,460ebebf-e4ee-449a-900c-ab33de4c697f-00059d10,P10 > P10-HRN-LGC-HARINA > P10-HRN-ENF-EG01,ok,,codigo;element_id;unique_id;path
P10-HRN-ART-ARTVE54,367888,460ebebf-e4ee-449a-900c-ab33de4c697f-00059d10,P10 > P10-HRN-LGC-HARINA > P10-HRN-ENF-EG01,ok,,codigo;element_id;unique_id;path
P10-HRN-VNT-VE55,367888,460ebebf-e4ee-449a-900c-ab33de4c697f-00059d10,P10 > P10-HRN-LGC-HARINA > P10-HRN-ENF-EG01,ok,,codigo;element_id;unique_id;path
P10-HRN-ART-ARTVE55,367888,460ebebf-e4ee-449a-900c-ab33de4c697f-00059d10,P10 > P10-HRN-LGC-HARINA > P10-HRN-ENF-EG01,ok,,codigo;element_id;unique_id;path
P10-HRN-VNT-VE56,367888,460ebebf-e4ee-449a-900c-ab33de4c697f-00059d10,P10 > P10-HRN-LGC-HARINA > P10-HRN-ENF-EG01,ok,,codigo;element_id;unique_id;path
P10-HRN-ART-ARTVE56,367888,460ebebf-e4ee-449a-900c-ab33de4c697f-00059d10,P10 > P10-HRN-LGC-HARINA > P10-HRN-ENF-EG01,ok,,codigo;element_id;unique_id;path
P10-HRN-VNT-VE57,367888,460ebebf-e4ee-449a-900c-ab33de4c697f-00059d10,P10 > P10-HRN-LGC-HARINA > P10-HRN-ENF-EG01,ok,,codigo;element_id;unique_id;path
P10-HRN-ART-ARTVE57,367888,460ebebf-e4ee-449a-900c-ab33de4c697f-00059d10,P10 > P10-HRN-LGC-HARINA > P10-HRN-ENF-EG01,ok,,codigo;element_id;unique_id;path
P10-HRN-VNT-VE58,367888,460ebebf-e4ee-449a-900c-ab33de4c697f-00059d10,P10 > P10-HRN-LGC-HARINA > P10-HRN-ENF-EG01,ok,,codigo;element_id;unique_id;path
P10-HRN-ART-ARTVE58,367888,460ebebf-e4ee-449a-900c-ab33de4c697f-00059d10,P10 > P10-HRN-LGC-HARINA > P10-HRN-ENF-EG01,ok,,codigo;element_id;unique_id;path
P10-HRN-VNT-VE59,367888,460ebebf-e4ee-449a-900c-ab33de4c697f-00059d10,P10 > P10-HRN-LGC-HARINA > P10-HRN-ENF-EG01,ok,,codigo;element_id;unique_id;path
P10-HRN-ART-ARTVE59,367888,460ebebf-e4ee-449a-900c-ab33de4c697f-00059d10,P10 > P10-HRN-LGC-HARINA > P10-HRN-ENF-EG01,ok,,codigo;element_id;unique_id;path
P10-HRN-VNT-VE60,367888,460ebebf-e4ee-449a-900c-ab33de4c697f-00059d10,P10 > P10-HRN-LGC-HARINA > P10-HRN-ENF-EG01,ok,,codigo;element_id;unique_id;path
P10-HRN-ART-ARTVE60,367888,460ebebf-e4ee-449a-900c-ab33de4c697f-00059d10,P10 > P10-HRN-LGC-HARINA > P10-HRN-ENF-EG01,ok,,codigo;element_id;unique_id;path
P10-HRN-VNT-VE61,367888,460ebebf-e4ee-449a-900c-ab33de4c697f-00059d10,P10 > P10-HRN-LGC-HARINA > P10-HRN-ENF-EG01,ok,,codigo;element_id;unique_id;path
P10-HRN-ART-ARTVE61,367888,460ebebf-e4ee-449a-900c-ab33de4c697f-00059d10,P10 > P10-HRN-LGC-HARINA > P10-HRN-ENF-EG01,ok,,codigo;element_id;unique_id;path
P10-HRN-VNT-VE62,367888,460ebebf-e4ee-449a-900c-ab33de4c697f-00059d10,P10 > P10-HRN-LGC-HARINA > P10-HRN-ENF-EG01,ok,,codigo;element_id;unique_id;path
P10-HRN-ART-ARTVE62,367888,460ebebf-e4ee-449a-900c-ab33de4c697f-00059d10,P10 > P10-HRN-LGC-HARINA > P10-HRN-ENF-EG01,ok,,codigo;element_id;unique_id;path
P10-HRN-VNT-VE63,367888,460ebebf-e4ee-449a-900c-ab33de4c697f-00059d10,P10 > P10-HRN-LGC-HARINA > P10-HRN-ENF-EG01,ok,,codigo;element_id;unique_id;path
P10-HRN-ART-ARTVE63,367888,460ebebf-e4ee-449a-900c-ab33de4c697f-00059d10,P10 > P10-HRN-LGC-HARINA > P10-HRN-ENF-EG01,ok,,codigo;element_id;unique_id;path
P10-HRN-RSC-EGSF05,281487,a027b4da-4e9c-44ad-b607-5fb48d4c7061-00044b8f,P10 > P10-HRN-LGC-HARINA > P10-HRN-ENF-EG02,ok,,codigo;element_id;unique_id;path
P10-HRN-RSC-EGSF06,281487,a027b4da-4e9c-44ad-b607-5fb48d4c7061-00044b8f,P10 > P10-HRN-LGC-HARINA > P10-HRN-ENF-EG02,ok,,codigo;element_id;unique_id;path
P10-HRN-RSC-EGSF07,281487,a027b4da-4e9c-44ad-b607-5fb48d4c7061-00044b8f,P10 > P10-HRN-LGC-HARINA > P10-HRN-ENF-EG02,ok,,codigo;element_id;unique_id;path
P10-HRN-VNT-VE35,281487,a027b4da-4e9c-44ad-b607-5fb48d4c7061-00044b8f,P10 > P10-HRN-LGC-HARINA > P10-HRN-ENF-EG02,ok,,codigo;element_id;unique_id;path
P10-HRN-CCL-CVE35,281487,a027b4da-4e9c-44ad-b607-5fb48d4c7061-00044b8f,P10 > P10-HRN-LGC-HARINA > P10-HRN-ENF-EG02,ok,,codigo;element_id;unique_id;path
P10-HRN-VLV-VR28,281487,a027b4da-4e9c-44ad-b607-5fb48d4c7061-00044b8f,P10 > P10-HRN-LGC-HARINA > P10-HRN-ENF-EG02,ok,,codigo;element_id;unique_id;path
P10-HRN-VNT-VE36,281487,a027b4da-4e9c-44ad-b607-5fb48d4c7061-00044b8f,P10 > P10-HRN-LGC-HARINA > P10-HRN-ENF-EG02,ok,,codigo;element_id;unique_id;path
P10-HRN-CCL-CVE36,281487,a027b4da-4e9c-44ad-b607-5fb48d4c7061-00044b8f,P10 > P10-HRN-LGC-HARINA > P10-HRN-ENF-EG02,ok,,codigo;element_id;unique_id;path
P10-HRN-VLV-VR29,281487,a027b4da-4e9c-44ad-b607-5fb48d4c7061-00044b8f,P10 > P10-HRN-LGC-HARINA > P10-HRN-ENF-EG02,ok,,codigo;element_id;unique_id;path
P10-HRN-VNT-VE37,281487,a027b4da-4e9c-44ad-b607-5fb48d4c7061-00044b8f,P10 > P10-HRN-LGC-HARINA > P10-HRN-ENF-EG02,ok,,codigo;element_id;unique_id;path
P10-HRN-CCL-CVE37,281487,a027b4da-4e9c-44ad-b607-5fb48d4c7061-00044b8f,P10 > P10-HRN-LGC-HARINA > P10-HRN-ENF-EG02,ok,,codigo;element_id;unique_id;path
P10-HRN-VLV-VR30,281487,a027b4da-4e9c-44ad-b607-5fb48d4c7061-00044b8f,P10 > P10-HRN-LGC-HARINA > P10-HRN-ENF-EG02,ok,,codigo;element_id;unique_id;path
P10-HRN-VNT-VE38,281487,a027b4da-4e9c-44ad-b607-5fb48d4c7061-00044b8f,P10 > P10-HRN-LGC-HARINA > P10-HRN-ENF-EG02,ok,,codigo;element_id;unique_id;path
P10-HRN-CCL-CVE38,281487,a027b4da-4e9c-44ad-b607-5fb48d4c7061-00044b8f,P10 > P10-HRN-LGC-HARINA > P10-HRN-ENF-EG02,ok,,codigo;element_id;unique_id;path
P10-HRN-VLV-VR31,281487,a027b4da-4e9c-44ad-b607-5fb48d4c7061-00044b8f,P10 > P10-HRN-LGC-HARINA > P10-HRN-ENF-EG02,ok,,codigo;element_id;unique_id;path
P10-PRP-ENF-EE01,281220,a027b4da-4e9c-44ad-b607-5fb48d4c7061-00044a84,P10 > P10-PRP-LGC-PREPARACION > P10-PRP-LGC-EXPANDIDO,ok,,codigo;element_id;unique_id;path
P10-PRP-VLV-VREE1,281220,a027b4da-4e9c-44ad-b607-5fb48d4c7061-00044a84,P10 > P10-PRP-LGC-PREPARACION > P10-PRP-LGC-EXPANDIDO,ok,,codigo;element_id;unique_id;path
P10-PRP-VNT-VE21,281220,a027b4da-4e9c-44ad-b607-5fb48d4c7061-00044a84,P10 > P10-PRP-LGC-PREPARACION > P10-PRP-LGC-EXPANDIDO,ok,,codigo;element_id;unique_id;path
P10-PRP-VNT-VE22,281220,a027b4da-4e9c-44ad-b607-5fb48d4c7061-00044a84,P10 > P10-PRP-LGC-PREPARACION > P10-PRP-LGC-EXPANDIDO,ok,,codigo;element_id;unique_id;path
P10-PRP-VNT-VE23,281220,a027b4da-4e9c-44ad-b607-5fb48d4c7061-00044a84,P10 > P10-PRP-LGC-PREPARACION > P10-PRP-LGC-EXPANDIDO,ok,,codigo;element_id;unique_id;path
P10-PRP-VNT-VE24,281220,a027b4da-4e9c-44ad-b607-5fb48d4c7061-00044a84,P10 > P10-PRP-LGC-PREPARACION > P10-PRP-LGC-EXPANDIDO,ok,,codigo;element_id;unique_id;path
P10-PRP-VNT-VE25,281220,a027b4da-4e9c-44ad-b607-5fb48d4c7061-00044a84,P10 > P10-PRP-LGC-PREPARACION > P10-PRP-LGC-EXPANDIDO,ok,,codigo;element_id;unique_id;path
P10-PRP-VNT-VE26,281220,a027b4da-4e9c-44ad-b607-5fb48d4c7061-00044a84,P10 > P10-PRP-LGC-PREPARACION > P10-PRP-LGC-EXPANDIDO,ok,,codigo;element_id;unique_id;path
P10-PRP-VNT-VTEE01,281220,a027b4da-4e9c-44ad-b607-5fb48d4c7061-00044a84,P10 > P10-PRP-LGC-PREPARACION > P10-PRP-LGC-EXPANDIDO,ok,,codigo;element_id;unique_id;path
P10-PRP-ENF-EE02,281220,a027b4da-4e9c-44ad-b607-5fb48d4c7061-00044a84,P10 > P10-PRP-LGC-PREPARACION > P10-PRP-LGC-EXPANDIDO,ok,,codigo;element_id;unique_id;path
P10-PRP-VLV-VREE2,281220,a027b4da-4e9c-44ad-b607-5fb48d4c7061-00044a84,P10 > P10-PRP-LGC-PREPARACION > P10-PRP-LGC-EXPANDIDO,ok,,codigo;element_id;unique_id;path
P10-PRP-VNT-VE15,281220,a027b4da-4e9c-44ad-b607-5fb48d4c7061-00044a84,P10 > P10-PRP-LGC-PREPARACION > P10-PRP-LGC-EXPANDIDO,ok,,codigo;element_id;unique_id;path
P10-PRP-VNT-VE16,281220,a027b4da-4e9c-44ad-b607-5fb48d4c7061-00044a84,P10 > P10-PRP-LGC-PREPARACION > P10-PRP-LGC-EXPANDIDO,ok,,codigo;element_id;unique_id;path
P10-PRP-VNT-VE17,281220,a027b4da-4e9c-44ad-b607-5fb48d4c7061-00044a84,P10 > P10-PRP-LGC-PREPARACION > P10-PRP-LGC-EXPANDIDO,ok,,codigo;element_id;unique_id;path
P10-PRP-VNT-VE18,281220,a027b4da-4e9c-44ad-b607-5fb48d4c7061-00044a84,P10 > P10-PRP-LGC-PREPARACION > P10-PRP-LGC-EXPANDIDO,ok,,codigo;element_id;unique_id;path
P10-PRP-VNT-VE19,281220,a027b4da-4e9c-44ad-b607-5fb48d4c7061-00044a84,P10 > P10-PRP-LGC-PREPARACION > P10-PRP-LGC-EXPANDIDO,ok,,codigo;element_id;unique_id;path
P10-PRP-VNT-VE20,281220,a027b4da-4e9c-44ad-b607-5fb48d4c7061-00044a84,P10 > P10-PRP-LGC-PREPARACION > P10-PRP-LGC-EXPANDIDO,ok,,codigo;element_id;unique_id;path
P10-PRP-VNT-VTEE02,281220,a027b4da-4e9c-44ad-b607-5fb48d4c7061-00044a84,P10 > P10-PRP-LGC-PREPARACION > P10-PRP-LGC-EXPANDIDO,ok,,codigo;element_id;unique_id;path
P10-PRP-EXP-E01,281220,a027b4da-4e9c-44ad-b607-5fb48d4c7061-00044a84,P10 > P10-PRP-LGC-PREPARACION > P10-PRP-LGC-EXPANDIDO,ok,,codigo;element_id;unique_id;path
P10-PRP-ALM-AE01,281220,a027b4da-4e9c-44ad-b607-5fb48d4c7061-00044a84,P10 > P10-PRP-LGC-PREPARACION > P10-PRP-LGC-EXPANDIDO,ok,,codigo;element_id;unique_id;path
P10-PRP-BMB-EBLI01,281220,a027b4da-4e9c-44ad-b607-5fb48d4c7061-00044a84,P10 > P10-PRP-LGC-PREPARACION > P10-PRP-LGC-EXPANDIDO,ok,,codigo;element_id;unique_id;path
P10-PRP-BMB-EBLE01,281220,a027b4da-4e9c-44ad-b607-5fb48d4c7061-00044a84,P10 > P10-PRP-LGC-PREPARACION > P10-PRP-LGC-EXPANDIDO,ok,,codigo;element_id;unique_id;path
P10-PRP-VNT-VRA01,281220,a027b4da-4e9c-44ad-b607-5fb48d4c7061-00044a84,P10 > P10-PRP-LGC-PREPARACION > P10-PRP-LGC-EXPANDIDO,ok,,codigo;element_id;unique_id;path
P10-PRP-EXP-E02,281220,a027b4da-4e9c-44ad-b607-5fb48d4c7061-00044a84,P10 > P10-PRP-LGC-PREPARACION > P10-PRP-LGC-EXPANDIDO,ok,,codigo;element_id;unique_id;path
P10-PRP-ALM-AE02,281220,a027b4da-4e9c-44ad-b607-5fb48d4c7061-00044a84,P10 > P10-PRP-LGC-PREPARACION > P10-PRP-LGC-EXPANDIDO,ok,,codigo;element_id;unique_id;path
P10-PRP-BMB-EBLI02,281220,a027b4da-4e9c-44ad-b607-5fb48d4c7061-00044a84,P10 > P10-PRP-LGC-PREPARACION > P10-PRP-LGC-EXPANDIDO,ok,,codigo;element_id;unique_id;path
P10-PRP-BMB-EBLE02,281220,a027b4da-4e9c-44ad-b607-5fb48d4c7061-00044a84,P10 > P10-PRP-LGC-PREPARACION > P10-PRP-LGC-EXPANDIDO,ok,,codigo;element_id;unique_id;path
P10-PRP-VNT-VRA02,281220,a027b4da-4e9c-44ad-b607-5fb48d4c7061-00044a84,P10 > P10-PRP-LGC-PREPARACION > P10-PRP-LGC-EXPANDIDO,ok,,codigo;element_id;unique_id;path
P10-PRP-EXP-E03,281220,a027b4da-4e9c-44ad-b607-5fb48d4c7061-00044a84,P10 > P10-PRP-LGC-PREPARACION > P10-PRP-LGC-EXPANDIDO,ok,,codigo;element_id;unique_id;path
P10-PRP-ALM-AE03,281220,a027b4da-4e9c-44ad-b607-5fb48d4c7061-00044a84,P10 > P10-PRP-LGC-PREPARACION > P10-PRP-LGC-EXPANDIDO,ok,,codigo;element_id;unique_id;path
P10-PRP-BMB-EBLI03,281220,a027b4da-4e9c-44ad-b607-5fb48d4c7061-00044a84,P10 > P10-PRP-LGC-PREPARACION > P10-PRP-LGC-EXPANDIDO,ok,,codigo;element_id;unique_id;path
P10-PRP-BMB-EBLE03,281220,a027b4da-4e9c-44ad-b607-5fb48d4c7061-00044a84,P10 > P10-PRP-LGC-PREPARACION > P10-PRP-LGC-EXPANDIDO,ok,,codigo;element_id;unique_id;path
P10-PRP-VNT-VRA03,281220,a027b4da-4e9c-44ad-b607-5fb48d4c7061-00044a84,P10 > P10-PRP-LGC-PREPARACION > P10-PRP-LGC-EXPANDIDO,ok,,codigo;element_id;unique_id;path
P10-PRP-EXP-E04,281220,a027b4da-4e9c-44ad-b607-5fb48d4c7061-00044a84,P10 > P10-PRP-LGC-PREPARACION > P10-PRP-LGC-EXPANDIDO,ok,,codigo;element_id;unique_id;path
P10-PRP-ALM-AE04,281220,a027b4da-4e9c-44ad-b607-5fb48d4c7061-00044a84,P10 > P10-PRP-LGC-PREPARACION > P10-PRP-LGC-EXPANDIDO,ok,,codigo;element_id;unique_id;path
P10-PRP-BMB-EBLI04,281220,a027b4da-4e9c-44ad-b607-5fb48d4c7061-00044a84,P10 > P10-PRP-LGC-PREPARACION > P10-PRP-LGC-EXPANDIDO,ok,,codigo;element_id;unique_id;path
P10-PRP-BMB-EBLE04,281220,a027b4da-4e9c-44ad-b607-5fb48d4c7061-00044a84,P10 > P10-PRP-LGC-PREPARACION > P10-PRP-LGC-EXPANDIDO,ok,,codigo;element_id;unique_id;path
P10-PRP-VNT-VRA04,281220,a027b4da-4e9c-44ad-b607-5fb48d4c7061-00044a84,P10 > P10-PRP-LGC-PREPARACION > P10-PRP-LGC-EXPANDIDO,ok,,codigo;element_id;unique_id;path
P10-PRP-EXP-E05,281220,a027b4da-4e9c-44ad-b607-5fb48d4c7061-00044a84,P10 > P10-PRP-LGC-PREPARACION > P10-PRP-LGC-EXPANDIDO,ok,,codigo;element_id;unique_id;path
P10-PRP-ALM-AE05,281220,a027b4da-4e9c-44ad-b607-5fb48d4c7061-00044a84,P10 > P10-PRP-LGC-PREPARACION > P10-PRP-LGC-EXPANDIDO,ok,,codigo;element_id;unique_id;path
P10-PRP-BMB-EBLI05,281220,a027b4da-4e9c-44ad-b607-5fb48d4c7061-00044a84,P10 > P10-PRP-LGC-PREPARACION > P10-PRP-LGC-EXPANDIDO,ok,,codigo;element_id;unique_id;path
P10-PRP-BMB-EBLE05,281220,a027b4da-4e9c-44ad-b607-5fb48d4c7061-00044a84,P10 > P10-PRP-LGC-PREPARACION > P10-PRP-LGC-EXPANDIDO,ok,,codigo;element_id;unique_id;path
P10-PRP-VNT-VRA05,281220,a027b4da-4e9c-44ad-b607-5fb48d4c7061-00044a84,P10 > P10-PRP-LGC-PREPARACION > P10-PRP-LGC-EXPANDIDO,ok,,codigo;element_id;unique_id;path
P10-PRP-EXP-E06,281220,a027b4da-4e9c-44ad-b607-5fb48d4c7061-00044a84,P10 > P10-PRP-LGC-PREPARACION > P10-PRP-LGC-EXPANDIDO,ok,,codigo;element_id;unique_id;path
P10-PRP-ALM-AE06,281220,a027b4da-4e9c-44ad-b607-5fb48d4c7061-00044a84,P10 > P10-PRP-LGC-PREPARACION > P10-PRP-LGC-EXPANDIDO,ok,,codigo;element_id;unique_id;path
P10-PRP-BMB-EBLI06,281220,a027b4da-4e9c-44ad-b607-5fb48d4c7061-00044a84,P10 > P10-PRP-LGC-PREPARACION > P10-PRP-LGC-EXPANDIDO,ok,,codigo;element_id;unique_id;path
P10-PRP-BMB-EBLE06,281220,a027b4da-4e9c-44ad-b607-5fb48d4c7061-00044a84,P10 > P10-PRP-LGC-PREPARACION > P10-PRP-LGC-EXPANDIDO,ok,,codigo;element_id;unique_id;path
P10-PRP-VNT-VRA06,281220,a027b4da-4e9c-44ad-b607-5fb48d4c7061-00044a84,P10 > P10-PRP-LGC-PREPARACION > P10-PRP-LGC-EXPANDIDO,ok,,codigo;element_id;unique_id;path
P10-PRP-RSC-SF10,281220,a027b4da-4e9c-44ad-b607-5fb48d4c7061-00044a84,P10 > P10-PRP-LGC-PREPARACION > P10-PRP-LGC-EXPANDIDO,ok,,codigo;element_id;unique_id;path
P10-PRP-CHD-LCH01,281343,a027b4da-4e9c-44ad-b607-5fb48d4c7061-00044aff,P10 > P10-PRP-LGC-PREPARACION > P10-PRP-LGC-LAMINADORES,ok,,codigo;element_id;unique_id;path
P10-PRP-CHD-LCH02,281343,a027b4da-4e9c-44ad-b607-5fb48d4c7061-00044aff,P10 > P10-PRP-LGC-PREPARACION > P10-PRP-LGC-LAMINADORES,ok,,codigo;element_id;unique_id;path
P10-PRP-CHD-LCH03,281343,a027b4da-4e9c-44ad-b607-5fb48d4c7061-00044aff,P10 > P10-PRP-LGC-PREPARACION > P10-PRP-LGC-LAMINADORES,ok,,codigo;element_id;unique_id;path
P10-PRP-CHD-LCH04,281343,a027b4da-4e9c-44ad-b607-5fb48d4c7061-00044aff,P10 > P10-PRP-LGC-PREPARACION > P10-PRP-LGC-LAMINADORES,ok,,codigo;element_id;unique_id;path
P10-PRP-LMN-LF01,281343,a027b4da-4e9c-44ad-b607-5fb48d4c7061-00044aff,P10 > P10-PRP-LGC-PREPARACION > P10-PRP-LGC-LAMINADORES,ok,,codigo;element_id;unique_id;path
P10-PRP-ALM-ALF01,281343,a027b4da-4e9c-44ad-b607-5fb48d4c7061-00044aff,P10 > P10-PRP-LGC-PREPARACION > P10-PRP-LGC-LAMINADORES,ok,,codigo;element_id;unique_id;path
P10-PRP-CHD-LFBH01,281343,a027b4da-4e9c-44ad-b607-5fb48d4c7061-00044aff,P10 > P10-PRP-LGC-PREPARACION > P10-PRP-LGC-LAMINADORES,ok,,codigo;element_id;unique_id;path
P10-PRP-LMN-L01,281343,a027b4da-4e9c-44ad-b607-5fb48d4c7061-00044aff,P10 > P10-PRP-LGC-PREPARACION > P10-PRP-LGC-LAMINADORES,ok,,codigo;element_id;unique_id;path
P10-PRP-ALM-AL01,281343,a027b4da-4e9c-44ad-b607-5fb48d4c7061-00044aff,P10 > P10-PRP-LGC-PREPARACION > P10-PRP-LGC-LAMINADORES,ok,,codigo;element_id;unique_id;path
P10-PRP-LMN-L02,281343,a027b4da-4e9c-44ad-b607-5fb48d4c7061-00044aff,P10 > P10-PRP-LGC-PREPARACION > P10-PRP-LGC-LAMINADORES,ok,,codigo;element_id;unique_id;path
P10-PRP-ALM-AL02,281343,a027b4da-4e9c-44ad-b607-5fb48d4c7061-00044aff,P10 > P10-PRP-LGC-PREPARACION > P10-PRP-LGC-LAMINADORES,ok,,codigo;element_id;unique_id;path
P10-PRP-LMN-L03,281343,a027b4da-4e9c-44ad-b607-5fb48d4c7061-00044aff,P10 > P10-PRP-LGC-PREPARACION > P10-PRP-LGC-LAMINADORES,ok,,codigo;element_id;unique_id;path
P10-PRP-ALM-AL03,281343,a027b4da-4e9c-44ad-b607-5fb48d4c7061-00044aff,P10 > P10-PRP-LGC-PREPARACION > P10-PRP-LGC-LAMINADORES,ok,,codigo;element_id;unique_id;path
P10-PRP-LMN-L04,281343,a027b4da-4e9c-44ad-b607-5fb48d4c7061-00044aff,P10 > P10-PRP-LGC-PREPARACION > P10-PRP-LGC-LAMINADORES,ok,,codigo;element_id;unique_id;path
P10-PRP-ALM-AL04,281343,a027b4da-4e9c-44ad-b607-5fb48d4c7061-00044aff,P10 > P10-PRP-LGC-PREPARACION > P10-PRP-LGC-LAMINADORES,ok,,codigo;element_id;unique_id;path
P10-PRP-LMN-L05,281343,a027b4da-4e9c-44ad-b607-5fb48d4c7061-00044aff,P10 > P10-PRP-LGC-PREPARACION > P10-PRP-LGC-LAMINADORES,ok,,codigo;element_id;unique_id;path
P10-PRP-ALM-AL05,281343,a027b4da-4e9c-44ad-b607-5fb48d4c7061-00044aff,P10 > P10-PRP-LGC-PREPARACION > P10-PRP-LGC-LAMINADORES,ok,,codigo;element_id;unique_id;path
P10-PRP-LMN-L06,281343,a027b4da-4e9c-44ad-b607-5fb48d4c7061-00044aff,P10 > P10-PRP-LGC-PREPARACION > P10-PRP-LGC-LAMINADORES,ok,,codigo;element_id;unique_id;path
P10-PRP-ALM-AL06,281343,a027b4da-4e9c-44ad-b607-5fb48d4c7061-00044aff,P10 > P10-PRP-LGC-PREPARACION > P10-PRP-LGC-LAMINADORES,ok,,codigo;element_id;unique_id;path
P10-PRP-LMN-L07,281343,a027b4da-4e9c-44ad-b607-5fb48d4c7061-00044aff,P10 > P10-PRP-LGC-PREPARACION > P10-PRP-LGC-LAMINADORES,ok,,codigo;element_id;unique_id;path
P10-PRP-ALM-AL07,281343,a027b4da-4e9c-44ad-b607-5fb48d4c7061-00044aff,P10 > P10-PRP-LGC-PREPARACION > P10-PRP-LGC-LAMINADORES,ok,,codigo;element_id;unique_id;path
P10-PRP-LMN-L08,281343,a027b4da-4e9c-44ad-b607-5fb48d4c7061-00044aff,P10 > P10-PRP-LGC-PREPARACION > P10-PRP-LGC-LAMINADORES,ok,,codigo;element_id;unique_id;path
P10-PRP-ALM-AL08,281343,a027b4da-4e9c-44ad-b607-5fb48d4c7061-00044aff,P10 > P10-PRP-LGC-PREPARACION > P10-PRP-LGC-LAMINADORES,ok,,codigo;element_id;unique_id;path
P10-PRP-LMN-L09,281343,a027b4da-4e9c-44ad-b607-5fb48d4c7061-00044aff,P10 > P10-PRP-LGC-PREPARACION > P10-PRP-LGC-LAMINADORES,ok,,codigo;element_id;unique_id;path
P10-PRP-ALM-AL09,281343,a027b4da-4e9c-44ad-b607-5fb48d4c7061-00044aff,P10 > P10-PRP-LGC-PREPARACION > P10-PRP-LGC-LAMINADORES,ok,,codigo;element_id;unique_id;path
P10-PRP-LMN-L10,281343,a027b4da-4e9c-44ad-b607-5fb48d4c7061-00044aff,P10 > P10-PRP-LGC-PREPARACION > P10-PRP-LGC-LAMINADORES,ok,,codigo;element_id;unique_id;path
P10-PRP-ALM-AL10,281343,a027b4da-4e9c-44ad-b607-5fb48d4c7061-00044aff,P10 > P10-PRP-LGC-PREPARACION > P10-PRP-LGC-LAMINADORES,ok,,codigo;element_id;unique_id;path
P10-PRP-LMN-L11,281343,a027b4da-4e9c-44ad-b607-5fb48d4c7061-00044aff,P10 > P10-PRP-LGC-PREPARACION > P10-PRP-LGC-LAMINADORES,ok,,codigo;element_id;unique_id;path
P10-PRP-ALM-AL11,281343,a027b4da-4e9c-44ad-b607-5fb48d4c7061-00044aff,P10 > P10-PRP-LGC-PREPARACION > P10-PRP-LGC-LAMINADORES,ok,,codigo;element_id;unique_id;path
P10-PRP-LMN-L12,281343,a027b4da-4e9c-44ad-b607-5fb48d4c7061-00044aff,P10 > P10-PRP-LGC-PREPARACION > P10-PRP-LGC-LAMINADORES,ok,,codigo;element_id;unique_id;path
P10-PRP-ALM-AL12,281343,a027b4da-4e9c-44ad-b607-5fb48d4c7061-00044aff,P10 > P10-PRP-LGC-PREPARACION > P10-PRP-LGC-LAMINADORES,ok,,codigo;element_id;unique_id;path
P10-PRP-LMN-L13,281343,a027b4da-4e9c-44ad-b607-5fb48d4c7061-00044aff,P10 > P10-PRP-LGC-PREPARACION > P10-PRP-LGC-LAMINADORES,ok,,codigo;element_id;unique_id;path
P10-PRP-ALM-AL13,281343,a027b4da-4e9c-44ad-b607-5fb48d4c7061-00044aff,P10 > P10-PRP-LGC-PREPARACION > P10-PRP-LGC-LAMINADORES,ok,,codigo;element_id;unique_id;path
P10-PRP-LMN-L14,281343,a027b4da-4e9c-44ad-b607-5fb48d4c7061-00044aff,P10 > P10-PRP-LGC-PREPARACION > P10-PRP-LGC-LAMINADORES,ok,,codigo;element_id;unique_id;path
P10-PRP-ALM-AL14,281343,a027b4da-4e9c-44ad-b607-5fb48d4c7061-00044aff,P10 > P10-PRP-LGC-PREPARACION > P10-PRP-LGC-LAMINADORES,ok,,codigo;element_id;unique_id;path
P10-PRP-LMN-L15,281343,a027b4da-4e9c-44ad-b607-5fb48d4c7061-00044aff,P10 > P10-PRP-LGC-PREPARACION > P10-PRP-LGC-LAMINADORES,ok,,codigo;element_id;unique_id;path
P10-PRP-ALM-AL15,281343,a027b4da-4e9c-44ad-b607-5fb48d4c7061-00044aff,P10 > P10-PRP-LGC-PREPARACION > P10-PRP-LGC-LAMINADORES,ok,,codigo;element_id;unique_id;path
P10-PRP-LMN-L16,281343,a027b4da-4e9c-44ad-b607-5fb48d4c7061-00044aff,P10 > P10-PRP-LGC-PREPARACION > P10-PRP-LGC-LAMINADORES,ok,,codigo;element_id;unique_id;path
P10-PRP-ALM-AL16,281343,a027b4da-4e9c-44ad-b607-5fb48d4c7061-00044aff,P10 > P10-PRP-LGC-PREPARACION > P10-PRP-LGC-LAMINADORES,ok,,codigo;element_id;unique_id;path
P10-PRP-LMN-L17,281343,a027b4da-4e9c-44ad-b607-5fb48d4c7061-00044aff,P10 > P10-PRP-LGC-PREPARACION > P10-PRP-LGC-LAMINADORES,ok,,codigo;element_id;unique_id;path
P10-PRP-ALM-AL17,281343,a027b4da-4e9c-44ad-b607-5fb48d4c7061-00044aff,P10 > P10-PRP-LGC-PREPARACION > P10-PRP-LGC-LAMINADORES,ok,,codigo;element_id;unique_id;path
P10-PRP-LMN-L18,281343,a027b4da-4e9c-44ad-b607-5fb48d4c7061-00044aff,P10 > P10-PRP-LGC-PREPARACION > P10-PRP-LGC-LAMINADORES,ok,,codigo;element_id;unique_id;path
P10-PRP-ALM-AL18,281343,a027b4da-4e9c-44ad-b607-5fb48d4c7061-00044aff,P10 > P10-PRP-LGC-PREPARACION > P10-PRP-LGC-LAMINADORES,ok,,codigo;element_id;unique_id;path
P10-PRP-LMN-L19,281343,a027b4da-4e9c-44ad-b607-5fb48d4c7061-00044aff,P10 > P10-PRP-LGC-PREPARACION > P10-PRP-LGC-LAMINADORES,ok,,codigo;element_id;unique_id;path
P10-PRP-ALM-AL19,281343,a027b4da-4e9c-44ad-b607-5fb48d4c7061-00044aff,P10 > P10-PRP-LGC-PREPARACION > P10-PRP-LGC-LAMINADORES,ok,,codigo;element_id;unique_id;path
P10-PRP-LMN-L20,281343,a027b4da-4e9c-44ad-b607-5fb48d4c7061-00044aff,P10 > P10-PRP-LGC-PREPARACION > P10-PRP-LGC-LAMINADORES,ok,,codigo;element_id;unique_id;path
P10-PRP-ALM-AL20,281343,a027b4da-4e9c-44ad-b607-5fb48d4c7061-00044aff,P10 > P10-PRP-LGC-PREPARACION > P10-PRP-LGC-LAMINADORES,ok,,codigo;element_id;unique_id;path
P10-PRP-LMN-L21,281343,a027b4da-4e9c-44ad-b607-5fb48d4c7061-00044aff,P10 > P10-PRP-LGC-PREPARACION > P10-PRP-LGC-LAMINADORES,ok,,codigo;element_id;unique_id;path
P10-PRP-ALM-AL21,281343,a027b4da-4e9c-44ad-b607-5fb48d4c7061-00044aff,P10 > P10-PRP-LGC-PREPARACION > P10-PRP-LGC-LAMINADORES,ok,,codigo;element_id;unique_id;path
P10-PRP-LMN-L22,281343,a027b4da-4e9c-44ad-b607-5fb48d4c7061-00044aff,P10 > P10-PRP-LGC-PREPARACION > P10-PRP-LGC-LAMINADORES,ok,,codigo;element_id;unique_id;path
P10-PRP-ALM-AL22,281343,a027b4da-4e9c-44ad-b607-5fb48d4c7061-00044aff,P10 > P10-PRP-LGC-PREPARACION > P10-PRP-LGC-LAMINADORES,ok,,codigo;element_id;unique_id;path
P10-PRP-RCT-REC01,281343,a027b4da-4e9c-44ad-b607-5fb48d4c7061-00044aff,P10 > P10-PRP-LGC-PREPARACION > P10-PRP-LGC-LAMINADORES,ok,,codigo;element_id;unique_id;path
P10-PRP-RCT-REC02,281343,a027b4da-4e9c-44ad-b607-5fb48d4c7061-00044aff,P10 > P10-PRP-LGC-PREPARACION > P10-PRP-LGC-LAMINADORES,ok,,codigo;element_id;unique_id;path
P10-PRP-VNT-VE10,281343,a027b4da-4e9c-44ad-b607-5fb48d4c7061-00044aff,P10 > P10-PRP-LGC-PREPARACION > P10-PRP-LGC-LAMINADORES,ok,,codigo;element_id;unique_id;path
P10-PRP-CCL-CVE10,281343,a027b4da-4e9c-44ad-b607-5fb48d4c7061-00044aff,P10 > P10-PRP-LGC-PREPARACION > P10-PRP-LGC-LAMINADORES,ok,,codigo;element_id;unique_id;path
P10-PRP-RSC-SF12,281343,a027b4da-4e9c-44ad-b607-5fb48d4c7061-00044aff,P10 > P10-PRP-LGC-PREPARACION > P10-PRP-LGC-LAMINADORES,ok,,codigo;element_id;unique_id;path
P10-PRP-VLV-VR10,281343,a027b4da-4e9c-44ad-b607-5fb48d4c7061-00044aff,P10 > P10-PRP-LGC-PREPARACION > P10-PRP-LGC-LAMINADORES,ok,,codigo;element_id;unique_id;path
P10-PRP-VNT-VE11,281343,a027b4da-4e9c-44ad-b607-5fb48d4c7061-00044aff,P10 > P10-PRP-LGC-PREPARACION > P10-PRP-LGC-LAMINADORES,ok,,codigo;element_id;unique_id;path
P10-PRP-CCL-CVE11,281343,a027b4da-4e9c-44ad-b607-5fb48d4c7061-00044aff,P10 > P10-PRP-LGC-PREPARACION > P10-PRP-LGC-LAMINADORES,ok,,codigo;element_id;unique_id;path
P10-PRP-RSC-SF13,281343,a027b4da-4e9c-44ad-b607-5fb48d4c7061-00044aff,P10 > P10-PRP-LGC-PREPARACION > P10-PRP-LGC-LAMINADORES,ok,,codigo;element_id;unique_id;path
P10-PRP-VLV-VR11,281343,a027b4da-4e9c-44ad-b607-5fb48d4c7061-00044aff,P10 > P10-PRP-LGC-PREPARACION > P10-PRP-LGC-LAMINADORES,ok,,codigo;element_id;unique_id;path
P10-PRP-QBR-Q01,281069,a027b4da-4e9c-44ad-b607-5fb48d4c7061-000449ed,P10 > P10-PRP-LGC-PREPARACION > P10-PRP-LGC-QUEBRADORES,ok,,codigo;element_id;unique_id;path
P10-PRP-ALM-AQ01,281069,a027b4da-4e9c-44ad-b607-5fb48d4c7061-000449ed,P10 > P10-PRP-LGC-PREPARACION > P10-PRP-LGC-QUEBRADORES,ok,,codigo;element_id;unique_id;path
P10-PRP-QBR-Q02,281069,a027b4da-4e9c-44ad-b607-5fb48d4c7061-000449ed,P10 > P10-PRP-LGC-PREPARACION > P10-PRP-LGC-QUEBRADORES,ok,,codigo;element_id;unique_id;path
P10-PRP-ALM-AQ02,281069,a027b4da-4e9c-44ad-b607-5fb48d4c7061-000449ed,P10 > P10-PRP-LGC-PREPARACION > P10-PRP-LGC-QUEBRADORES,ok,,codigo;element_id;unique_id;path
P10-PRP-QBR-Q03,281069,a027b4da-4e9c-44ad-b607-5fb48d4c7061-000449ed,P10 > P10-PRP-LGC-PREPARACION > P10-PRP-LGC-QUEBRADORES,ok,,codigo;element_id;unique_id;path
P10-PRP-ALM-AQ03,281069,a027b4da-4e9c-44ad-b607-5fb48d4c7061-000449ed,P10 > P10-PRP-LGC-PREPARACION > P10-PRP-LGC-QUEBRADORES,ok,,codigo;element_id;unique_id;path
P10-PRP-QBR-Q04,281069,a027b4da-4e9c-44ad-b607-5fb48d4c7061-000449ed,P10 > P10-PRP-LGC-PREPARACION > P10-PRP-LGC-QUEBRADORES,ok,,codigo;element_id;unique_id;path
P10-PRP-ALM-AQ04,281069,a027b4da-4e9c-44ad-b607-5fb48d4c7061-000449ed,P10 > P10-PRP-LGC-PREPARACION > P10-PRP-LGC-QUEBRADORES,ok,,codigo;element_id;unique_id;path
P10-PRP-QBR-Q05,281069,a027b4da-4e9c-44ad-b607-5fb48d4c7061-000449ed,P10 > P10-PRP-LGC-PREPARACION > P10-PRP-LGC-QUEBRADORES,ok,,codigo;element_id;unique_id;path
P10-PRP-ALM-AQ05,281069,a027b4da-4e9c-44ad-b607-5fb48d4c7061-000449ed,P10 > P10-PRP-LGC-PREPARACION > P10-PRP-LGC-QUEBRADORES,ok,,codigo;element_id;unique_id;path
P10-PRP-QBR-Q06,281069,a027b4da-4e9c-44ad-b607-5fb48d4c7061-000449ed,P10 > P10-PRP-LGC-PREPARACION > P10-PRP-LGC-QUEBRADORES,ok,,codigo;element_id;unique_id;path
P10-PRP-ALM-AQ06,281069,a027b4da-4e9c-44ad-b607-5fb48d4c7061-000449ed,P10 > P10-PRP-LGC-PREPARACION > P10-PRP-LGC-QUEBRADORES,ok,,codigo;element_id;unique_id;path
P10-PRP-QBR-Q07,281069,a027b4da-4e9c-44ad-b607-5fb48d4c7061-000449ed,P10 > P10-PRP-LGC-PREPARACION > P10-PRP-LGC-QUEBRADORES,ok,,codigo;element_id;unique_id;path
P10-PRP-ALM-AQ07,281069,a027b4da-4e9c-44ad-b607-5fb48d4c7061-000449ed,P10 > P10-PRP-LGC-PREPARACION > P10-PRP-LGC-QUEBRADORES,ok,,codigo;element_id;unique_id;path
P10-PRP-QBR-Q08,281069,a027b4da-4e9c-44ad-b607-5fb48d4c7061-000449ed,P10 > P10-PRP-LGC-PREPARACION > P10-PRP-LGC-QUEBRADORES,ok,,codigo;element_id;unique_id;path
P10-PRP-ALM-AQ08,281069,a027b4da-4e9c-44ad-b607-5fb48d4c7061-000449ed,P10 > P10-PRP-LGC-PREPARACION > P10-PRP-LGC-QUEBRADORES,ok,,codigo;element_id;unique_id;path
P10-PRP-QBR-Q09,281069,a027b4da-4e9c-44ad-b607-5fb48d4c7061-000449ed,P10 > P10-PRP-LGC-PREPARACION > P10-PRP-LGC-QUEBRADORES,ok,,codigo;element_id;unique_id;path
P10-PRP-ALM-AQ09,281069,a027b4da-4e9c-44ad-b607-5fb48d4c7061-000449ed,P10 > P10-PRP-LGC-PREPARACION > P10-PRP-LGC-QUEBRADORES,ok,,codigo;element_id;unique_id;path
P10-PRP-QBR-Q10,281069,a027b4da-4e9c-44ad-b607-5fb48d4c7061-000449ed,P10 > P10-PRP-LGC-PREPARACION > P10-PRP-LGC-QUEBRADORES,ok,,codigo;element_id;unique_id;path
P10-PRP-ALM-AQ10,281069,a027b4da-4e9c-44ad-b607-5fb48d4c7061-000449ed,P10 > P10-PRP-LGC-PREPARACION > P10-PRP-LGC-QUEBRADORES,ok,,codigo;element_id;unique_id;path
P10-PRP-RSC-SF14,281069,a027b4da-4e9c-44ad-b607-5fb48d4c7061-000449ed,P10 > P10-PRP-LGC-PREPARACION > P10-PRP-LGC-QUEBRADORES,ok,,codigo;element_id;unique_id;path
P10-PRP-VLV-VR18,281069,a027b4da-4e9c-44ad-b607-5fb48d4c7061-000449ed,P10 > P10-PRP-LGC-PREPARACION > P10-PRP-LGC-QUEBRADORES,ok,,codigo;element_id;unique_id;path
P10-PRP-RSC-SF02,281069,a027b4da-4e9c-44ad-b607-5fb48d4c7061-000449ed,P10 > P10-PRP-LGC-PREPARACION > P10-PRP-LGC-QUEBRADORES,ok,,codigo;element_id;unique_id;path
P10-PRP-VNT-VE08,281069,a027b4da-4e9c-44ad-b607-5fb48d4c7061-000449ed,P10 > P10-PRP-LGC-PREPARACION > P10-PRP-LGC-QUEBRADORES,ok,,codigo;element_id;unique_id;path
P10-PRP-CCL-CVE08,281069,a027b4da-4e9c-44ad-b607-5fb48d4c7061-000449ed,P10 > P10-PRP-LGC-PREPARACION > P10-PRP-LGC-QUEBRADORES,ok,,codigo;element_id;unique_id;path
P10-PRP-VLV-VR08,281069,a027b4da-4e9c-44ad-b607-5fb48d4c7061-000449ed,P10 > P10-PRP-LGC-PREPARACION > P10-PRP-LGC-QUEBRADORES,ok,,codigo;element_id;unique_id;path
P10-PRL-MLT-ASP1,385396,3ade3506-4f84-4896-9589-30d81e40c276-0005e174,P10 > P10-PRL-LGC-PRELIMPIEZA > P10-PRL-LGC-MULTIASPIRADORES,ok,,codigo;element_id;unique_id;path
P10-PRL-ALM-AS01A,385396,3ade3506-4f84-4896-9589-30d81e40c276-0005e174,P10 > P10-PRL-LGC-PRELIMPIEZA > P10-PRL-LGC-MULTIASPIRADORES,ok,,codigo;element_id;unique_id;path
P10-PRL-ALM-AS01B,385396,3ade3506-4f84-4896-9589-30d81e40c276-0005e174,P10 > P10-PRL-LGC-PRELIMPIEZA > P10-PRL-LGC-MULTIASPIRADORES,ok,,codigo;element_id;unique_id;path
P10-PRL-VNT-VE01,385396,3ade3506-4f84-4896-9589-30d81e40c276-0005e174,P10 > P10-PRL-LGC-PRELIMPIEZA > P10-PRL-LGC-MULTIASPIRADORES,ok,,codigo;element_id;unique_id;path
P10-PRL-CCL-CVE01,385396,3ade3506-4f84-4896-9589-30d81e40c276-0005e174,P10 > P10-PRL-LGC-PRELIMPIEZA > P10-PRL-LGC-MULTIASPIRADORES,ok,,codigo;element_id;unique_id;path
P10-PRL-VLV-VR01,385396,3ade3506-4f84-4896-9589-30d81e40c276-0005e174,P10 > P10-PRL-LGC-PRELIMPIEZA > P10-PRL-LGC-MULTIASPIRADORES,ok,,codigo;element_id;unique_id;path
P10-PRL-MLT-ASP2,385396,3ade3506-4f84-4896-9589-30d81e40c276-0005e174,P10 > P10-PRL-LGC-PRELIMPIEZA > P10-PRL-LGC-MULTIASPIRADORES,ok,,codigo;element_id;unique_id;path
P10-PRL-ALM-AS02A,385396,3ade3506-4f84-4896-9589-30d81e40c276-0005e174,P10 > P10-PRL-LGC-PRELIMPIEZA > P10-PRL-LGC-MULTIASPIRADORES,ok,,codigo;element_id;unique_id;path
P10-PRL-ALM-AS02B,385396,3ade3506-4f84-4896-9589-30d81e40c276-0005e174,P10 > P10-PRL-LGC-PRELIMPIEZA > P10-PRL-LGC-MULTIASPIRADORES,ok,,codigo;element_id;unique_id;path
P10-PRL-VNT-VE02,385396,3ade3506-4f84-4896-9589-30d81e40c276-0005e174,P10 > P10-PRL-LGC-PRELIMPIEZA > P10-PRL-LGC-MULTIASPIRADORES,ok,,codigo;element_id;unique_id;path
P10-PRL-CCL-CVE02,385396,3ade3506-4f84-4896-9589-30d81e40c276-0005e174,P10 > P10-PRL-LGC-PRELIMPIEZA > P10-PRL-LGC-MULTIASPIRADORES,ok,,codigo;element_id;unique_id;path
P10-PRL-VLV-VR02,385396,3ade3506-4f84-4896-9589-30d81e40c276-0005e174,P10 > P10-PRL-LGC-PRELIMPIEZA > P10-PRL-LGC-MULTIASPIRADORES,ok,,codigo;element_id;unique_id;path
P10-PRL-MLT-ASP3,385396,3ade3506-4f84-4896-9589-30d81e40c276-0005e174,P10 > P10-PRL-LGC-PRELIMPIEZA > P10-PRL-LGC-MULTIASPIRADORES,ok,,codigo;element_id;unique_id;path
P10-PRL-ALM-AS03A,385396,3ade3506-4f84-4896-9589-30d81e40c276-0005e174,P10 > P10-PRL-LGC-PRELIMPIEZA > P10-PRL-LGC-MULTIASPIRADORES,ok,,codigo;element_id;unique_id;path
P10-PRL-ALM-AS03B,385396,3ade3506-4f84-4896-9589-30d81e40c276-0005e174,P10 > P10-PRL-LGC-PRELIMPIEZA > P10-PRL-LGC-MULTIASPIRADORES,ok,,codigo;element_id;unique_id;path
P10-PRL-VNT-VE03,385396,3ade3506-4f84-4896-9589-30d81e40c276-0005e174,P10 > P10-PRL-LGC-PRELIMPIEZA > P10-PRL-LGC-MULTIASPIRADORES,ok,,codigo;element_id;unique_id;path
P10-PRL-CCL-CVE03,385396,3ade3506-4f84-4896-9589-30d81e40c276-0005e174,P10 > P10-PRL-LGC-PRELIMPIEZA > P10-PRL-LGC-MULTIASPIRADORES,ok,,codigo;element_id;unique_id;path
P10-PRL-VLV-VR03,385396,3ade3506-4f84-4896-9589-30d81e40c276-0005e174,P10 > P10-PRL-LGC-PRELIMPIEZA > P10-PRL-LGC-MULTIASPIRADORES,ok,,codigo;element_id;unique_id;path
P10-PRL-RSC-SF08,385396,3ade3506-4f84-4896-9589-30d81e40c276-0005e174,P10 > P10-PRL-LGC-PRELIMPIEZA > P10-PRL-LGC-MULTIASPIRADORES,ok,,codigo;element_id;unique_id;path
P10-PRL-VLV-VR19,384012,e0118a5a-e983-4b93-852f-e273cc5f6243-0005dc0c,P10 > P10-PRL-LGC-PRELIMPIEZA > P10-PRL-LGC-SILOS > P10-PRL-SLO-SRECUP,ok,,codigo;element_id;unique_id;path
P10-PRL-BTD-BA06,385248,3ade3506-4f84-4896-9589-30d81e40c276-0005e0e0,P10 > P10-PRL-LGC-PRELIMPIEZA > P10-PRL-LGC-MERMA,ok,,codigo;element_id;unique_id;path
P10-PRL-RSC-SF20,385248,3ade3506-4f84-4896-9589-30d81e40c276-0005e0e0,P10 > P10-PRL-LGC-PRELIMPIEZA > P10-PRL-LGC-MERMA,ok,,codigo;element_id;unique_id;path
P10-PRL-DSP-DSP01,385248,3ade3506-4f84-4896-9589-30d81e40c276-0005e0e0,P10 > P10-PRL-LGC-PRELIMPIEZA > P10-PRL-LGC-MERMA,ok,,codigo;element_id;unique_id;path
P10-PRL-ALM-M3DP,385248,3ade3506-4f84-4896-9589-30d81e40c276-0005e0e0,P10 > P10-PRL-LGC-PRELIMPIEZA > P10-PRL-LGC-MERMA,ok,,codigo;element_id;unique_id;path
P10-PRL-ALM-M2DP,385248,3ade3506-4f84-4896-9589-30d81e40c276-0005e0e0,P10 > P10-PRL-LGC-PRELIMPIEZA > P10-PRL-LGC-MERMA,ok,,codigo;element_id;unique_id;path
P10-PRL-VLV-VR36,385248,3ade3506-4f84-4896-9589-30d81e40c276-0005e0e0,P10 > P10-PRL-LGC-PRELIMPIEZA > P10-PRL-LGC-MERMA,ok,,codigo;element_id;unique_id;path
P10-PRL-RSC-SF19,385248,3ade3506-4f84-4896-9589-30d81e40c276-0005e0e0,P10 > P10-PRL-LGC-PRELIMPIEZA > P10-PRL-LGC-MERMA,ok,,codigo;element_id;unique_id;path
P10-PRL-VNT-M1DP,385248,3ade3506-4f84-4896-9589-30d81e40c276-0005e0e0,P10 > P10-PRL-LGC-PRELIMPIEZA > P10-PRL-LGC-MERMA,ok,,codigo;element_id;unique_id;path
P10-PRL-RSC-SF16,385248,3ade3506-4f84-4896-9589-30d81e40c276-0005e0e0,P10 > P10-PRL-LGC-PRELIMPIEZA > P10-PRL-LGC-MERMA,ok,,codigo;element_id;unique_id;path
P10-OSM-BMB-BAP01,365213,5058d264-a8f9-4ba1-9628-877e44bc2201-0005929d,P10 > P10-SRV-LGC-SERVICIOS > P10-SRV-LGC-OSMOSIS,ok,,codigo;element_id;unique_id;path
P10-OSM-BMB-BAP02,365213,5058d264-a8f9-4ba1-9628-877e44bc2201-0005929d,P10 > P10-SRV-LGC-SERVICIOS > P10-SRV-LGC-OSMOSIS,ok,,codigo;element_id;unique_id;path
P10-OSM-BMB-BC2,365213,5058d264-a8f9-4ba1-9628-877e44bc2201-0005929d,P10 > P10-SRV-LGC-SERVICIOS > P10-SRV-LGC-OSMOSIS,ok,,codigo;element_id;unique_id;path
P10-OSM-BMB-BC1,365213,5058d264-a8f9-4ba1-9628-877e44bc2201-0005929d,P10 > P10-SRV-LGC-SERVICIOS > P10-SRV-LGC-OSMOSIS,ok,,codigo;element_id;unique_id;path
P10-OSM-BMB-BC251,365213,5058d264-a8f9-4ba1-9628-877e44bc2201-0005929d,P10 > P10-SRV-LGC-SERVICIOS > P10-SRV-LGC-OSMOSIS,ok,,codigo;element_id;unique_id;path
P10-OSM-BMB-BD01,365213,5058d264-a8f9-4ba1-9628-877e44bc2201-0005929d,P10 > P10-SRV-LGC-SERVICIOS > P10-SRV-LGC-OSMOSIS,ok,,codigo;element_id;unique_id;path
P10-OSM-BMB-BD02,365213,5058d264-a8f9-4ba1-9628-877e44bc2201-0005929d,P10 > P10-SRV-LGC-SERVICIOS > P10-SRV-LGC-OSMOSIS,ok,,codigo;element_id;unique_id;path
P10-OSM-BMB-BO68,365213,5058d264-a8f9-4ba1-9628-877e44bc2201-0005929d,P10 > P10-SRV-LGC-SERVICIOS > P10-SRV-LGC-OSMOSIS,ok,,codigo;element_id;unique_id;path
P10-OSM-BMB-BO67,365213,5058d264-a8f9-4ba1-9628-877e44bc2201-0005929d,P10 > P10-SRV-LGC-SERVICIOS > P10-SRV-LGC-OSMOSIS,ok,,codigo;element_id;unique_id;path
P10-OSM-FLT-FLTBOL,365213,5058d264-a8f9-4ba1-9628-877e44bc2201-0005929d,P10 > P10-SRV-LGC-SERVICIOS > P10-SRV-LGC-OSMOSIS,ok,,codigo;element_id;unique_id;path
P10-OSM-FLT-MF01,365213,5058d264-a8f9-4ba1-9628-877e44bc2201-0005929d,P10 > P10-SRV-LGC-SERVICIOS > P10-SRV-LGC-OSMOSIS,ok,,codigo;element_id;unique_id;path
P10-OSM-FLT-MF02,365213,5058d264-a8f9-4ba1-9628-877e44bc2201-0005929d,P10 > P10-SRV-LGC-SERVICIOS > P10-SRV-LGC-OSMOSIS,ok,,codigo;element_id;unique_id;path
P10-OSM-MDL-MDL01,365213,5058d264-a8f9-4ba1-9628-877e44bc2201-0005929d,P10 > P10-SRV-LGC-SERVICIOS > P10-SRV-LGC-OSMOSIS,ok,,codigo;element_id;unique_id;path
P10-OSM-MDL-MDL02,365213,5058d264-a8f9-4ba1-9628-877e44bc2201-0005929d,P10 > P10-SRV-LGC-SERVICIOS > P10-SRV-LGC-OSMOSIS,ok,,codigo;element_id;unique_id;path
P10-ENE-TRF-TRA1,228225,25d0f85d-57da-4cae-8ca2-9b682363407e-00037b81,P10 > P10-ENE-LGC-TRAFOS,ok,,codigo;element_id;unique_id;path
P10-ENE-TRF-TRA2,228225,25d0f85d-57da-4cae-8ca2-9b682363407e-00037b81,P10 > P10-ENE-LGC-TRAFOS,ok,,codigo;element_id;unique_id;path
P10-ENE-TRF-TRA3,228225,25d0f85d-57da-4cae-8ca2-9b682363407e-00037b81,P10 > P10-ENE-LGC-TRAFOS,ok,,codigo;element_id;unique_id;path
P10-ENE-TRF-TRA4,228225,25d0f85d-57da-4cae-8ca2-9b682363407e-00037b81,P10 > P10-ENE-LGC-TRAFOS,ok,,codigo;element_id;unique_id;path
P10-ENE-TRF-TRA5,228225,25d0f85d-57da-4cae-8ca2-9b682363407e-00037b81,P10 > P10-ENE-LGC-TRAFOS,ok,,codigo;element_id;unique_id;path
P10-ENE-TRF-TRA6,228225,25d0f85d-57da-4cae-8ca2-9b682363407e-00037b81,P10 > P10-ENE-LGC-TRAFOS,ok,,codigo;element_id;unique_id;path
P10-ENE-TRF-TRA7,228225,25d0f85d-57da-4cae-8ca2-9b682363407e-00037b81,P10 > P10-ENE-LGC-TRAFOS,ok,,codigo;element_id;unique_id;path
P10-ENE-TRF-TRA8,228225,25d0f85d-57da-4cae-8ca2-9b682363407e-00037b81,P10 > P10-ENE-LGC-TRAFOS,ok,,codigo;element_id;unique_id;path
P10-ENE-TRF-TRA9,228225,25d0f85d-57da-4cae-8ca2-9b682363407e-00037b81,P10 > P10-ENE-LGC-TRAFOS,ok,,codigo;element_id;unique_id;path
P10-SRA-BMB-BO70,282497,a027b4da-4e9c-44ad-b607-5fb48d4c7061-00044f81,P10 > P10-EXT-LGC-EXTRACCION > P10-EXT-EXT-M202 > P10-EXT-LGC-BMB RECIRCULACION,ok,,codigo;element_id;unique_id;path
P10-SRA-BMB-JOCKEY,282497,a027b4da-4e9c-44ad-b607-5fb48d4c7061-00044f81,P10 > P10-EXT-LGC-EXTRACCION > P10-EXT-EXT-M202 > P10-EXT-LGC-BMB RECIRCULACION,ok,,codigo;element_id;unique_id;path
P10-SRA-BMB-BOIN,282497,a027b4da-4e9c-44ad-b607-5fb48d4c7061-00044f81,P10 > P10-EXT-LGC-EXTRACCION > P10-EXT-EXT-M202 > P10-EXT-LGC-BMB RECIRCULACION,ok,,codigo;element_id;unique_id;path
P10-SRA-BMB-DOSIF,282497,a027b4da-4e9c-44ad-b607-5fb48d4c7061-00044f81,P10 > P10-EXT-LGC-EXTRACCION > P10-EXT-EXT-M202 > P10-EXT-LGC-BMB RECIRCULACION,ok,,codigo;element_id;unique_id;path
P10-EXT-BMB-P439B,282497,a027b4da-4e9c-44ad-b607-5fb48d4c7061-00044f81,P10 > P10-EXT-LGC-EXTRACCION > P10-EXT-EXT-M202 > P10-EXT-LGC-BMB RECIRCULACION,ok,,codigo;element_id;unique_id;path
P10-CCM-CCM-CLD,378523,ddbef6d8-5146-4ece-9a6f-82caaca14519-0005c69b,P10 > P10-GRL-LGC-CCM,ok,,codigo;element_id;unique_id;path
P10-CCM-AIR-AIRCLD,378523,ddbef6d8-5146-4ece-9a6f-82caaca14519-0005c69b,P10 > P10-GRL-LGC-CCM,ok,,codigo;element_id;unique_id;path
P10-CCM-CMP-AC,378523,ddbef6d8-5146-4ece-9a6f-82caaca14519-0005c69b,P10 > P10-GRL-LGC-CCM,ok,,codigo;element_id;unique_id;path
P10-CCM-CCM-PELL,378523,ddbef6d8-5146-4ece-9a6f-82caaca14519-0005c69b,P10 > P10-GRL-LGC-CCM,ok,,codigo;element_id;unique_id;path
P10-CCM-CCM-EXT,378523,ddbef6d8-5146-4ece-9a6f-82caaca14519-0005c69b,P10 > P10-GRL-LGC-CCM,ok,,codigo;element_id;unique_id;path
P10-CCM-AIR-AIREXT,378523,ddbef6d8-5146-4ece-9a6f-82caaca14519-0005c69b,P10 > P10-GRL-LGC-CCM,ok,,codigo;element_id;unique_id;path
P10-CCM-CCM-PRP,378523,ddbef6d8-5146-4ece-9a6f-82caaca14519-0005c69b,P10 > P10-GRL-LGC-CCM,ok,,codigo;element_id;unique_id;path
P10-CCM-AIR-AIRPRP,378523,ddbef6d8-5146-4ece-9a6f-82caaca14519-0005c69b,P10 > P10-GRL-LGC-CCM,ok,,codigo;element_id;unique_id;path
P10-PLL-BMB-BS03,282497,a027b4da-4e9c-44ad-b607-5fb48d4c7061-00044f81,P10 > P10-EXT-LGC-EXTRACCION > P10-EXT-EXT-M202 > P10-EXT-LGC-BMB RECIRCULACION,ok,,codigo;element_id;unique_id;path
P10-ENE-GNR-GENERADOR,228225,25d0f85d-57da-4cae-8ca2-9b682363407e-00037b81,P10 > P10-ENE-LGC-TRAFOS,ok,,codigo;element_id;unique_id;path
P10-ADM-OFC-ADM,176327,e873c32e-5e0c-4f36-b2a7-48d4917bce06-0002b0c7,P10 > P10-SRV-LGC-SERVICIOS > P10-ADM-OFC-OFICINA MANT,ok,,codigo;element_id;unique_id;path
