element_id,unique_id,btz_numero_activo,btz_description_01,btz_description_02,btz_description_03,btz_description_04,btz_description_05,btz_description_06,btz_description_07,btz_description_08,btz_description_09,btz_description_10,btz_description_11,btz_description_12,btz_description_13,btz_description_14,btz_description_15,btz_description_16,btz_description_17,btz_description_18,btz_description_19,btz_description_20,btz_description_21,btz_description_22,btz_description_23,btz_description_24,btz_description_25,btz_description_26,btz_description_27,btz_description_28,btz_description_29,btz_description_30,estado_match,estado_confirmacion,observacion,limpiar_valores
378617,ddbef6d8-5146-4ece-9a6f-82caaca14519-0005c6f9,P10-DSC-LGC-MOLINO,P10,P10-DSC-LGC-DESCASCARADO,P10-DSC-LGC-MOLINO,P10-DSC-BMB-BS02,P10-DSC-CCL-CBS02,P10-DSC-MLN-M05,P10-DSC-ALM-MA05,P10-DSC-RSC-MSF05,P10-DSC-MLN-M06,P10-DSC-ALM-MA06,P10-DSC-RSC-MSF06,P10-DSC-RSC-SF15,P10-DSC-VLV-VR17,P10-DSC-VLV-VR15A,,,,,,,,,,,,,,,,,confirmado,confirmado_auto,match_elemento_puntual confirmado desde Project/Revit | hijo Project P10-DSC-BMB-BS02 escrito en btz_description_04 | hijo Project P10-DSC-CCL-CBS02 escrito en btz_description_05 | hijo Project P10-DSC-MLN-M05 escrito en btz_description_06 | hijo Project P10-DSC-ALM-MA05 escrito en btz_description_07 | hijo Project P10-DSC-RSC-MSF05 escrito en btz_description_08 | hijo Project P10-DSC-MLN-M06 escrito en btz_description_09 | hijo Project P10-DSC-ALM-MA06 escrito en btz_description_10 | hijo Project P10-DSC-RSC-MSF06 escrito en btz_description_11 | hijo Project P10-DSC-RSC-SF15 escrito en btz_description_12 | hijo Project P10-DSC-VLV-VR17 escrito en btz_description_13 | hijo Project P10-DSC-VLV-VR15A escrito en btz_description_14,NO
378268,ddbef6d8-5146-4ece-9a6f-82caaca14519-0005c59c,P10-DSC-LGC-QUEBRADORES,P10,P10-DSC-LGC-DESCASCARADO,P10-DSC-LGC-QUEBRADORES,P10-DSC-QBR-Q11,P10-DSC-QBR-QA11,P10-DSC-QBR-Q12,P10-DSC-QBR-QA12,P10-DSC-QBR-Q13,P10-DSC-QBR-QA13,P10-DSC-QBR-Q14,P10-DSC-QBR-QA14,P10-DSC-QBR-Q15,P10-DSC-QBR-QA15,P10-DSC-QBR-Q16,P10-DSC-QBR-QA16,P10-DSC-QBR-Q17,P10-DSC-QBR-QA17,P10-DSC-QBR-Q18,P10-DSC-QBR-QA18,,,,,,,,,,,,confirmado,confirmado_auto,match_elemento_puntual confirmado desde Project/Revit | hijo Project P10-DSC-QBR-Q11 escrito en btz_description_04 | hijo Project P10-DSC-QBR-QA11 escrito en btz_description_05 | hijo Project P10-DSC-QBR-Q12 escrito en btz_description_06 | hijo Project P10-DSC-QBR-QA12 escrito en btz_description_07 | hijo Project P10-DSC-QBR-Q13 escrito en btz_description_08 | hijo Project P10-DSC-QBR-QA13 escrito en btz_description_09 | hijo Project P10-DSC-QBR-Q14 escrito en btz_description_10 | hijo Project P10-DSC-QBR-QA14 escrito en btz_description_11 | hijo Project P10-DSC-QBR-Q15 escrito en btz_description_12 | hijo Project P10-DSC-QBR-QA15 escrito en btz_description_13 | hijo Project P10-DSC-QBR-Q16 escrito en btz_description_14 | hijo Project P10-DSC-QBR-QA16 escrito en btz_description_15 | hijo Project P10-DSC-QBR-Q17 escrito en btz_description_16 | hijo Project P10-DSC-QBR-QA17 escrito en btz_description_17 | hijo Project P10-DSC-QBR-Q18 escrito en btz_description_18 | hijo Project P10-DSC-QBR-QA18 escrito en btz_description_19,NO
378728,ddbef6d8-5146-4ece-9a6f-82caaca14519-0005c768,P10-DSC-LGC-REDLER,P10,P10-DSC-LGC-DESCASCARADO,P10-DSC-LGC-REDLER,P10-DSC-RDL-R33,P10-DSC-RDL-R34,P10-DSC-RDL-R35,P10-DSC-RDL-R36,,,,,,,,,,,,,,,,,,,,,,,,confirmado,confirmado_auto,match_elemento_puntual confirmado desde Project/Revit | hijo Project P10-DSC-RDL-R33 escrito en btz_description_04 | hijo Project P10-DSC-RDL-R34 escrito en btz_description_05 | hijo Project P10-DSC-RDL-R35 escrito en btz_description_06 | hijo Project P10-DSC-RDL-R36 escrito en btz_description_07,NO
378146,ddbef6d8-5146-4ece-9a6f-82caaca14519-0005c522,P10-DSC-LGC-ZARANDAS,P10,P10-DSC-LGC-DESCASCARADO,P10-DSC-LGC-ZARANDAS,P10-DSC-RSC-SF07,P10-DSC-RSC-SF06,P10-DSC-RSC-SF23,P10-DSC-RSC-SF21,P10-DSC-RSC-SF22,P10-DSC-RSC-SF24,P10-DSC-ZRN-Z01,P10-DSC-ZRN-Z02,P10-DSC-ZRN-Z03,P10-DSC-ZRN-Z04,P10-DSC-ZRN-Z05,P10-DSC-ZRN-Z06,,,,,,,,,,,,,,,,confirmado,confirmado_auto,match_elemento_puntual confirmado desde Project/Revit | hijo Project P10-DSC-RSC-SF07 escrito en btz_description_04 | hijo Project P10-DSC-RSC-SF06 escrito en btz_description_05 | hijo Project P10-DSC-RSC-SF23 escrito en btz_description_06 | hijo Project P10-DSC-RSC-SF21 escrito en btz_description_07 | hijo Project P10-DSC-RSC-SF22 escrito en btz_description_08 | hijo Project P10-DSC-RSC-SF24 escrito en btz_description_09 | hijo Project P10-DSC-ZRN-Z01 escrito en btz_description_10 | hijo Project P10-DSC-ZRN-Z02 escrito en btz_description_11 | hijo Project P10-DSC-ZRN-Z03 escrito en btz_description_12 | hijo Project P10-DSC-ZRN-Z04 escrito en btz_description_13 | hijo Project P10-DSC-ZRN-Z05 escrito en btz_description_14 | hijo Project P10-DSC-ZRN-Z06 escrito en btz_description_15,NO
282497,a027b4da-4e9c-44ad-b607-5fb48d4c7061-00044f81,P10-EXT-LGC-BMB,P10,P10-EXT-LGC-EXTRACCION,P10-EXT-EXT-M202,P10-EXT-LGC-BMB RECIRCULACION,P10-SRA-BMB-BO70,P10-SRA-BMB-JOCKEY,P10-SRA-BMB-BOIN,P10-SRA-BMB-DOSIF,P10-EXT-BMB-P439B,P10-PLL-BMB-BS03,,,,,,,,,,,,,,,,,,,,,confirmado,confirmado_auto,match_elemento_puntual confirmado desde Project/Revit | hijo Project P10-SRA-BMB-BO70 escrito en btz_description_05 | hijo Project P10-SRA-BMB-JOCKEY escrito en btz_description_06 | hijo Project P10-SRA-BMB-BOIN escrito en btz_description_07 | hijo Project P10-SRA-BMB-DOSIF escrito en btz_description_08 | hijo Project P10-EXT-BMB-P439B escrito en btz_description_09 | hijo Project P10-PLL-BMB-BS03 escrito en btz_description_10,NO
282755,a027b4da-4e9c-44ad-b607-5fb48d4c7061-00045083,P10-EXT-LGC-HIDROCICLONES,P10,P10-EXT-LGC-EXTRACCION,P10-EXT-EXT-M202,P10-EXT-LGC-HIDROCICLONES,P10-EXT-HDR-HCP01,P10-EXT-HDR-HCP02,P10-EXT-HDR-HCP03,P10-EXT-HDR-HCS01E,P10-EXT-HDR-HCS01O,P10-EXT-HDR-HCS02E,P10-EXT-HDR-HCS02O,P10-EXT-HDR-HCS03E,P10-EXT-HDR-HCS03O,P10-EXT-HDR-HCS04E,P10-EXT-HDR-HCS04O,P10-EXT-HDR-HCS05E,P10-EXT-HDR-HCS05O,P10-EXT-HDR-HCS06E,P10-EXT-HDR-HCS06O,P10-EXT-HDR-HCS07E,P10-EXT-HDR-HCS07O,P10-EXT-HDR-HCS08E,P10-EXT-HDR-HCS08O,P10-EXT-HDR-HCS09E,P10-EXT-HDR-HCS09O,P10-EXT-HDR-HCS10E,P10-EXT-HDR-HCS10O,,,,confirmado,confirmado_auto,match_elemento_puntual confirmado desde Project/Revit | hijo Project P10-EXT-HDR-HCP01 escrito en btz_description_05 | hijo Project P10-EXT-HDR-HCP02 escrito en btz_description_06 | hijo Project P10-EXT-HDR-HCP03 escrito en btz_description_07 | hijo Project P10-EXT-HDR-HCS01E escrito en btz_description_08 | hijo Project P10-EXT-HDR-HCS01O escrito en btz_description_09 | hijo Project P10-EXT-HDR-HCS02E escrito en btz_description_10 | hijo Project P10-EXT-HDR-HCS02O escrito en btz_description_11 | hijo Project P10-EXT-HDR-HCS03E escrito en btz_description_12 | hijo Project P10-EXT-HDR-HCS03O escrito en btz_description_13 | hijo Project P10-EXT-HDR-HCS04E escrito en btz_description_14 | hijo Project P10-EXT-HDR-HCS04O escrito en btz_description_15 | hijo Project P10-EXT-HDR-HCS05E escrito en btz_description_16 | hijo Project P10-EXT-HDR-HCS05O escrito en btz_description_17 | hijo Project P10-EXT-HDR-HCS06E escrito en btz_description_18 | hijo Project P10-EXT-HDR-HCS06O escrito en btz_description_19 | hijo Project P10-EXT-HDR-HCS07E escrito en btz_description_20 | hijo Project P10-EXT-HDR-HCS07O escrito en btz_description_21 | hijo Project P10-EXT-HDR-HCS08E escrito en btz_description_22 | hijo Project P10-EXT-HDR-HCS08O escrito en btz_description_23 | hijo Project P10-EXT-HDR-HCS09E escrito en btz_description_24 | hijo Project P10-EXT-HDR-HCS09O escrito en btz_description_25 | hijo Project P10-EXT-HDR-HCS10E escrito en btz_description_26 | hijo Project P10-EXT-HDR-HCS10O escrito en btz_description_27,NO
282997,a027b4da-4e9c-44ad-b607-5fb48d4c7061-00045175,P10-EXT-LGC-DESGOMADO,P10,P10-EXT-LGC-EXTRACCION,P10-EXT-LGC-DESGOMADO,P10-EXT-BMB-PSODA,P10-EXT-BMB-P435A,P10-EXT-CLT-HX445,P10-EXT-DSG-C425,P10-EXT-DSG-C430,P10-EXT-DSG-C435,P10-EXT-ENF-HX460,P10-EXT-INT-HX440,P10-EXT-BMB-P439,P10-EXT-SCD-V450,P10-EXT-BMB-P450,P10-EXT-TNQ-V415,P10-EXT-BMB-P415,P10-EXT-TNQ-HX435,P10-EXT-BMB-P435,P10-EXT-TNQ-V495,P10-EXT-BMB-P491,P10-EXT-TNQ-V410,P10-EXT-AGT-A420C,P10-EXT-BMB-P410,P10-EXT-TNQ-V420,P10-EXT-AGT-A420,P10-EXT-VLV-VSA420,P10-EXT-TNQ-V420B,P10-EXT-TNQ-TK492,P10-EXT-BMB-P492,P10-EXT-VLV-SOV430,confirmado,confirmado_auto,match_elemento_puntual confirmado desde Project/Revit | hijo Project P10-EXT-BMB-PSODA escrito en btz_description_04 | hijo Project P10-EXT-BMB-P435A escrito en btz_description_05 | hijo Project P10-EXT-CLT-HX445 escrito en btz_description_06 | hijo Project P10-EXT-DSG-C425 escrito en btz_description_07 | hijo Project P10-EXT-DSG-C430 escrito en btz_description_08 | hijo Project P10-EXT-DSG-C435 escrito en btz_description_09 | hijo Project P10-EXT-ENF-HX460 escrito en btz_description_10 | hijo Project P10-EXT-INT-HX440 escrito en btz_description_11 | hijo Project P10-EXT-BMB-P439 escrito en btz_description_12 | hijo Project P10-EXT-SCD-V450 escrito en btz_description_13 | hijo Project P10-EXT-BMB-P450 escrito en btz_description_14 | hijo Project P10-EXT-TNQ-V415 escrito en btz_description_15 | hijo Project P10-EXT-BMB-P415 escrito en btz_description_16 | hijo Project P10-EXT-TNQ-HX435 escrito en btz_description_17 | hijo Project P10-EXT-BMB-P435 escrito en btz_description_18 | hijo Project P10-EXT-TNQ-V495 escrito en btz_description_19 | hijo Project P10-EXT-BMB-P491 escrito en btz_description_20 | hijo Project P10-EXT-TNQ-V410 escrito en btz_description_21 | hijo Project P10-EXT-AGT-A420C escrito en btz_description_22 | hijo Project P10-EXT-BMB-P410 escrito en btz_description_23 | hijo Project P10-EXT-TNQ-V420 escrito en btz_description_24 | hijo Project P10-EXT-AGT-A420 escrito en btz_description_25 | hijo Project P10-EXT-VLV-VSA420 escrito en btz_description_26 | hijo Project P10-EXT-TNQ-V420B escrito en btz_description_27 | hijo Project P10-EXT-TNQ-TK492 escrito en btz_description_28 | hijo Project P10-EXT-BMB-P492 escrito en btz_description_29 | hijo Project P10-EXT-VLV-SOV430 escrito en btz_description_30 | hijo Project P10-EXT-VLV-SOV426 asociado solo por CSV externo,NO
282969,a027b4da-4e9c-44ad-b607-5fb48d4c7061-00045159,P10-EXT-LGC-DESTILACION,P10,P10-EXT-LGC-EXTRACCION,P10-EXT-LGC-DESTILACION,P10-EXT-EVP-HX301,P10-EXT-CND-HX305,P10-EXT-CND-HX304,P10-EXT-EVP-HX307,P10-EXT-CND-HX308,P10-EXT-EVP-HX309,P10-EXT-BMB-P310,P10-EXT-INT-HX314,P10-EXT-STR-V311,P10-EXT-BMB-P313B,P10-EXT-BMB-P313,P10-EXT-CND-HX312,P10-EXT-VLV-TCV-307,P10-EXT-VLV-TCV-309,,,,,,,,,,,,,,confirmado,confirmado_auto,match_elemento_puntual confirmado desde Project/Revit | hijo Project P10-EXT-EVP-HX301 escrito en btz_description_04 | hijo Project P10-EXT-CND-HX305 escrito en btz_description_05 | hijo Project P10-EXT-CND-HX304 escrito en btz_description_06 | hijo Project P10-EXT-EVP-HX307 escrito en btz_description_07 | hijo Project P10-EXT-CND-HX308 escrito en btz_description_08 | hijo Project P10-EXT-EVP-HX309 escrito en btz_description_09 | hijo Project P10-EXT-BMB-P310 escrito en btz_description_10 | hijo Project P10-EXT-INT-HX314 escrito en btz_description_11 | hijo Project P10-EXT-STR-V311 escrito en btz_description_12 | hijo Project P10-EXT-BMB-P313B escrito en btz_description_13 | hijo Project P10-EXT-BMB-P313 escrito en btz_description_14 | hijo Project P10-EXT-CND-HX312 escrito en btz_description_15 | hijo Project P10-EXT-VLV-TCV-307 escrito en btz_description_16 | hijo Project P10-EXT-VLV-TCV-309 escrito en btz_description_17,NO
282804,a027b4da-4e9c-44ad-b607-5fb48d4c7061-000450b4,P10-EXT-LGC-RECUP,P10,P10-EXT-LGC-EXTRACCION,P10-EXT-LGC-RECUP GASES,,,,,,,,,,,,,,,,,,,,,,,,,,,,confirmado,confirmado_auto,match_elemento_puntual confirmado desde Project/Revit,NO
282896,a027b4da-4e9c-44ad-b607-5fb48d4c7061-00045110,P10-EXT-LGC-SOLVENTE,P10,P10-EXT-LGC-EXTRACCION,P10-EXT-LGC-SOLVENTE,P10-EXT-BMB-P336,P10-EXT-BMB-P351,P10-EXT-PRC-HX302,P10-EXT-INT-V338,P10-EXT-RHV-HX337,P10-EXT-TNQ-V330,P10-EXT-BMB-P331,P10-EXT-BMB-P335,P10-EXT-TNQ-V351,P10-EXT-TNQ-TKD,P10-EXT-BMB-P335A,P10-EXT-AH101,P10-EXT-AH103,P10-EXT-AH102,P10-EXT-AH105,P10-EXT-AH104,,,,,,,,,,,,confirmado,confirmado_auto,match_elemento_puntual confirmado desde Project/Revit | hijo Project P10-EXT-BMB-P336 escrito en btz_description_04 | hijo Project P10-EXT-BMB-P351 escrito en btz_description_05 | hijo Project P10-EXT-PRC-HX302 escrito en btz_description_06 | hijo Project P10-EXT-INT-V338 escrito en btz_description_07 | hijo Project P10-EXT-RHV-HX337 escrito en btz_description_08 | hijo Project P10-EXT-TNQ-V330 escrito en btz_description_09 | hijo Project P10-EXT-BMB-P331 escrito en btz_description_10 | hijo Project P10-EXT-BMB-P335 escrito en btz_description_11 | hijo Project P10-EXT-TNQ-V351 escrito en btz_description_12 | hijo Project P10-EXT-TNQ-TKD escrito en btz_description_13 | hijo Project P10-EXT-BMB-P335A escrito en btz_description_14 | hijo Project P10-EXT-AH101 escrito en btz_description_15 | hijo Project P10-EXT-AH103 escrito en btz_description_16 | hijo Project P10-EXT-AH102 escrito en btz_description_17 | hijo Project P10-EXT-AH105 escrito en btz_description_18 | hijo Project P10-EXT-AH104 escrito en btz_description_19,NO
282656,a027b4da-4e9c-44ad-b607-5fb48d4c7061-00045020,P10-EXT-TST-DT250,P10,P10-EXT-LGC-EXTRACCION,P10-EXT-TST-DT250,P10-EXT-CND-HX303,P10-EXT-LGC-VLV,P10-EXT-VLV-PRV259,P10-EXT-VLV-PRV258,P10-EXT-VLV-PRV260,P10-EXT-MND-M250A,P10-EXT-RDC-RDT250,P10-EXT-BMB-P250,P10-EXT-TNQ-V480,P10-EXT-BMB-P490,P10-EXT-BMB-P481,P10-EXT-BMB-P482,P10-EXT-TNQ-V262,P10-EXT-TNQ-V475,P10-EXT-VLV-SOV250,P10-EXT-VLV-RV255A,P10-EXT-VLV-RV255B,P10-EXT-VLV-RV256A,P10-EXT-VLV-RV256B,P10-EXT-VLV-RV257A,P10-EXT-VLV-RV257B,P10-EXT-VLV-RV258A,P10-EXT-VLV-RV258B,P10-EXT-VLV-RV259,P10-EXT-VLV-RV260,P10-EXT-VLV-SOV252,,confirmado,confirmado_auto,match_elemento_puntual confirmado desde Project/Revit | hijo Project P10-EXT-CND-HX303 escrito en btz_description_04 | hijo Project P10-EXT-LGC-VLV escrito en btz_description_05 | hijo Project P10-EXT-VLV-PRV259 escrito en btz_description_06 | hijo Project P10-EXT-VLV-PRV258 escrito en btz_description_07 | hijo Project P10-EXT-VLV-PRV260 escrito en btz_description_08 | hijo Project P10-EXT-MND-M250A escrito en btz_description_09 | hijo Project P10-EXT-RDC-RDT250 escrito en btz_description_10 | hijo Project P10-EXT-BMB-P250 escrito en btz_description_11 | hijo Project P10-EXT-TNQ-V480 escrito en btz_description_12 | hijo Project P10-EXT-BMB-P490 escrito en btz_description_13 | hijo Project P10-EXT-BMB-P481 escrito en btz_description_14 | hijo Project P10-EXT-BMB-P482 escrito en btz_description_15 | hijo Project P10-EXT-TNQ-V262 escrito en btz_description_16 | hijo Project P10-EXT-TNQ-V475 escrito en btz_description_17 | hijo Project P10-EXT-VLV-SOV250 escrito en btz_description_18 | hijo Project P10-EXT-VLV-RV255A escrito en btz_description_19 | hijo Project P10-EXT-VLV-RV255B escrito en btz_description_20 | hijo Project P10-EXT-VLV-RV256A escrito en btz_description_21 | hijo Project P10-EXT-VLV-RV256B escrito en btz_description_22 | hijo Project P10-EXT-VLV-RV257A escrito en btz_description_23 | hijo Project P10-EXT-VLV-RV257B escrito en btz_description_24 | hijo Project P10-EXT-VLV-RV258A escrito en btz_description_25 | hijo Project P10-EXT-VLV-RV258B escrito en btz_description_26 | hijo Project P10-EXT-VLV-RV259 escrito en btz_description_27 | hijo Project P10-EXT-VLV-RV260 escrito en btz_description_28 | hijo Project P10-EXT-VLV-SOV252 escrito en btz_description_29,NO
385885,905be7f4-0c46-42ea-a443-0fdea469e6f3-0005e35d,P10-HRN-CNT-C04,P10,P10-HRN-LGC-HARINA,P10-HRN-CNT-C04,P10-HRN-VLV-VGG01,P10-HRN-VLV-VGH01,,,,,,,,,,,,,,,,,,,,,,,,,,confirmado,confirmado_auto,match_elemento_puntual confirmado desde Project/Revit | hijo Project P10-HRN-VLV-VGG01 escrito en btz_description_04 | hijo Project P10-HRN-VLV-VGH01 escrito en btz_description_05,NO
227678,25d0f85d-57da-4cae-8ca2-9b682363407e-0003795e,P10-HRN-LGC-MOLINOS,P10,P10-HRN-LGC-HARINA,P10-HRN-LGC-MOLINOS,P10-HRN-MLN-M01,P10-HRN-ALM-MA01,P10-HRN-RSC-MSF01,P10-HRN-MLN-M02,P10-HRN-ALM-MA02,P10-HRN-RSC-MSF02,P10-HRN-MLN-M03,P10-HRN-ALM-MA03,P10-HRN-RSC-MSF03,,,,,,,,,,,,,,,,,,,confirmado,confirmado_auto,match_elemento_puntual confirmado desde Project/Revit | hijo Project P10-HRN-MLN-M01 escrito en btz_description_04 | hijo Project P10-HRN-ALM-MA01 escrito en btz_description_05 | hijo Project P10-HRN-RSC-MSF01 escrito en btz_description_06 | hijo Project P10-HRN-MLN-M02 escrito en btz_description_07 | hijo Project P10-HRN-ALM-MA02 escrito en btz_description_08 | hijo Project P10-HRN-RSC-MSF02 escrito en btz_description_09 | hijo Project P10-HRN-MLN-M03 escrito en btz_description_10 | hijo Project P10-HRN-ALM-MA03 escrito en btz_description_11 | hijo Project P10-HRN-RSC-MSF03 escrito en btz_description_12,NO
380586,ddbef6d8-5146-4ece-9a6f-82caaca14519-0005ceaa,P10-HRN-LGC-NORIAS,P10,P10-HRN-LGC-HARINA,P10-HRN-LGC-NORIAS,P10-HRN-NOR-N03,P10-HRN-NOR-N04,P10-HRN-NOR-N05,P10-HRN-MNL-NML05,,,,,,,,,,,,,,,,,,,,,,,,confirmado,confirmado_auto,match_elemento_puntual confirmado desde Project/Revit | hijo Project P10-HRN-NOR-N03 escrito en btz_description_04 | hijo Project P10-HRN-NOR-N04 escrito en btz_description_05 | hijo Project P10-HRN-NOR-N05 escrito en btz_description_06 | hijo Project P10-HRN-MNL-NML05 escrito en btz_description_07,NO
358462,1dd21141-8de6-4d43-b824-f67da67065de-0005783e,P10-HRN-SRT-SR01,P10,P10-HRN-LGC-HARINA,P10-HRN-LGC-SEC. ROTATIVOS,P10-HRN-SRT-SR01,P10-HRN-RSC-SF04,P10-HRN-VLV-VALV,,,,,,,,,,,,,,,,,,,,,,,,,confirmado,confirmado_auto,match_elemento_puntual confirmado desde Project/Revit | hijo Project P10-HRN-RSC-SF04 escrito en btz_description_05 | hijo Project P10-HRN-VLV-VALV escrito en btz_description_06,NO
358495,1dd21141-8de6-4d43-b824-f67da67065de-0005785f,P10-HRN-SRT-SR02,P10,P10-HRN-LGC-HARINA,P10-HRN-LGC-SEC. ROTATIVOS,P10-HRN-SRT-SR02,P10-HRN-RSC-SF05,,,,,,,,,,,,,,,,,,,,,,,,,,confirmado,confirmado_auto,match_elemento_puntual confirmado desde Project/Revit | hijo Project P10-HRN-RSC-SF05 escrito en btz_description_05,NO
380547,ddbef6d8-5146-4ece-9a6f-82caaca14519-0005ce83,P10-HRN-LGC-TAMIZADORES,P10,P10-HRN-LGC-HARINA,P10-HRN-LGC-TAMIZADORES,P10-HRN-BTD-BA01,P10-HRN-RSC-SFBA01,P10-HRN-RSC-BAA01,P10-HRN-BTD-BA02,P10-HRN-RSC-SFBA02,P10-HRN-RSC-BAA02,P10-HRN-BTD-BA03,P10-HRN-RSC-SFBA03,P10-HRN-RSC-BAA03,P10-HRN-BTD-BA04,P10-HRN-RSC-SFBA04,P10-HRN-RSC-BAA04,P10-HRN-BTD-BA05,P10-HRN-RSC-SFBA05,P10-HRN-RSC-BAA05,,,,,,,,,,,,,confirmado,confirmado_auto,match_elemento_puntual confirmado desde Project/Revit | hijo Project P10-HRN-BTD-BA01 escrito en btz_description_04 | hijo Project P10-HRN-RSC-SFBA01 escrito en btz_description_05 | hijo Project P10-HRN-RSC-BAA01 escrito en btz_description_06 | hijo Project P10-HRN-BTD-BA02 escrito en btz_description_07 | hijo Project P10-HRN-RSC-SFBA02 escrito en btz_description_08 | hijo Project P10-HRN-RSC-BAA02 escrito en btz_description_09 | hijo Project P10-HRN-BTD-BA03 escrito en btz_description_10 | hijo Project P10-HRN-RSC-SFBA03 escrito en btz_description_11 | hijo Project P10-HRN-RSC-BAA03 escrito en btz_description_12 | hijo Project P10-HRN-BTD-BA04 escrito en btz_description_13 | hijo Project P10-HRN-RSC-SFBA04 escrito en btz_description_14 | hijo Project P10-HRN-RSC-BAA04 escrito en btz_description_15 | hijo Project P10-HRN-BTD-BA05 escrito en btz_description_16 | hijo Project P10-HRN-RSC-SFBA05 escrito en btz_description_17 | hijo Project P10-HRN-RSC-BAA05 escrito en btz_description_18,NO
367888,460ebebf-e4ee-449a-900c-ab33de4c697f-00059d10,P10-HRN-ENF-EG01,P10,P10-HRN-LGC-HARINA,P10-HRN-ENF-EG01,P10-HRN-RSC-EGSF01,P10-HRN-RSC-EGSF02,P10-HRN-RSC-EGSF03,P10-HRN-RSC-EGSF04,P10-HRN-VNT-VE27,P10-HRN-CCL-CVE27,P10-HRN-VLV-VR20,P10-HRN-VNT-VE28,P10-HRN-CCL-CVE28,P10-HRN-VLV-VR21,P10-HRN-VNT-VE29,P10-HRN-CCL-CVE29,P10-HRN-VLV-VR22,P10-HRN-VNT-VE30,P10-HRN-CCL-CVE30,P10-HRN-VLV-VR23,P10-HRN-VNT-VE31,P10-HRN-CCL-CVE31,P10-HRN-VLV-VR24,P10-HRN-VNT-VE32,P10-HRN-CCL-CVE32,P10-HRN-VLV-VR25,P10-HRN-VNT-VE33,P10-HRN-CCL-CVE33,P10-HRN-VLV-VR26,P10-HRN-VNT-VE34,P10-HRN-CCL-CVE34,confirmado,confirmado_auto,match_elemento_puntual confirmado desde Project/Revit | hijo Project P10-HRN-RSC-EGSF01 escrito en btz_description_04 | hijo Project P10-HRN-RSC-EGSF02 escrito en btz_description_05 | hijo Project P10-HRN-RSC-EGSF03 escrito en btz_description_06 | hijo Project P10-HRN-RSC-EGSF04 escrito en btz_description_07 | hijo Project P10-HRN-VNT-VE27 escrito en btz_description_08 | hijo Project P10-HRN-CCL-CVE27 escrito en btz_description_09 | hijo Project P10-HRN-VLV-VR20 escrito en btz_description_10 | hijo Project P10-HRN-VNT-VE28 escrito en btz_description_11 | hijo Project P10-HRN-CCL-CVE28 escrito en btz_description_12 | hijo Project P10-HRN-VLV-VR21 escrito en btz_description_13 | hijo Project P10-HRN-VNT-VE29 escrito en btz_description_14 | hijo Project P10-HRN-CCL-CVE29 escrito en btz_description_15 | hijo Project P10-HRN-VLV-VR22 escrito en btz_description_16 | hijo Project P10-HRN-VNT-VE30 escrito en btz_description_17 | hijo Project P10-HRN-CCL-CVE30 escrito en btz_description_18 | hijo Project P10-HRN-VLV-VR23 escrito en btz_description_19 | hijo Project P10-HRN-VNT-VE31 escrito en btz_description_20 | hijo Project P10-HRN-CCL-CVE31 escrito en btz_description_21 | hijo Project P10-HRN-VLV-VR24 escrito en btz_description_22 | hijo Project P10-HRN-VNT-VE32 escrito en btz_description_23 | hijo Project P10-HRN-CCL-CVE32 escrito en btz_description_24 | hijo Project P10-HRN-VLV-VR25 escrito en btz_description_25 | hijo Project P10-HRN-VNT-VE33 escrito en btz_description_26 | hijo Project P10-HRN-CCL-CVE33 escrito en btz_description_27 | hijo Project P10-HRN-VLV-VR26 escrito en btz_description_28 | hijo Project P10-HRN-VNT-VE34 escrito en btz_description_29 | hijo Project P10-HRN-CCL-CVE34 escrito en btz_description_30 | hijo Project P10-HRN-VLV-VR27 asociado solo por CSV externo | hijo Project P10-HRN-VNT-VE39 asociado solo por CSV externo | hijo Project P10-HRN-ART-ARTVE39 asociado solo por CSV externo | hijo Project P10-HRN-VNT-VE40 asociado solo por CSV externo | hijo Project P10-HRN-ART-ARTVE40 asociado solo por CSV externo | hijo Project P10-HRN-VNT-VE41 asociado solo por CSV externo | hijo Project P10-HRN-ART-ARTVE41 asociado solo por CSV externo | hijo Project P10-HRN-VNT-VE42 asociado solo por CSV externo | hijo Project P10-HRN-ART-ARTVE42 asociado solo por CSV externo | hijo Project P10-HRN-VNT-VE43 asociado solo por CSV externo | hijo Project P10-HRN-ART-ARTVE43 asociado solo por CSV externo | hijo Project P10-HRN-VNT-VE44 asociado solo por CSV externo | hijo Project P10-HRN-ART-ARTVE44 asociado solo por CSV externo | hijo Project P10-HRN-VNT-VE45 asociado solo por CSV externo | hijo Project P10-HRN-ART-ARTVE45 asociado solo por CSV externo | hijo Project P10-HRN-VNT-VE46 asociado solo por CSV externo | hijo Project P10-HRN-ART-ARTVE46 asociado solo por CSV externo | hijo Project P10-HRN-VNT-VE47 asociado solo por CSV externo | hijo Project P10-HRN-ART-ARTVE47 asociado solo por CSV externo | hijo Project P10-HRN-VNT-VE48 asociado solo por CSV externo | hijo Project P10-HRN-ART-ARTVE48 asociado solo por CSV externo | hijo Project P10-HRN-VNT-VE49 asociado solo por CSV externo | hijo Project P10-HRN-ART-ARTVE49 asociado solo por CSV externo | hijo Project P10-HRN-VNT-VE50 asociado solo por CSV externo | hijo Project P10-HRN-ART-ARTVE50 asociado solo por CSV externo | hijo Project P10-HRN-VNT-VE51 asociado solo por CSV externo | hijo Project P10-HRN-ART-ARTVE51 asociado solo por CSV externo | hijo Project P10-HRN-VNT-VE52 asociado solo por CSV externo | hijo Project P10-HRN-ART-ARTVE52 asociado solo por CSV externo | hijo Project P10-HRN-VNT-VE53 asociado solo por CSV externo | hijo Project P10-HRN-ART-ARTVE53 asociado solo por CSV externo | hijo Project P10-HRN-VNT-VE54 asociado solo por CSV externo | hijo Project P10-HRN-ART-ARTVE54 asociado solo por CSV externo | hijo Project P10-HRN-VNT-VE55 asociado solo por CSV externo | hijo Project P10-HRN-ART-ARTVE55 asociado solo por CSV externo | hijo Project P10-HRN-VNT-VE56 asociado solo por CSV externo | hijo Project P10-HRN-ART-ARTVE56 asociado solo por CSV externo | hijo Project P10-HRN-VNT-VE57 asociado solo por CSV externo | hijo Project P10-HRN-ART-ARTVE57 asociado solo por CSV externo | hijo Project P10-HRN-VNT-VE58 asociado solo por CSV externo | hijo Project P10-HRN-ART-ARTVE58 asociado solo por CSV externo | hijo Project P10-HRN-VNT-VE59 asociado solo por CSV externo | hijo Project P10-HRN-ART-ARTVE59 asociado solo por CSV externo | hijo Project P10-HRN-VNT-VE60 asociado solo por CSV externo | hijo Project P10-HRN-ART-ARTVE60 asociado solo por CSV externo | hijo Project P10-HRN-VNT-VE61 asociado solo por CSV externo | hijo Project P10-HRN-ART-ARTVE61 asociado solo por CSV externo | hijo Project P10-HRN-VNT-VE62 asociado solo por CSV externo | hijo Project P10-HRN-ART-ARTVE62 asociado solo por CSV externo | hijo Project P10-HRN-VNT-VE63 asociado solo por CSV externo | hijo Project P10-HRN-ART-ARTVE63 asociado solo por CSV externo,NO
281487,a027b4da-4e9c-44ad-b607-5fb48d4c7061-00044b8f,P10-HRN-ENF-EG02,P10,P10-HRN-LGC-HARINA,P10-HRN-ENF-EG02,P10-HRN-RSC-EGSF05,P10-HRN-RSC-EGSF06,P10-HRN-RSC-EGSF07,P10-HRN-VNT-VE35,P10-HRN-CCL-CVE35,P10-HRN-VLV-VR28,P10-HRN-VNT-VE36,P10-HRN-CCL-CVE36,P10-HRN-VLV-VR29,P10-HRN-VNT-VE37,P10-HRN-CCL-CVE37,P10-HRN-VLV-VR30,P10-HRN-VNT-VE38,P10-HRN-CCL-CVE38,P10-HRN-VLV-VR31,,,,,,,,,,,,,confirmado,confirmado_auto,match_elemento_puntual confirmado desde Project/Revit | hijo Project P10-HRN-RSC-EGSF05 escrito en btz_description_04 | hijo Project P10-HRN-RSC-EGSF06 escrito en btz_description_05 | hijo Project P10-HRN-RSC-EGSF07 escrito en btz_description_06 | hijo Project P10-HRN-VNT-VE35 escrito en btz_description_07 | hijo Project P10-HRN-CCL-CVE35 escrito en btz_description_08 | hijo Project P10-HRN-VLV-VR28 escrito en btz_description_09 | hijo Project P10-HRN-VNT-VE36 escrito en btz_description_10 | hijo Project P10-HRN-CCL-CVE36 escrito en btz_description_11 | hijo Project P10-HRN-VLV-VR29 escrito en btz_description_12 | hijo Project P10-HRN-VNT-VE37 escrito en btz_description_13 | hijo Project P10-HRN-CCL-CVE37 escrito en btz_description_14 | hijo Project P10-HRN-VLV-VR30 escrito en btz_description_15 | hijo Project P10-HRN-VNT-VE38 escrito en btz_description_16 | hijo Project P10-HRN-CCL-CVE38 escrito en btz_description_17 | hijo Project P10-HRN-VLV-VR31 escrito en btz_description_18,NO
369188,460ebebf-e4ee-449a-900c-ab33de4c697f-0005a224,P10-PRP-LGC-BEAN,P10,P10-PRP-LGC-PREPARACION,P10-PRP-LGC-BEAN HEATER,,,,,,,,,,,,,,,,,,,,,,,,,,,,confirmado,confirmado_auto,match_elemento_puntual confirmado desde Project/Revit,NO
281220,a027b4da-4e9c-44ad-b607-5fb48d4c7061-00044a84,P10-PRP-LGC-EXPANDIDO,P10,P10-PRP-LGC-PREPARACION,P10-PRP-LGC-EXPANDIDO,P10-PRP-ENF-EE01,P10-PRP-VLV-VREE1,P10-PRP-VNT-VE21,P10-PRP-VNT-VE22,P10-PRP-VNT-VE23,P10-PRP-VNT-VE24,P10-PRP-VNT-VE25,P10-PRP-VNT-VE26,P10-PRP-VNT-VTEE01,P10-PRP-ENF-EE02,P10-PRP-VLV-VREE2,P10-PRP-VNT-VE15,P10-PRP-VNT-VE16,P10-PRP-VNT-VE17,P10-PRP-VNT-VE18,P10-PRP-VNT-VE19,P10-PRP-VNT-VE20,P10-PRP-VNT-VTEE02,P10-PRP-EXP-E01,P10-PRP-ALM-AE01,P10-PRP-BMB-EBLI01,P10-PRP-BMB-EBLE01,P10-PRP-VNT-VRA01,P10-PRP-EXP-E02,P10-PRP-ALM-AE02,P10-PRP-BMB-EBLI02,P10-PRP-BMB-EBLE02,confirmado,confirmado_auto,match_elemento_puntual confirmado desde Project/Revit | hijo Project P10-PRP-ENF-EE01 escrito en btz_description_04 | hijo Project P10-PRP-VLV-VREE1 escrito en btz_description_05 | hijo Project P10-PRP-VNT-VE21 escrito en btz_description_06 | hijo Project P10-PRP-VNT-VE22 escrito en btz_description_07 | hijo Project P10-PRP-VNT-VE23 escrito en btz_description_08 | hijo Project P10-PRP-VNT-VE24 escrito en btz_description_09 | hijo Project P10-PRP-VNT-VE25 escrito en btz_description_10 | hijo Project P10-PRP-VNT-VE26 escrito en btz_description_11 | hijo Project P10-PRP-VNT-VTEE01 escrito en btz_description_12 | hijo Project P10-PRP-ENF-EE02 escrito en btz_description_13 | hijo Project P10-PRP-VLV-VREE2 escrito en btz_description_14 | hijo Project P10-PRP-VNT-VE15 escrito en btz_description_15 | hijo Project P10-PRP-VNT-VE16 escrito en btz_description_16 | hijo Project P10-PRP-VNT-VE17 escrito en btz_description_17 | hijo Project P10-PRP-VNT-VE18 escrito en btz_description_18 | hijo Project P10-PRP-VNT-VE19 escrito en btz_description_19 | hijo Project P10-PRP-VNT-VE20 escrito en btz_description_20 | hijo Project P10-PRP-VNT-VTEE02 escrito en btz_description_21 | hijo Project P10-PRP-EXP-E01 escrito en btz_description_22 | hijo Project P10-PRP-ALM-AE01 escrito en btz_description_23 | hijo Project P10-PRP-BMB-EBLI01 escrito en btz_description_24 | hijo Project P10-PRP-BMB-EBLE01 escrito en btz_description_25 | hijo Project P10-PRP-VNT-VRA01 escrito en btz_description_26 | hijo Project P10-PRP-EXP-E02 escrito en btz_description_27 | hijo Project P10-PRP-ALM-AE02 escrito en btz_description_28 | hijo Project P10-PRP-BMB-EBLI02 escrito en btz_description_29 | hijo Project P10-PRP-BMB-EBLE02 escrito en btz_description_30 | hijo Project P10-PRP-VNT-VRA02 asociado solo por CSV externo | hijo Project P10-PRP-EXP-E03 asociado solo por CSV externo | hijo Project P10-PRP-ALM-AE03 asociado solo por CSV externo | hijo Project P10-PRP-BMB-EBLI03 asociado solo por CSV externo | hijo Project P10-PRP-BMB-EBLE03 asociado solo por CSV externo | hijo Project P10-PRP-VNT-VRA03 asociado solo por CSV externo | hijo Project P10-PRP-EXP-E04 asociado solo por CSV externo | hijo Project P10-PRP-ALM-AE04 asociado solo por CSV externo | hijo Project P10-PRP-BMB-EBLI04 asociado solo por CSV externo | hijo Project P10-PRP-BMB-EBLE04 asociado solo por CSV externo | hijo Project P10-PRP-VNT-VRA04 asociado solo por CSV externo | hijo Project P10-PRP-EXP-E05 asociado solo por CSV externo | hijo Project P10-PRP-ALM-AE05 asociado solo por CSV externo | hijo Project P10-PRP-BMB-EBLI05 asociado solo por CSV externo | hijo Project P10-PRP-BMB-EBLE05 asociado solo por CSV externo | hijo Project P10-PRP-VNT-VRA05 asociado solo por CSV externo | hijo Project P10-PRP-EXP-E06 asociado solo por CSV externo | hijo Project P10-PRP-ALM-AE06 asociado solo por CSV externo | hijo Project P10-PRP-BMB-EBLI06 asociado solo por CSV externo | hijo Project P10-PRP-BMB-EBLE06 asociado solo por CSV externo | hijo Project P10-PRP-VNT-VRA06 asociado solo por CSV externo | hijo Project P10-PRP-RSC-SF10 asociado solo por CSV externo,NO
281343,a027b4da-4e9c-44ad-b607-5fb48d4c7061-00044aff,P10-PRP-LGC-LAMINADORES,P10,P10-PRP-LGC-PREPARACION,P10-PRP-LGC-LAMINADORES,P10-PRP-CHD-LCH01,P10-PRP-CHD-LCH02,P10-PRP-CHD-LCH03,P10-PRP-CHD-LCH04,P10-PRP-LMN-LF01,P10-PRP-ALM-ALF01,P10-PRP-CHD-LFBH01,P10-PRP-LMN-L01,P10-PRP-ALM-AL01,P10-PRP-LMN-L02,P10-PRP-ALM-AL02,P10-PRP-LMN-L03,P10-PRP-ALM-AL03,P10-PRP-LMN-L04,P10-PRP-ALM-AL04,P10-PRP-LMN-L05,P10-PRP-ALM-AL05,P10-PRP-LMN-L06,P10-PRP-ALM-AL06,P10-PRP-LMN-L07,P10-PRP-ALM-AL07,P10-PRP-LMN-L08,P10-PRP-ALM-AL08,P10-PRP-LMN-L09,P10-PRP-ALM-AL09,P10-PRP-LMN-L10,P10-PRP-ALM-AL10,confirmado,confirmado_auto,match_elemento_puntual confirmado desde Project/Revit | hijo Project P10-PRP-CHD-LCH01 escrito en btz_description_04 | hijo Project P10-PRP-CHD-LCH02 escrito en btz_description_05 | hijo Project P10-PRP-CHD-LCH03 escrito en btz_description_06 | hijo Project P10-PRP-CHD-LCH04 escrito en btz_description_07 | hijo Project P10-PRP-LMN-LF01 escrito en btz_description_08 | hijo Project P10-PRP-ALM-ALF01 escrito en btz_description_09 | hijo Project P10-PRP-CHD-LFBH01 escrito en btz_description_10 | hijo Project P10-PRP-LMN-L01 escrito en btz_description_11 | hijo Project P10-PRP-ALM-AL01 escrito en btz_description_12 | hijo Project P10-PRP-LMN-L02 escrito en btz_description_13 | hijo Project P10-PRP-ALM-AL02 escrito en btz_description_14 | hijo Project P10-PRP-LMN-L03 escrito en btz_description_15 | hijo Project P10-PRP-ALM-AL03 escrito en btz_description_16 | hijo Project P10-PRP-LMN-L04 escrito en btz_description_17 | hijo Project P10-PRP-ALM-AL04 escrito en btz_description_18 | hijo Project P10-PRP-LMN-L05 escrito en btz_description_19 | hijo Project P10-PRP-ALM-AL05 escrito en btz_description_20 | hijo Project P10-PRP-LMN-L06 escrito en btz_description_21 | hijo Project P10-PRP-ALM-AL06 escrito en btz_description_22 | hijo Project P10-PRP-LMN-L07 escrito en btz_description_23 | hijo Project P10-PRP-ALM-AL07 escrito en btz_description_24 | hijo Project P10-PRP-LMN-L08 escrito en btz_description_25 | hijo Project P10-PRP-ALM-AL08 escrito en btz_description_26 | hijo Project P10-PRP-LMN-L09 escrito en btz_description_27 | hijo Project P10-PRP-ALM-AL09 escrito en btz_description_28 | hijo Project P10-PRP-LMN-L10 escrito en btz_description_29 | hijo Project P10-PRP-ALM-AL10 escrito en btz_description_30 | hijo Project P10-PRP-LMN-L11 asociado solo por CSV externo | hijo Project P10-PRP-ALM-AL11 asociado solo por CSV externo | hijo Project P10-PRP-LMN-L12 asociado solo por CSV externo | hijo Project P10-PRP-ALM-AL12 asociado solo por CSV externo | hijo Project P10-PRP-LMN-L13 asociado solo por CSV externo | hijo Project P10-PRP-ALM-AL13 asociado solo por CSV externo | hijo Project P10-PRP-LMN-L14 asociado solo por CSV externo | hijo Project P10-PRP-ALM-AL14 asociado solo por CSV externo | hijo Project P10-PRP-LMN-L15 asociado solo por CSV externo | hijo Project P10-PRP-ALM-AL15 asociado solo por CSV externo | hijo Project P10-PRP-LMN-L16 asociado solo por CSV externo | hijo Project P10-PRP-ALM-AL16 asociado solo por CSV externo | hijo Project P10-PRP-LMN-L17 asociado solo por CSV externo | hijo Project P10-PRP-ALM-AL17 asociado solo por CSV externo | hijo Project P10-PRP-LMN-L18 asociado solo por CSV externo | hijo Project P10-PRP-ALM-AL18 asociado solo por CSV externo | hijo Project P10-PRP-LMN-L19 asociado solo por CSV externo | hijo Project P10-PRP-ALM-AL19 asociado solo por CSV externo | hijo Project P10-PRP-LMN-L20 asociado solo por CSV externo | hijo Project P10-PRP-ALM-AL20 asociado solo por CSV externo | hijo Project P10-PRP-LMN-L21 asociado solo por CSV externo | hijo Project P10-PRP-ALM-AL21 asociado solo por CSV externo | hijo Project P10-PRP-LMN-L22 asociado solo por CSV externo | hijo Project P10-PRP-ALM-AL22 asociado solo por CSV externo | hijo Project P10-PRP-RCT-REC01 asociado solo por CSV externo | hijo Project P10-PRP-RCT-REC02 asociado solo por CSV externo | hijo Project P10-PRP-VNT-VE10 asociado solo por CSV externo | hijo Project P10-PRP-CCL-CVE10 asociado solo por CSV externo | hijo Project P10-PRP-RSC-SF12 asociado solo por CSV externo | hijo Project P10-PRP-VLV-VR10 asociado solo por CSV externo | hijo Project P10-PRP-VNT-VE11 asociado solo por CSV externo | hijo Project P10-PRP-CCL-CVE11 asociado solo por CSV externo | hijo Project P10-PRP-RSC-SF13 asociado solo por CSV externo | hijo Project P10-PRP-VLV-VR11 asociado solo por CSV externo,NO
281069,a027b4da-4e9c-44ad-b607-5fb48d4c7061-000449ed,P10-PRP-LGC-QUEBRADORES,P10,P10-PRP-LGC-PREPARACION,P10-PRP-LGC-QUEBRADORES,P10-PRP-QBR-Q01,P10-PRP-ALM-AQ01,P10-PRP-QBR-Q02,P10-PRP-ALM-AQ02,P10-PRP-QBR-Q03,P10-PRP-ALM-AQ03,P10-PRP-QBR-Q04,P10-PRP-ALM-AQ04,P10-PRP-QBR-Q05,P10-PRP-ALM-AQ05,P10-PRP-QBR-Q06,P10-PRP-ALM-AQ06,P10-PRP-QBR-Q07,P10-PRP-ALM-AQ07,P10-PRP-QBR-Q08,P10-PRP-ALM-AQ08,P10-PRP-QBR-Q09,P10-PRP-ALM-AQ09,P10-PRP-QBR-Q10,P10-PRP-ALM-AQ10,P10-PRP-RSC-SF14,P10-PRP-VLV-VR18,P10-PRP-RSC-SF02,P10-PRP-VNT-VE08,P10-PRP-CCL-CVE08,P10-PRP-VLV-VR08,,confirmado,confirmado_auto,match_elemento_puntual confirmado desde Project/Revit | hijo Project P10-PRP-QBR-Q01 escrito en btz_description_04 | hijo Project P10-PRP-ALM-AQ01 escrito en btz_description_05 | hijo Project P10-PRP-QBR-Q02 escrito en btz_description_06 | hijo Project P10-PRP-ALM-AQ02 escrito en btz_description_07 | hijo Project P10-PRP-QBR-Q03 escrito en btz_description_08 | hijo Project P10-PRP-ALM-AQ03 escrito en btz_description_09 | hijo Project P10-PRP-QBR-Q04 escrito en btz_description_10 | hijo Project P10-PRP-ALM-AQ04 escrito en btz_description_11 | hijo Project P10-PRP-QBR-Q05 escrito en btz_description_12 | hijo Project P10-PRP-ALM-AQ05 escrito en btz_description_13 | hijo Project P10-PRP-QBR-Q06 escrito en btz_description_14 | hijo Project P10-PRP-ALM-AQ06 escrito en btz_description_15 | hijo Project P10-PRP-QBR-Q07 escrito en btz_description_16 | hijo Project P10-PRP-ALM-AQ07 escrito en btz_description_17 | hijo Project P10-PRP-QBR-Q08 escrito en btz_description_18 | hijo Project P10-PRP-ALM-AQ08 escrito en btz_description_19 | hijo Project P10-PRP-QBR-Q09 escrito en btz_description_20 | hijo Project P10-PRP-ALM-AQ09 escrito en btz_description_21 | hijo Project P10-PRP-QBR-Q10 escrito en btz_description_22 | hijo Project P10-PRP-ALM-AQ10 escrito en btz_description_23 | hijo Project P10-PRP-RSC-SF14 escrito en btz_description_24 | hijo Project P10-PRP-VLV-VR18 escrito en btz_description_25 | hijo Project P10-PRP-RSC-SF02 escrito en btz_description_26 | hijo Project P10-PRP-VNT-VE08 escrito en btz_description_27 | hijo Project P10-PRP-CCL-CVE08 escrito en btz_description_28 | hijo Project P10-PRP-VLV-VR08 escrito en btz_description_29,NO
377655,c5ee6896-39ff-4562-be63-4682b50c65ca-0005c337,P10-PRL-ACS-TPRL,TE,P10-PRL-LGC-PRELIMPIEZA,P10-PRL-ACS-TPRL,,,,,,,,,,,,,,,,,,,,,,,,,,,,confirmado,confirmado_auto,match_elemento_puntual confirmado desde Project/Revit,NO
385396,3ade3506-4f84-4896-9589-30d81e40c276-0005e174,P10-PRL-LGC-MULTIASPIRADORES,P10,P10-PRL-LGC-PRELIMPIEZA,P10-PRL-LGC-MULTIASPIRADORES,P10-PRL-MLT-ASP1,P10-PRL-ALM-AS01A,P10-PRL-ALM-AS01B,P10-PRL-VNT-VE01,P10-PRL-CCL-CVE01,P10-PRL-VLV-VR01,P10-PRL-MLT-ASP2,P10-PRL-ALM-AS02A,P10-PRL-ALM-AS02B,P10-PRL-VNT-VE02,P10-PRL-CCL-CVE02,P10-PRL-VLV-VR02,P10-PRL-MLT-ASP3,P10-PRL-ALM-AS03A,P10-PRL-ALM-AS03B,P10-PRL-VNT-VE03,P10-PRL-CCL-CVE03,P10-PRL-VLV-VR03,P10-PRL-RSC-SF08,,,,,,,,,confirmado,confirmado_auto,match_elemento_puntual confirmado desde Project/Revit | hijo Project P10-PRL-MLT-ASP1 escrito en btz_description_04 | hijo Project P10-PRL-ALM-AS01A escrito en btz_description_05 | hijo Project P10-PRL-ALM-AS01B escrito en btz_description_06 | hijo Project P10-PRL-VNT-VE01 escrito en btz_description_07 | hijo Project P10-PRL-CCL-CVE01 escrito en btz_description_08 | hijo Project P10-PRL-VLV-VR01 escrito en btz_description_09 | hijo Project P10-PRL-MLT-ASP2 escrito en btz_description_10 | hijo Project P10-PRL-ALM-AS02A escrito en btz_description_11 | hijo Project P10-PRL-ALM-AS02B escrito en btz_description_12 | hijo Project P10-PRL-VNT-VE02 escrito en btz_description_13 | hijo Project P10-PRL-CCL-CVE02 escrito en btz_description_14 | hijo Project P10-PRL-VLV-VR02 escrito en btz_description_15 | hijo Project P10-PRL-MLT-ASP3 escrito en btz_description_16 | hijo Project P10-PRL-ALM-AS03A escrito en btz_description_17 | hijo Project P10-PRL-ALM-AS03B escrito en btz_description_18 | hijo Project P10-PRL-VNT-VE03 escrito en btz_description_19 | hijo Project P10-PRL-CCL-CVE03 escrito en btz_description_20 | hijo Project P10-PRL-VLV-VR03 escrito en btz_description_21 | hijo Project P10-PRL-RSC-SF08 escrito en btz_description_22,NO
373591,1dd9711a-59af-4c3f-8b41-17903a787e86-0005b357,P10-PRL-SLO-SLO2,P10,P10-PRL-LGC-PRELIMPIEZA,P10-PRL-LGC-SILOS,P10-PRL-SLO-SLO2 DIARIO,,,,,,,,,,,,,,,,,,,,,,,,,,,confirmado,confirmado_auto,match_elemento_puntual confirmado desde Project/Revit,NO
373540,1dd9711a-59af-4c3f-8b41-17903a787e86-0005b324,P10-PRL-SLO-SLO1,P10,P10-PRL-LGC-PRELIMPIEZA,P10-PRL-LGC-SILOS,P10-PRL-SLO-SLO1 DIARIO,,,,,,,,,,,,,,,,,,,,,,,,,,,confirmado,confirmado_auto,match_elemento_puntual confirmado desde Project/Revit,NO
384012,e0118a5a-e983-4b93-852f-e273cc5f6243-0005dc0c,P10-PRL-SLO-SRECUP,P10,P10-PRL-LGC-PRELIMPIEZA,P10-PRL-LGC-SILOS,P10-PRL-SLO-SRECUP,P10-PRL-VLV-VR19,,,,,,,,,,,,,,,,,,,,,,,,,,confirmado,confirmado_auto,match_elemento_puntual confirmado desde Project/Revit | hijo Project P10-PRL-VLV-VR19 escrito en btz_description_05,NO
385248,3ade3506-4f84-4896-9589-30d81e40c276-0005e0e0,P10-PRL-LGC-MERMA,P10,P10-PRL-LGC-PRELIMPIEZA,P10-PRL-LGC-MERMA,P10-PRL-BTD-BA06,P10-PRL-RSC-SF20,P10-PRL-DSP-DSP01,P10-PRL-ALM-M3DP,P10-PRL-ALM-M2DP,P10-PRL-VLV-VR36,P10-PRL-RSC-SF19,P10-PRL-VNT-M1DP,P10-PRL-RSC-SF16,,,,,,,,,,,,,,,,,,,confirmado,confirmado_auto,match_elemento_puntual confirmado desde Project/Revit | hijo Project P10-PRL-BTD-BA06 escrito en btz_description_04 | hijo Project P10-PRL-RSC-SF20 escrito en btz_description_05 | hijo Project P10-PRL-DSP-DSP01 escrito en btz_description_06 | hijo Project P10-PRL-ALM-M3DP escrito en btz_description_07 | hijo Project P10-PRL-ALM-M2DP escrito en btz_description_08 | hijo Project P10-PRL-VLV-VR36 escrito en btz_description_09 | hijo Project P10-PRL-RSC-SF19 escrito en btz_description_10 | hijo Project P10-PRL-VNT-M1DP escrito en btz_description_11 | hijo Project P10-PRL-RSC-SF16 escrito en btz_description_12,NO
227527,25d0f85d-57da-4cae-8ca2-9b682363407e-000378c7,P10-SRV-CLD-CMB,P10,P10-SRV-LGC-SERVICIOS,P10-SRV-CLD-CMB CALDERA,,,,,,,,,,,,,,,,,,,,,,,,,,,,confirmado,confirmado_auto,match_elemento_puntual confirmado desde Project/Revit,NO
365458,af4a1dfd-5c7d-4cb9-a1b8-2df1a4ebcc4e-00059392,P10-SRV-LGC-FUEL,P10,P10-SRV-LGC-SERVICIOS,P10-SRV-LGC-FUEL OIL,,,,,,,,,,,,,,,,,,,,,,,,,,,,confirmado,confirmado_auto,match_elemento_puntual confirmado desde Project/Revit,NO
365213,5058d264-a8f9-4ba1-9628-877e44bc2201-0005929d,P10-SRV-LGC-OSMOSIS,P10,P10-SRV-LGC-SERVICIOS,P10-SRV-LGC-OSMOSIS,P10-OSM-BMB-BAP01,P10-OSM-BMB-BAP02,P10-OSM-BMB-BC2,P10-OSM-BMB-BC1,P10-OSM-BMB-BC251,P10-OSM-BMB-BD01,P10-OSM-BMB-BD02,P10-OSM-BMB-BO68,P10-OSM-BMB-BO67,P10-OSM-FLT-FLTBOL,P10-OSM-FLT-MF01,P10-OSM-FLT-MF02,P10-OSM-MDL-MDL01,P10-OSM-MDL-MDL02,,,,,,,,,,,,,,confirmado,confirmado_auto,match_elemento_puntual confirmado desde Project/Revit | hijo Project P10-OSM-BMB-BAP01 escrito en btz_description_04 | hijo Project P10-OSM-BMB-BAP02 escrito en btz_description_05 | hijo Project P10-OSM-BMB-BC2 escrito en btz_description_06 | hijo Project P10-OSM-BMB-BC1 escrito en btz_description_07 | hijo Project P10-OSM-BMB-BC251 escrito en btz_description_08 | hijo Project P10-OSM-BMB-BD01 escrito en btz_description_09 | hijo Project P10-OSM-BMB-BD02 escrito en btz_description_10 | hijo Project P10-OSM-BMB-BO68 escrito en btz_description_11 | hijo Project P10-OSM-BMB-BO67 escrito en btz_description_12 | hijo Project P10-OSM-FLT-FLTBOL escrito en btz_description_13 | hijo Project P10-OSM-FLT-MF01 escrito en btz_description_14 | hijo Project P10-OSM-FLT-MF02 escrito en btz_description_15 | hijo Project P10-OSM-MDL-MDL01 escrito en btz_description_16 | hijo Project P10-OSM-MDL-MDL02 escrito en btz_description_17,NO
185694,25d0f85d-57da-4cae-8ca2-9b682363407e-0002d55e,P10-SRV-LGC-TORRES,P10,P10-SRV-LGC-SERVICIOS,P10-SRV-LGC-TORRES ENF EXT,,,,,,,,,,,,,,,,,,,,,,,,,,,,confirmado,confirmado_auto,match_elemento_puntual confirmado desde Project/Revit,NO
380971,ddbef6d8-5146-4ece-9a6f-82caaca14519-0005d02b,P10-SRV-LGC-TRAT,P10,P10-SRV-LGC-SERVICIOS,P10-SRV-LGC-TRAT QUIM CALD,,,,,,,,,,,,,,,,,,,,,,,,,,,,confirmado,confirmado_auto,match_elemento_puntual confirmado desde Project/Revit,NO
228225,25d0f85d-57da-4cae-8ca2-9b682363407e-00037b81,P10-ENE-LGC-TRAFOS,P10,P10-ENE-LGC-TRAFOS,P10-ENE-TRF-TRA1,P10-ENE-TRF-TRA2,P10-ENE-TRF-TRA3,P10-ENE-TRF-TRA4,P10-ENE-TRF-TRA5,P10-ENE-TRF-TRA6,P10-ENE-TRF-TRA7,P10-ENE-TRF-TRA8,P10-ENE-TRF-TRA9,P10-ENE-GNR-GENERADOR,,,,,,,,,,,,,,,,,,,confirmado,confirmado_auto,match_elemento_puntual confirmado desde Project/Revit | hijo Project P10-ENE-TRF-TRA1 escrito en btz_description_03 | hijo Project P10-ENE-TRF-TRA2 escrito en btz_description_04 | hijo Project P10-ENE-TRF-TRA3 escrito en btz_description_05 | hijo Project P10-ENE-TRF-TRA4 escrito en btz_description_06 | hijo Project P10-ENE-TRF-TRA5 escrito en btz_description_07 | hijo Project P10-ENE-TRF-TRA6 escrito en btz_description_08 | hijo Project P10-ENE-TRF-TRA7 escrito en btz_description_09 | hijo Project P10-ENE-TRF-TRA8 escrito en btz_description_10 | hijo Project P10-ENE-TRF-TRA9 escrito en btz_description_11 | hijo Project P10-ENE-GNR-GENERADOR escrito en btz_description_12,NO
378523,ddbef6d8-5146-4ece-9a6f-82caaca14519-0005c69b,P10-GRL-LGC-CCM,P10,P10-GRL-LGC-CCM,P10-CCM-CCM-CLD,P10-CCM-AIR-AIRCLD,P10-CCM-CMP-AC,P10-CCM-CCM-PELL,P10-CCM-CCM-EXT,P10-CCM-AIR-AIREXT,P10-CCM-CCM-PRP,P10-CCM-AIR-AIRPRP,,,,,,,,,,,,,,,,,,,,,confirmado,confirmado_auto,match_elemento_puntual confirmado desde Project/Revit | hijo Project P10-CCM-CCM-CLD escrito en btz_description_03 | hijo Project P10-CCM-AIR-AIRCLD escrito en btz_description_04 | hijo Project P10-CCM-CMP-AC escrito en btz_description_05 | hijo Project P10-CCM-CCM-PELL escrito en btz_description_06 | hijo Project P10-CCM-CCM-EXT escrito en btz_description_07 | hijo Project P10-CCM-AIR-AIREXT escrito en btz_description_08 | hijo Project P10-CCM-CCM-PRP escrito en btz_description_09 | hijo Project P10-CCM-AIR-AIRPRP escrito en btz_description_10,NO
176327,e873c32e-5e0c-4f36-b2a7-48d4917bce06-0002b0c7,P10-ADM-OFC-OFICINA,P10,P10-SRV-LGC-SERVICIOS,P10-ADM-OFC-OFICINA MANT,P10-ADM-OFC-ADM,,,,,,,,,,,,,,,,,,,,,,,,,,,confirmado,confirmado_auto,match_elemento_puntual confirmado desde Project/Revit | hijo Project P10-ADM-OFC-ADM escrito en btz_description_04,NO
