element_id,unique_id,category,family,type,name,mark,comments,btz_numero_activo,btz_description_01,btz_description_02,btz_description_03,btz_description_04,btz_description_05,btz_description_06,btz_description_07,btz_description_08,btz_description_09,btz_description_10,btz_description_11,btz_description_12,btz_description_13,btz_description_14,btz_description_15,btz_description_16,btz_description_17,btz_description_18,btz_description_19,btz_description_20,btz_description_21,btz_description_22,btz_description_23,btz_description_24,btz_description_25,btz_description_26,btz_description_27,btz_description_28,btz_description_29,btz_description_30,btz_description_31,btz_description_32,btz_description_33,btz_description_34,btz_description_35,btz_description_36,btz_description_37,btz_description_38,btz_description_39,btz_description_40,btz_description_41,btz_description_42,btz_description_43,btz_description_44,btz_description_45,btz_description_46,btz_description_47,btz_description_48,btz_description_49,btz_description_50,btz_description_51,btz_description_52,btz_description_53,btz_description_54,btz_description_55,btz_description_56,btz_description_57,btz_description_58,btz_description_59,btz_description_60,btz_description_61,btz_description_62,btz_description_63,btz_description_64,btz_description_65,btz_description_66,btz_description_67,btz_description_68,btz_description_69,btz_description_70,btz_description_71,btz_description_72,btz_description_73,btz_description_74,btz_description_75,btz_description_76,btz_description_77,btz_description_78,btz_description_79,btz_description_80,btz_path_detectado,cantidad_btz_description_con_valor
153025,e873c32e-5e0c-4f36-b2a7-48d4917bce06-000255c1,Walls,,Genérico - 200 mm,Genérico - 200 mm,,CIR_01_V01;CIR_03_V01;CIR_03_V02;CIR_03_V03;VUE_02_V01;VUE_04_V01;VUE_04_V02;VUE_04_V03;CIR_02_V01;CIR_04_V01;CIR_04_V03;CIR_05_V03;MIX_02_V01;MIX_04_V01;MIX_04_V03,,TE,TE-EXP-LGC-EXPEDICION,TE-EXP-LGC-SECTOR ACCESO OSL,,TE-DDV-BLN-BALANZA VAGONES,,,,,,,,,,,,,,,,,,,,,,,,,,,,,,,,,,,,,,,,,,,,,,,,,,,,,,,,,,,,,,,,,,,,,,,,,,,,TE > TE-EXP-LGC-EXPEDICION > TE-EXP-LGC-SECTOR ACCESO OSL > TE-DDV-BLN-BALANZA VAGONES,4
153117,e873c32e-5e0c-4f36-b2a7-48d4917bce06-0002561d,Walls,,Genérico - 200 mm,Genérico - 200 mm,,CIR_01_V01;CIR_03_V01;CIR_03_V02;CIR_03_V03;VUE_02_V01;VUE_04_V01;VUE_04_V02;VUE_04_V03;CIR_02_V01;CIR_04_V01;CIR_04_V03;CIR_05_V03;MIX_02_V01;MIX_04_V01;MIX_04_V03,,TE,TE-EXP-LGC-EXPEDICION,TE-EXP-LGC-SECTOR ACCESO OSL,,TE-EXP-LGC-SECTOR,,,,,,,,,,,,,,,,,,,,,,,,,,,,,,,,,,,,,,,,,,,,,,,,,,,,,,,,,,,,,,,,,,,,,,,,,,,,TE > TE-EXP-LGC-EXPEDICION > TE-EXP-LGC-SECTOR ACCESO OSL > TE-EXP-LGC-SECTOR,4
153162,e873c32e-5e0c-4f36-b2a7-48d4917bce06-0002564a,Walls,,Genérico - 200 mm,Genérico - 200 mm,,CIR_01_V01;CIR_03_V01;CIR_03_V02;CIR_03_V03;VUE_02_V01;VUE_04_V01;VUE_04_V02;VUE_04_V03;CIR_02_V01;CIR_04_V01;CIR_04_V03;CIR_05_V03;MIX_02_V01;MIX_04_V01;MIX_04_V03,,TE,TE-EXP-LGC-EXPEDICION,TE-EXP-LGC-SECTOR ACCESO OSL,,TE-EXP-BRR-BARR,,,,,,,,,,,,,,,,,,,,,,,,,,,,,,,,,,,,,,,,,,,,,,,,,,,,,,,,,,,,,,,,,,,,,,,,,,,,TE > TE-EXP-LGC-EXPEDICION > TE-EXP-LGC-SECTOR ACCESO OSL > TE-EXP-BRR-BARR,4
164153,e873c32e-5e0c-4f36-b2a7-48d4917bce06-00028139,Roofs,,Genérico - 400 mm,Genérico - 400 mm,,,,TE,TE-ALM-LGC-ALMACENAJE (CELDAS),TE-ALM-CLD-CELDA 1,,TE-ALM-LGC-ALMACENAJE (SILOS,TE-ALM-VNT-VBRFMSV,TE-ALM-VNT-VEFMAPELL,TE-ALM-CLD-CELDA,TE-ALM-LGC-VALV,TE-ALM-VLV-V105,TE-ALM-VLV-V110,TE-ALM-VLV-V115,TE-ALM-VLV-V120,TE-ALM-VLV-V125,TE-ALM-CCM-CCMBC2,TE-ALM-VLV-V202,TE-ALM-VLV-V207,TE-ALM-VLV-V212,TE-ALM-VLV-V217,TE-ALM-BMB-BDN3,TE-ALM-FLT-FMACSC3INF,TE-ALM-VLV-V304,TE-ALM-VLV-V309,TE-ALM-VLV-V314,TE-ALM-VLV-V319,TE-ALM-VLV-V324,TE-ALM-VLV-V329,TE-ALM-VNT-VECSC3-04,TE-ALM-VNT-VECSC3-09,TE-ALM-CNT-C12 (CBC4-12,TE-ALM-CNT-C7 (C4C7,TE-ALM-CNT-C9 (C9SC4,TE-ALM-RSC-RFMC4,TE-ALM-VLV-VC402,TE-ALM-VLV-VC407,TE-ALM-VLV-VC412,TE-ALM-VLV-VC417,TE-ALM-VLV-VC422,TE-ALM-VLV-VC427,TE-ALM-VLV-VC432,TE-ALM-VLV-VC437,TE-ALM-VLV-VC442,TE-ALM-VLV-VC447,TE-ALM-VLV-VC452,,,,,,,,,,,,,,,,,,,,,,,,,,,,,,,,,,,,,TE > TE-ALM-LGC-ALMACENAJE (CELDAS) > TE-ALM-CLD-CELDA 1 > TE-ALM-LGC-ALMACENAJE (SILOS > TE-ALM-VNT-VBRFMSV > TE-ALM-VNT-VEFMAPELL > TE-ALM-CLD-CELDA > TE-ALM-LGC-VALV > TE-ALM-VLV-V105 > TE-ALM-VLV-V110 > TE-ALM-VLV-V115 > TE-ALM-VLV-V120 > TE-ALM-VLV-V125 > TE-ALM-CCM-CCMBC2 > TE-ALM-VLV-V202 > TE-ALM-VLV-V207 > TE-ALM-VLV-V212 > TE-ALM-VLV-V217 > TE-ALM-BMB-BDN3 > TE-ALM-FLT-FMACSC3INF > TE-ALM-VLV-V304 > TE-ALM-VLV-V309 > TE-ALM-VLV-V314 > TE-ALM-VLV-V319 > TE-ALM-VLV-V324 > TE-ALM-VLV-V329 > TE-ALM-VNT-VECSC3-04 > TE-ALM-VNT-VECSC3-09 > TE-ALM-CNT-C12 (CBC4-12 > TE-ALM-CNT-C7 (C4C7 > TE-ALM-CNT-C9 (C9SC4 > TE-ALM-RSC-RFMC4 > TE-ALM-VLV-VC402 > TE-ALM-VLV-VC407 > TE-ALM-VLV-VC412 > TE-ALM-VLV-VC417 > TE-ALM-VLV-VC422 > TE-ALM-VLV-VC427 > TE-ALM-VLV-VC432 > TE-ALM-VLV-VC437 > TE-ALM-VLV-VC442 > TE-ALM-VLV-VC447 > TE-ALM-VLV-VC452,43
164356,e873c32e-5e0c-4f36-b2a7-48d4917bce06-00028204,Roofs,,Genérico - 400 mm,Genérico - 400 mm,,PTD_A3_V03,,TE,TE-ALM-LGC-ALMACENAJE (CELDAS),TE-ALM-CLD-CELDA 2,,TE-ALM-FLT-FMAPELL,TE-ALM-VNT-VEFMSV,TE-ALM-BMB-BDN1,TE-ALM-VLV-V101,TE-ALM-VLV-V106,TE-ALM-VLV-V111,TE-ALM-VLV-V116,TE-ALM-VLV-V121,TE-TNL-CNT-CBC1,TE-ALM-CNT-CBC2,TE-ALM-VLV-V203,TE-ALM-VLV-V208,TE-ALM-VLV-V213,TE-ALM-VLV-V218,TE-ALM-CCM-CCMBC3,TE-ALM-VNT-VLFMACSC3INF,TE-ALM-VLV-V305,TE-ALM-VLV-V310,TE-ALM-VLV-V315,TE-ALM-VLV-V320,TE-ALM-VLV-V325,TE-ALM-SIS-VENTICELDA3,TE-ALM-VNT-VECSC3-05,TE-ALM-VNT-VECSC3-10,TE-ALM-CNT-C13 (CBC4-13,TE-ALM-VLV-VG19,TE-ALM-CRR-CTC9,TE-ALM-VLV-VRFMC4,TE-ALM-VLV-VC403,TE-ALM-VLV-VC408,TE-ALM-VLV-VC413,TE-ALM-VLV-VC418,TE-ALM-VLV-VC423,TE-ALM-VLV-VC428,TE-ALM-VLV-VC433,TE-ALM-VLV-VC438,TE-ALM-VLV-VC443,TE-ALM-VLV-VC448,TE-ALM-VLV-VC453,,,,,,,,,,,,,,,,,,,,,,,,,,,,,,,,,,,,,,TE > TE-ALM-LGC-ALMACENAJE (CELDAS) > TE-ALM-CLD-CELDA 2 > TE-ALM-FLT-FMAPELL > TE-ALM-VNT-VEFMSV > TE-ALM-BMB-BDN1 > TE-ALM-VLV-V101 > TE-ALM-VLV-V106 > TE-ALM-VLV-V111 > TE-ALM-VLV-V116 > TE-ALM-VLV-V121 > TE-TNL-CNT-CBC1 > TE-ALM-CNT-CBC2 > TE-ALM-VLV-V203 > TE-ALM-VLV-V208 > TE-ALM-VLV-V213 > TE-ALM-VLV-V218 > TE-ALM-CCM-CCMBC3 > TE-ALM-VNT-VLFMACSC3INF > TE-ALM-VLV-V305 > TE-ALM-VLV-V310 > TE-ALM-VLV-V315 > TE-ALM-VLV-V320 > TE-ALM-VLV-V325 > TE-ALM-SIS-VENTICELDA3 > TE-ALM-VNT-VECSC3-05 > TE-ALM-VNT-VECSC3-10 > TE-ALM-CNT-C13 (CBC4-13 > TE-ALM-VLV-VG19 > TE-ALM-CRR-CTC9 > TE-ALM-VLV-VRFMC4 > TE-ALM-VLV-VC403 > TE-ALM-VLV-VC408 > TE-ALM-VLV-VC413 > TE-ALM-VLV-VC418 > TE-ALM-VLV-VC423 > TE-ALM-VLV-VC428 > TE-ALM-VLV-VC433 > TE-ALM-VLV-VC438 > TE-ALM-VLV-VC443 > TE-ALM-VLV-VC448 > TE-ALM-VLV-VC453,42
166634,e873c32e-5e0c-4f36-b2a7-48d4917bce06-00028aea,Roofs,,Genérico - 400 mm,Genérico - 400 mm,,VUE_02_V01;CIR_02_V01;CIR_04_V01;CIR_04_V03;CIR_03_V01;CIR_03_V02;CIR_04_V02;CIR_05_V01;CIR_05_V02;CIR_05_V03;MIX_02_V01,,,TE-ADM-LGC-EDIFICIOS VARIOS,,,,,,,,,,,,,,,,,,,,,,,,,,,,,,,,,,,,,,,,,,,,,,,,,,,,,,,,,,,,,,,,,,,,,,,,,,,,,,,TE-ADM-LGC-EDIFICIOS VARIOS,1
166752,e873c32e-5e0c-4f36-b2a7-48d4917bce06-00028b60,Roofs,,Genérico - 400 mm,Genérico - 400 mm,,TE-porteria,TE-ADM-EDF-PORTERIA,TE,TE-ADM-LGC-EDIFICIOS VARIOS,TE-ADM-EDF-PORTERIA,,TE-ADM-EDF-BICICLETERO,,,,,,,,,,,,,,,,,,,,,,,,,,,,,,,,,,,,,,,,,,,,,,,,,,,,,,,,,,,,,,,,,,,,,,,,,,,,TE > TE-ADM-LGC-EDIFICIOS VARIOS > TE-ADM-EDF-PORTERIA > TE-ADM-EDF-BICICLETERO,4
168183,e873c32e-5e0c-4f36-b2a7-48d4917bce06-000290f7,Roofs,,Genérico - 400 mm,Genérico - 400 mm,,TE-oficinas,,TE,TE-ADM-LGC-EDIFICIOS VARIOS,TE-ADM-EDF-OFICINAS,,,,,,,,,,,,,,,,,,,,,,,,,,,,,,,,,,,,,,,,,,,,,,,,,,,,,,,,,,,,,,,,,,,,,,,,,,,,,,TE > TE-ADM-LGC-EDIFICIOS VARIOS > TE-ADM-EDF-OFICINAS,3
168280,e873c32e-5e0c-4f36-b2a7-48d4917bce06-00029158,Roofs,,Genérico - 400 mm,Genérico - 400 mm,,,,TE,TE-ADM-LGC-EDIFICIOS VARIOS,TE-ADM-EDF-OFICINAS,,,,,,,,,,,,,,,,,,,,,,,,,,,,,,,,,,,,,,,,,,,,,,,,,,,,,,,,,,,,,,,,,,,,,,,,,,,,,,TE > TE-ADM-LGC-EDIFICIOS VARIOS > TE-ADM-EDF-OFICINAS,3
170458,e873c32e-5e0c-4f36-b2a7-48d4917bce06-000299da,Roofs,,Genérico - 400 mm,Genérico - 400 mm,,TE-pv5,TE-DDC-PTV-PV5,TE,TE-DDC-LGC-DESCARGA CAMIONES,TE-DDC-PTV-PV5,Es exclusivamente de la secadora,,TE-DDC-VNT-VFMDDC,TE-DDC-CHD-CHPV5,TE-DDC-CLZ-CPV5,TE-DDC-CHD-CHCALZPV05,TE-DDC-FLT-FMAPV5,TE-DDC-SIS-DUSTMASTER-PV5,TE-DDC-VLV-PV5A,TE-DDC-VLV-PV5B,TE-DDC-VLV-PV5C,TE-DDC-VNT-VEFMAPV5,,,,,,,,,,,,,,,,,,,,,,,,,,,,,,,,,,,,,,,,,,,,,,,,,,,,,,,,,,,,,,,,,,TE > TE-DDC-LGC-DESCARGA CAMIONES > TE-DDC-PTV-PV5 > Es exclusivamente de la secadora > TE-DDC-VNT-VFMDDC > TE-DDC-CHD-CHPV5 > TE-DDC-CLZ-CPV5 > TE-DDC-CHD-CHCALZPV05 > TE-DDC-FLT-FMAPV5 > TE-DDC-SIS-DUSTMASTER-PV5 > TE-DDC-VLV-PV5A > TE-DDC-VLV-PV5B > TE-DDC-VLV-PV5C > TE-DDC-VNT-VEFMAPV5,14
171843,e873c32e-5e0c-4f36-b2a7-48d4917bce06-00029f43,Generic Models,silos,silos,silos,,,TE-BIO-TNQ-TK402,TE,TE-ACT-LGC-SECTOR ACEITE,TE-ACT-LGC-TANQUES 400,TE-BIO-TNQ-TK402,,TE-ACT-LGC-TANQUES,TE-ACT-VLV-TFPD6-11148,TE-ACT-VLV-TFPD6-11202,,,,,,,,,,,,,,,,,,,,,,,,,,,,,,,,,,,,,,,,,,,,,,,,,,,,,,,,,,,,,,,,,,,,,,,,,TE > TE-ACT-LGC-SECTOR ACEITE > TE-ACT-LGC-TANQUES 400 > TE-BIO-TNQ-TK402 > TE-ACT-LGC-TANQUES > TE-ACT-VLV-TFPD6-11148 > TE-ACT-VLV-TFPD6-11202,7
171963,e873c32e-5e0c-4f36-b2a7-48d4917bce06-00029fbb,Generic Models,Silos 2,Silos 2,Silos 2,,,TE-FUEL-TNQ-TK403,TE,TE-ACT-LGC-SECTOR ACEITE,TE-ACT-LGC-TANQUES 400,TE-FUEL-TNQ-TK403,TE-ACT-CCM-CCMAC,TE-ACT-MLC-MLC MANG ACEITE,TE-ACT-VLV-TFPD6-11199,TE-ACT-VLV-TFPD6-12867,,,,,,,,,,,,,,,,,,,,,,,,,,,,,,,,,,,,,,,,,,,,,,,,,,,,,,,,,,,,,,,,,,,,,,,,,TE > TE-ACT-LGC-SECTOR ACEITE > TE-ACT-LGC-TANQUES 400 > TE-FUEL-TNQ-TK403 > TE-ACT-CCM-CCMAC > TE-ACT-MLC-MLC MANG ACEITE > TE-ACT-VLV-TFPD6-11199 > TE-ACT-VLV-TFPD6-12867,8
172255,e873c32e-5e0c-4f36-b2a7-48d4917bce06-0002a0df,Roofs,,Genérico - 400 mm,Genérico - 400 mm,,,,TE,TE-ALM-LGC-ALMACENAJE (CELDAS),TE-ALM-CLD-CELDA 3,,TE-ALM-FLT-FMSV,TE-ALM-LGC-ALIMENT PTA 6000,TE-ALM-CCM-CCMBC1,TE-ALM-VLV-V102,TE-ALM-VLV-V107,TE-ALM-VLV-V112,TE-ALM-VLV-V117,TE-ALM-VLV-V122,TE-TDM-SIS-ASP,TE-ALM-CNT-CSC2,TE-ALM-VLV-V204,TE-ALM-VLV-V209,TE-ALM-VLV-V214,TE-ALM-VLV-V219,TE-ALM-CNT-CSC3,TE-ALM-VLV-V301,TE-ALM-VLV-V306,TE-ALM-VLV-V311,TE-ALM-VLV-V316,TE-ALM-VLV-V321,TE-ALM-VLV-V326,TE-ALM-VNT-VECSC3-01,TE-ALM-VNT-VECSC3-06,TE-TNL-CNT-CBC3,TE-ALM-CNT-C6 (C6CC4,TE-ALM-VLV-VG20,TE-ALM-FLT-FMC4,TE-ALM-VLV-VRFMC4INF,TE-ALM-VLV-VC404,TE-ALM-VLV-VC409,TE-ALM-VLV-VC414,TE-ALM-VLV-VC419,TE-ALM-VLV-VC424,TE-ALM-VLV-VC429,TE-ALM-VLV-VC434,TE-ALM-VLV-VC439,TE-ALM-VLV-VC444,TE-ALM-VLV-VC449,TE-TNL-CNT-CBC4 C10,,,,,,,,,,,,,,,,,,,,,,,,,,,,,,,,,,,,,,TE > TE-ALM-LGC-ALMACENAJE (CELDAS) > TE-ALM-CLD-CELDA 3 > TE-ALM-FLT-FMSV > TE-ALM-LGC-ALIMENT PTA 6000 > TE-ALM-CCM-CCMBC1 > TE-ALM-VLV-V102 > TE-ALM-VLV-V107 > TE-ALM-VLV-V112 > TE-ALM-VLV-V117 > TE-ALM-VLV-V122 > TE-TDM-SIS-ASP > TE-ALM-CNT-CSC2 > TE-ALM-VLV-V204 > TE-ALM-VLV-V209 > TE-ALM-VLV-V214 > TE-ALM-VLV-V219 > TE-ALM-CNT-CSC3 > TE-ALM-VLV-V301 > TE-ALM-VLV-V306 > TE-ALM-VLV-V311 > TE-ALM-VLV-V316 > TE-ALM-VLV-V321 > TE-ALM-VLV-V326 > TE-ALM-VNT-VECSC3-01 > TE-ALM-VNT-VECSC3-06 > TE-TNL-CNT-CBC3 > TE-ALM-CNT-C6 (C6CC4 > TE-ALM-VLV-VG20 > TE-ALM-FLT-FMC4 > TE-ALM-VLV-VRFMC4INF > TE-ALM-VLV-VC404 > TE-ALM-VLV-VC409 > TE-ALM-VLV-VC414 > TE-ALM-VLV-VC419 > TE-ALM-VLV-VC424 > TE-ALM-VLV-VC429 > TE-ALM-VLV-VC434 > TE-ALM-VLV-VC439 > TE-ALM-VLV-VC444 > TE-ALM-VLV-VC449 > TE-TNL-CNT-CBC4 C10,42
173806,e873c32e-5e0c-4f36-b2a7-48d4917bce06-0002a6ee,Generic Models,silos 567,silos 567,silos 567,,TE-silo6,,TE,TE-ALM-LGC-ALMACENAJE (SILOS),TE-ALM-SLO-SILO 6,,TE-ALM-BMB-BSFMSV,TE-ALM-CNT-CSSDIARIO,TE-ALM-SLO-SILO,TE-ALM-VNT-A15,TE-ALM-VNT-A55,TE-ALM-VLV-P57 DESC,TE-ALM-CNT-CSS6,TE-ALM-VNT-A46,TE-ALM-VNT-A86,TE-TNL-CNT-CBS6,TE-ALM-VNT-A37,TE-ALM-VNT-A77,TE-ALM-VLV-P79 DESC,TE-ALM-VLV-P53,TE-ALM-VLV-P48 DESC,TE-ALM-VLV-Q54,,,,,,,,,,,,,,,,,,,,,,,,,,,,,,,,,,,,,,,,,,,,,,,,,,,,,,,,,,,,,TE > TE-ALM-LGC-ALMACENAJE (SILOS) > TE-ALM-SLO-SILO 6 > TE-ALM-BMB-BSFMSV > TE-ALM-CNT-CSSDIARIO > TE-ALM-SLO-SILO > TE-ALM-VNT-A15 > TE-ALM-VNT-A55 > TE-ALM-VLV-P57 DESC > TE-ALM-CNT-CSS6 > TE-ALM-VNT-A46 > TE-ALM-VNT-A86 > TE-TNL-CNT-CBS6 > TE-ALM-VNT-A37 > TE-ALM-VNT-A77 > TE-ALM-VLV-P79 DESC > TE-ALM-VLV-P53 > TE-ALM-VLV-P48 DESC > TE-ALM-VLV-Q54,19
174050,e873c32e-5e0c-4f36-b2a7-48d4917bce06-0002a7e2,Generic Models,distrib,distrib,distrib,,TE-silo4,,TE,TE-ALM-LGC-ALMACENAJE (SILOS),TE-ALM-SLO-SILO 4,,TE-ALM-VLV-VRTNFMSV,TE-ALM-FLT-FMACSSD,TE-ALM-CNT-CSS5,TE-ALM-VNT-A25,TE-ALM-VNT-A65,TE-ALM-VLV-P58 DESC,TE-ALM-VNT-A16,TE-ALM-VNT-A56,TE-ALM-VLV-P65 DESC,TE-ALM-CNT-CSS7,TE-ALM-VNT-A47,TE-ALM-VNT-A87,TE-TNL-CNT-CBS7,TE-ALM-VLV-P54,TE-ALM-VLV-P49 DESC,TE-ALM-VLV-Q55,,,,,,,,,,,,,,,,,,,,,,,,,,,,,,,,,,,,,,,,,,,,,,,,,,,,,,,,,,,,,TE > TE-ALM-LGC-ALMACENAJE (SILOS) > TE-ALM-SLO-SILO 4 > TE-ALM-VLV-VRTNFMSV > TE-ALM-FLT-FMACSSD > TE-ALM-CNT-CSS5 > TE-ALM-VNT-A25 > TE-ALM-VNT-A65 > TE-ALM-VLV-P58 DESC > TE-ALM-VNT-A16 > TE-ALM-VNT-A56 > TE-ALM-VLV-P65 DESC > TE-ALM-CNT-CSS7 > TE-ALM-VNT-A47 > TE-ALM-VNT-A87 > TE-TNL-CNT-CBS7 > TE-ALM-VLV-P54 > TE-ALM-VLV-P49 DESC > TE-ALM-VLV-Q55,19
174187,e873c32e-5e0c-4f36-b2a7-48d4917bce06-0002a86b,Generic Models,Tanques aceite,Tanques aceite,Tanques aceite,,PTD_E2_V02;PTD_E3_V03,,TE,TE-ACT-LGC-SECTOR ACEITE,TE-ACT-LGC-TANQUES,TE-ACT-TNQ-TK10,TE-ACT-AGT-AG501,,,,,,,,,,,,,,,,,,,,,,,,,,,,,,,,,,,,,,,,,,,,,,,,,,,,,,,,,,,,,,,,,,,,,,,,,,,,TE > TE-ACT-LGC-SECTOR ACEITE > TE-ACT-LGC-TANQUES > TE-ACT-TNQ-TK10 > TE-ACT-AGT-AG501,5
174203,e873c32e-5e0c-4f36-b2a7-48d4917bce06-0002a87b,Generic Models,Tanques aceite1,Tanques aceite,Tanques aceite,,PTD_E2_V02;PTD_E3_V03,TE-ACT-AGT-AG500,TE,TE-ACT-LGC-SECTOR ACEITE,TE-ACT-LGC-TANQUES,TE-ACT-TNQ-TK9,TE-ACT-AGT-AG500,,,,,,,,,,,,,,,,,,,,,,,,,,,,,,,,,,,,,,,,,,,,,,,,,,,,,,,,,,,,,,,,,,,,,,,,,,,,TE > TE-ACT-LGC-SECTOR ACEITE > TE-ACT-LGC-TANQUES > TE-ACT-TNQ-TK9 > TE-ACT-AGT-AG500,5
174229,e873c32e-5e0c-4f36-b2a7-48d4917bce06-0002a895,Generic Models,Tanques aceite2,Tanques aceite,Tanques aceite,,,TE-ACT-TNQ-TK12,TE,TE-ACT-LGC-SECTOR ACEITE,TE-ACT-LGC-TANQUES ACEITE OSL,TE-ACT-TNQ-TK12,TE-ACT-PLM-AIRE2,TE-FUEL-BMB-BO410,TE-ACT-AGT-AG503,,,,,,,,,,,,,,,,,,,,,,,,,,,,,,,,,,,,,,,,,,,,,,,,,,,,,,,,,,,,,,,,,,,,,,,,,,TE > TE-ACT-LGC-SECTOR ACEITE > TE-ACT-LGC-TANQUES ACEITE OSL > TE-ACT-TNQ-TK12 > TE-ACT-PLM-AIRE2 > TE-FUEL-BMB-BO410 > TE-ACT-AGT-AG503,7
174292,e873c32e-5e0c-4f36-b2a7-48d4917bce06-0002a8d4,Roofs,,Genérico - 400 mm,Genérico - 400 mm,,,,TE,TE-ALM-LGC-ALMACENAJE(CELDAS,TE-ALM-CLD-CELDA,TE-ALM-CNT-C6 (C6CC4,TE-ALM-VLV-VG17,TE-ALM-VLV-VG18,TE-ALM-CNT-C7 (C4C7,TE-ALM-VLV-VG19,TE-ALM-VLV-VG20,TE-ALM-CNT-C8 (C8SC4,TE-ALM-CRR-CTC8,TE-ALM-CNT-C9 (C9SC4,TE-ALM-CRR-CTC9,TE-ALM-LGC-VALV,TE-ALM-VLV-VC401,TE-ALM-VLV-VC402,TE-ALM-VLV-VC403,TE-ALM-VLV-VC404,TE-ALM-VLV-VC405,TE-ALM-VLV-VC406,TE-ALM-VLV-VC407,TE-ALM-VLV-VC408,TE-ALM-VLV-VC409,TE-ALM-VLV-VC410,TE-ALM-VLV-VC411,TE-ALM-VLV-VC412,TE-ALM-VLV-VC413,TE-ALM-VLV-VC414,TE-ALM-VLV-VC415,TE-ALM-VLV-VC416,TE-ALM-VLV-VC417,TE-ALM-VLV-VC418,TE-ALM-VLV-VC419,TE-ALM-VLV-VC420,TE-ALM-VLV-VC421,TE-ALM-VLV-VC422,TE-ALM-VLV-VC423,TE-ALM-VLV-VC424,TE-ALM-VLV-VC425,TE-ALM-VLV-VC426,TE-ALM-VLV-VC427,TE-ALM-VLV-VC428,TE-ALM-VLV-VC429,TE-ALM-VLV-VC430,TE-ALM-VLV-VC431,TE-ALM-VLV-VC432,TE-ALM-VLV-VC433,TE-ALM-VLV-VC434,TE-ALM-VLV-VC435,TE-ALM-VLV-VC436,TE-ALM-VLV-VC437,TE-ALM-VLV-VC438,TE-ALM-VLV-VC439,TE-ALM-VLV-VC440,TE-ALM-VLV-VC441,TE-ALM-VLV-VC442,TE-ALM-VLV-VC443,TE-ALM-VLV-VC444,TE-ALM-VLV-VC445,TE-ALM-VLV-VC446,TE-ALM-VLV-VC447,TE-ALM-VLV-VC448,TE-ALM-VLV-VC449,TE-ALM-VLV-VC450,TE-ALM-VLV-VC451,TE-ALM-VLV-VC452,TE-ALM-VLV-VC453,TE-TNL-CNT-CBC4 C10,TE-TNL-VNT-IA4,,,,,,,,,,,,TE > TE-ALM-LGC-ALMACENAJE(CELDAS > TE-ALM-CLD-CELDA > TE-ALM-CNT-C6 (C6CC4 > TE-ALM-VLV-VG17 > TE-ALM-VLV-VG18 > TE-ALM-CNT-C7 (C4C7 > TE-ALM-VLV-VG19 > TE-ALM-VLV-VG20 > TE-ALM-CNT-C8 (C8SC4 > TE-ALM-CRR-CTC8 > TE-ALM-CNT-C9 (C9SC4 > TE-ALM-CRR-CTC9 > TE-ALM-LGC-VALV > TE-ALM-VLV-VC401 > TE-ALM-VLV-VC402 > TE-ALM-VLV-VC403 > TE-ALM-VLV-VC404 > TE-ALM-VLV-VC405 > TE-ALM-VLV-VC406 > TE-ALM-VLV-VC407 > TE-ALM-VLV-VC408 > TE-ALM-VLV-VC409 > TE-ALM-VLV-VC410 > TE-ALM-VLV-VC411 > TE-ALM-VLV-VC412 > TE-ALM-VLV-VC413 > TE-ALM-VLV-VC414 > TE-ALM-VLV-VC415 > TE-ALM-VLV-VC416 > TE-ALM-VLV-VC417 > TE-ALM-VLV-VC418 > TE-ALM-VLV-VC419 > TE-ALM-VLV-VC420 > TE-ALM-VLV-VC421 > TE-ALM-VLV-VC422 > TE-ALM-VLV-VC423 > TE-ALM-VLV-VC424 > TE-ALM-VLV-VC425 > TE-ALM-VLV-VC426 > TE-ALM-VLV-VC427 > TE-ALM-VLV-VC428 > TE-ALM-VLV-VC429 > TE-ALM-VLV-VC430 > TE-ALM-VLV-VC431 > TE-ALM-VLV-VC432 > TE-ALM-VLV-VC433 > TE-ALM-VLV-VC434 > TE-ALM-VLV-VC435 > TE-ALM-VLV-VC436 > TE-ALM-VLV-VC437 > TE-ALM-VLV-VC438 > TE-ALM-VLV-VC439 > TE-ALM-VLV-VC440 > TE-ALM-VLV-VC441 > TE-ALM-VLV-VC442 > TE-ALM-VLV-VC443 > TE-ALM-VLV-VC444 > TE-ALM-VLV-VC445 > TE-ALM-VLV-VC446 > TE-ALM-VLV-VC447 > TE-ALM-VLV-VC448 > TE-ALM-VLV-VC449 > TE-ALM-VLV-VC450 > TE-ALM-VLV-VC451 > TE-ALM-VLV-VC452 > TE-ALM-VLV-VC453 > TE-TNL-CNT-CBC4 C10 > TE-TNL-VNT-IA4,69
196831,25d0f85d-57da-4cae-8ca2-9b682363407e-000300df,Generic Models,silos rio,silos rio,silos rio,,PTC_E1_V01;PTC_E3_V03;PTC_E01_V01,TE-ACT-TNQ-TK4,TE,TE-ACT-LGC-SECTOR ACEITE,TE-ACT-LGC-TANQUES ACEITE,TE-ACT-TNQ-TK4,TE-ACT-CÑR-CAÑERIA,TE-ACT-VLV-TFPD-11145,TE-ACT-VLV-TFPD-11146,TE-ACT-TNQ-TK10,,,,,,,,,,,,,,,,,,,,,,,,,,,,,,,,,,,,,,,,,,,,,,,,,,,,,,,,,,,,,,,,,,,,,,,,,TE > TE-ACT-LGC-SECTOR ACEITE > TE-ACT-LGC-TANQUES ACEITE > TE-ACT-TNQ-TK4 > TE-ACT-CÑR-CAÑERIA > TE-ACT-VLV-TFPD-11145 > TE-ACT-VLV-TFPD-11146 > TE-ACT-TNQ-TK10,8
196851,25d0f85d-57da-4cae-8ca2-9b682363407e-000300f3,Generic Models,silos rio1,silos rio,silos rio,,PTC_E1_V01;PTC_E3_V03;PTC_E01_V01,TE-ACT-TNQ-TK2,TE,TE-ACT-LGC-SECTOR ACEITE,TE-ACT-LGC-TANQUES ACEITE,TE-ACT-TNQ-TK2,TE-ACT-AGT-AG501,TE-ACT-LIN-LINEA VAPOR,,,,,,,,,,,,,,,,,,,,,,,,,,,,,,,,,,,,,,,,,,,,,,,,,,,,,,,,,,,,,,,,,,,,,,,,,,,TE > TE-ACT-LGC-SECTOR ACEITE > TE-ACT-LGC-TANQUES ACEITE > TE-ACT-TNQ-TK2 > TE-ACT-AGT-AG501 > TE-ACT-LIN-LINEA VAPOR,6
196872,25d0f85d-57da-4cae-8ca2-9b682363407e-00030108,Generic Models,silos rio2,silos rio,silos rio,,PTC_E1_V01;PTC_E3_V03;PTC_E01_V01,TE-ACT-TNQ-TK1,TE,TE-ACT-LGC-SECTOR ACEITE,TE-ACT-LGC-TANQUES ACEITE,TE-ACT-TNQ-TK1,TE-ACT-VLV-TFPD-13783,TE-ACT-VLV-TFPD-13786,TE-ACT-TNQ-TK11,TE-BBR-BMB-DESAG CAMARA,,,,,,,,,,,,,,,,,,,,,,,,,,,,,,,,,,,,,,,,,,,,,,,,,,,,,,,,,,,,,,,,,,,,,,,,,TE > TE-ACT-LGC-SECTOR ACEITE > TE-ACT-LGC-TANQUES ACEITE > TE-ACT-TNQ-TK1 > TE-ACT-VLV-TFPD-13783 > TE-ACT-VLV-TFPD-13786 > TE-ACT-TNQ-TK11 > TE-BBR-BMB-DESAG CAMARA,8
196891,25d0f85d-57da-4cae-8ca2-9b682363407e-0003011b,Generic Models,silos rio3,silos rio,silos rio,,PTC_E1_V01;PTC_E3_V03;PTC_E01_V01,TE-ACT-TNQ-TK3,TE,TE-ACT-LGC-SECTOR ACEITE,TE-ACT-LGC-TANQUES ACEITE,TE-ACT-TNQ-TK3,TE-ACT-VLV-TFPD-11198,TE-ACT-VLV-TFPD-11200,TE-ACT-AGT-AG502,TE-GLC-LGC-BOMBAS GLICERINA,,,,,,,,,,,,,,,,,,,,,,,,,,,,,,,,,,,,,,,,,,,,,,,,,,,,,,,,,,,,,,,,,,,,,,,,,TE > TE-ACT-LGC-SECTOR ACEITE > TE-ACT-LGC-TANQUES ACEITE > TE-ACT-TNQ-TK3 > TE-ACT-VLV-TFPD-11198 > TE-ACT-VLV-TFPD-11200 > TE-ACT-AGT-AG502 > TE-GLC-LGC-BOMBAS GLICERINA,8
197248,25d0f85d-57da-4cae-8ca2-9b682363407e-00030280,Roofs,,Genérico - 400 mm,Genérico - 400 mm,,VUE_04_V03;PTD_D3_V03;PTC_D3_V03;PTD_C3_V03;PTC_E1_V01,,TE,TE-ACT-LGC-SECTOR ACEITE,TE-RFN-LGC-CARGADERO,TE-RFN-BRZ-BRAZO,TE-RFN-CDL-CAUDAL,TE-RFN-CRT-CORTINA,TE-RFN-FLT-FARG SUR,TE-RFN-FLT-FARS NORTE,TE-RFN-LCT-LECTOR TARJET REF,TE-RFN-VLV-VN,,,,,,,,,,,,,,,,,,,,,,,,,,,,,,,,,,,,,,,,,,,,,,,,,,,,,,,,,,,,,,,,,,,,,,,TE > TE-ACT-LGC-SECTOR ACEITE > TE-RFN-LGC-CARGADERO > TE-RFN-BRZ-BRAZO > TE-RFN-CDL-CAUDAL > TE-RFN-CRT-CORTINA > TE-RFN-FLT-FARG SUR > TE-RFN-FLT-FARS NORTE > TE-RFN-LCT-LECTOR TARJET REF > TE-RFN-VLV-VN,10
198056,25d0f85d-57da-4cae-8ca2-9b682363407e-000305a8,Roofs,,Genérico - 400 mm,Genérico - 400 mm,,,,TE,TE-ADM-LGC-EDIFICIOS VARIOS,TE-TLL-LGC-OBRADOR ELECTRICO,,TE-TLL-LGC-OBRADOR,,,,,,,,,,,,,,,,,,,,,,,,,,,,,,,,,,,,,,,,,,,,,,,,,,,,,,,,,,,,,,,,,,,,,,,,,,,,TE > TE-ADM-LGC-EDIFICIOS VARIOS > TE-TLL-LGC-OBRADOR ELECTRICO > TE-TLL-LGC-OBRADOR,4
198120,25d0f85d-57da-4cae-8ca2-9b682363407e-000305e8,Roofs,,Genérico - 400 mm,Genérico - 400 mm,,,,TE,TE-ADM-LGC-EDIFICIOS VARIOS,TE-TLL-TALLER TERM EMB,,TE-TLL-GNR- GENERADOR GNW73ER,TE-TLL-MLC-MLC TALLER,,,,,,,,,,,,,,,,,,,,,,,,,,,,,,,,,,,,,,,,,,,,,,,,,,,,,,,,,,,,,,,,,,,,,,,,,,,TE > TE-ADM-LGC-EDIFICIOS VARIOS > TE-TLL-TALLER TERM EMB > TE-TLL-GNR- GENERADOR GNW73ER > TE-TLL-MLC-MLC TALLER,5
200296,25d0f85d-57da-4cae-8ca2-9b682363407e-00030e68,Floors,,Hormigón in situ 225 mm,Hormigón in situ 225 mm,,CIR_01_V01;CIR_03_V01;CIR_03_V02;CIR_03_V03;VUE_02_V01;VUE_04_V01;VUE_04_V02;VUE_04_V03;VUE_05_V01;VUE_05_V02;VUE_05_V03,,TE,TE-EXP-LGC-EXPEDICION,TE-EXP-LGC-SECTOR ACCESO OSL,,TE-EXP-CBN-CAB,,,,,,,,,,,,,,,,,,,,,,,,,,,,,,,,,,,,,,,,,,,,,,,,,,,,,,,,,,,,,,,,,,,,,,,,,,,,TE > TE-EXP-LGC-EXPEDICION > TE-EXP-LGC-SECTOR ACCESO OSL > TE-EXP-CBN-CAB,4
238339,25d0f85d-57da-4cae-8ca2-9b682363407e-0003a303,Generic Models,puert,puert,puert,,,,TE,TE-EMB-LGC-SECTOR EMBARQUE,TE-EMB-LGC-ATRAQUE/AMARRE,,,TE-EMB-MLL-MAB,,,,,,,,,,,,,,,,,,,,,,,,,,,,,,,,,,,,,,,,,,,,,,,,,,,,,,,,,,,,,,,,,,,,,,,,,,,TE > TE-EMB-LGC-SECTOR EMBARQUE > TE-EMB-LGC-ATRAQUE/AMARRE > TE-EMB-MLL-MAB,4
238578,25d0f85d-57da-4cae-8ca2-9b682363407e-0003a3f2,Generic Models,puert1,puert,puert,,,,TE,TE-EMB-LGC-SECTOR EMBARQUE,TE-EMB-LGC-ATRAQUE/AMARRE,,TE-EMB-CHD-CHSERV,TE-EMB-TRR-TAN,,,,,,,,,,,,,,,,,,,,,,,,,,,,,,,,,,,,,,,,,,,,,,,,,,,,,,,,,,,,,,,,,,,,,,,,,,,TE > TE-EMB-LGC-SECTOR EMBARQUE > TE-EMB-LGC-ATRAQUE/AMARRE > TE-EMB-CHD-CHSERV > TE-EMB-TRR-TAN,5
238598,25d0f85d-57da-4cae-8ca2-9b682363407e-0003a406,Generic Models,puert2,puert,puert,,,,TE,TE-EMB-LGC-SECTOR EMBARQUE,TE-EMB-LGC-ATRAQUE/AMARRE,,TE-EMB-CUCH-CUCH,TE-EMB-TRR-TAS,,,,,,,,,,,,,,,,,,,,,,,,,,,,,,,,,,,,,,,,,,,,,,,,,,,,,,,,,,,,,,,,,,,,,,,,,,,TE > TE-EMB-LGC-SECTOR EMBARQUE > TE-EMB-LGC-ATRAQUE/AMARRE > TE-EMB-CUCH-CUCH > TE-EMB-TRR-TAS,5
238634,25d0f85d-57da-4cae-8ca2-9b682363407e-0003a42a,Generic Models,puert3,puert,puert,,,,,TE-EMB-LGC-SECTOR EMBARQUE,,,TE-EMB-CÑO-CAÑONASPERSOR,,,,,,,,,,,,,,,,,,,,,,,,,,,,,,,,,,,,,,,,,,,,,,,,,,,,,,,,,,,,,,,,,,,,,,,,,,,,TE-EMB-LGC-SECTOR EMBARQUE > TE-EMB-CÑO-CAÑONASPERSOR,2
238674,25d0f85d-57da-4cae-8ca2-9b682363407e-0003a452,Generic Models,puert4,puert,puert,,,,TE,TE-TDM-LGC-TORRE DE MANIPULEO,TE-TDM-LGC-PENDULARES TDM,TE-TDM-PND-PEN1,TE-TDM-PND-PEN2,TE-TDM-PND-PEN3,TE-TDM-VLV-AP,,,,,,,,,,,,,,,,,,,,,,,,,,,,,,,,,,,,,,,,,,,,,,,,,,,,,,,,,,,,,,,,,,,,,,,,,,TE > TE-TDM-LGC-TORRE DE MANIPULEO > TE-TDM-LGC-PENDULARES TDM > TE-TDM-PND-PEN1 > TE-TDM-PND-PEN2 > TE-TDM-PND-PEN3 > TE-TDM-VLV-AP,7
239666,25d0f85d-57da-4cae-8ca2-9b682363407e-0003a832,Generic Models,embarque,embarque,embarque,,,,TE,TE-EMB-LGC-SECTOR EMBARQUE,TE-EMB-LGC-CINTAS EMBARQUE,,TE-EMB-GLR-ACCESO BUQUE,,TE-EMB-ASP-ACE1,TE-EMB-VLV-VDP1/2,TE-EMB-ASP-ACE2,TE-EMB-VLV-VDP3/4,TE-EMB-ASP-ACE3,TE-EMB-ASP-ACE4,TE-EMB-VLV-VDP5/6,TE-EMB-ASP-ACE5,TE-EMB-VLV-VDP7/8,,,,,,,,,,,,,,,,,,,,,,,,,,,,,,,,,,,,,,,,,,,,,,,,,,,,,,,,,,,,,,,,,,TE > TE-EMB-LGC-SECTOR EMBARQUE > TE-EMB-LGC-CINTAS EMBARQUE > TE-EMB-GLR-ACCESO BUQUE > TE-EMB-ASP-ACE1 > TE-EMB-VLV-VDP1/2 > TE-EMB-ASP-ACE2 > TE-EMB-VLV-VDP3/4 > TE-EMB-ASP-ACE3 > TE-EMB-ASP-ACE4 > TE-EMB-VLV-VDP5/6 > TE-EMB-ASP-ACE5 > TE-EMB-VLV-VDP7/8,13
239853,25d0f85d-57da-4cae-8ca2-9b682363407e-0003a8ed,Generic Models,Silos rio carga,Silos rio carga,Silos rio carga,,PTC_E1_V01;PTC_E3_V03;PTC_E01_V01,TE-ACT-TNQ-TK7,TE,TE-ACT-LGC-SECTOR ACEITE,TE-ACT-LGC-TANQUES ACEITE,TE-ACT-TNQ-TK7,TE-ACT-TNQ-TK9,TE-GLC-BMB-BO301,,,,,,,,,,,,,,,,,,,,,,,,,,,,,,,,,,,,,,,,,,,,,,,,,,,,,,,,,,,,,,,,,,,,,,,,,,,TE > TE-ACT-LGC-SECTOR ACEITE > TE-ACT-LGC-TANQUES ACEITE > TE-ACT-TNQ-TK7 > TE-ACT-TNQ-TK9 > TE-GLC-BMB-BO301,6
239868,25d0f85d-57da-4cae-8ca2-9b682363407e-0003a8fc,Generic Models,Silos rio carga1,Silos rio carga,Silos rio carga,,PTC_E1_V01;PTC_E3_V03;PTC_E01_V01,TE-ACT-TNQ-TK6,TE,TE-ACT-LGC-SECTOR ACEITE,TE-ACT-LGC-TANQUES ACEITE,TE-ACT-TNQ-TK6,TE-ACT-AGT-AG500,TE-GLC-BMB-BO302,,,,,,,,,,,,,,,,,,,,,,,,,,,,,,,,,,,,,,,,,,,,,,,,,,,,,,,,,,,,,,,,,,,,,,,,,,,TE > TE-ACT-LGC-SECTOR ACEITE > TE-ACT-LGC-TANQUES ACEITE > TE-ACT-TNQ-TK6 > TE-ACT-AGT-AG500 > TE-GLC-BMB-BO302,6
239885,25d0f85d-57da-4cae-8ca2-9b682363407e-0003a90d,Generic Models,Silos rio carga2,Silos rio carga,Silos rio carga,,PTC_E1_V01;PTC_E3_V03;PTC_E01_V01,TE-ACT-TNQ-TK5,TE,TE-ACT-LGC-SECTOR ACEITE,TE-ACT-LGC-TANQUES ACEITE,TE-ACT-TNQ-TK5,TE-GLC-BMB-BO303,,,,,,,,,,,,,,,,,,,,,,,,,,,,,,,,,,,,,,,,,,,,,,,,,,,,,,,,,,,,,,,,,,,,,,,,,,,,TE > TE-ACT-LGC-SECTOR ACEITE > TE-ACT-LGC-TANQUES ACEITE > TE-ACT-TNQ-TK5 > TE-GLC-BMB-BO303,5
239910,25d0f85d-57da-4cae-8ca2-9b682363407e-0003a926,Generic Models,Silos rio carga3,Silos rio carga,Silos rio carga,,PTC_E1_V01;PTC_E3_V03;PTC_E01_V01,,TE,TE-ACT-LGC-SECTOR ACEITE,TE-GLC-LGC-TANQUES TGR,TE-GLC-TNQ-TK TGR7,TE-GLC-BMB-BO304,,TE-ACT-VLV-TFPD6-13785,TE-ACT-VLV-TFPD4-17102,,,,,,,,,,,,,,,,,,,,,,,,,,,,,,,,,,,,,,,,,,,,,,,,,,,,,,,,,,,,,,,,,,,,,,,,,TE > TE-ACT-LGC-SECTOR ACEITE > TE-GLC-LGC-TANQUES TGR > TE-GLC-TNQ-TK TGR7 > TE-GLC-BMB-BO304 > TE-ACT-VLV-TFPD6-13785 > TE-ACT-VLV-TFPD4-17102,7
240154,25d0f85d-57da-4cae-8ca2-9b682363407e-0003aa1a,Roofs,,Genérico - 400 mm,Genérico - 400 mm,,TE-dptomedico,,TE,TE-ADM-LGC-EDIFICIOS VARIOS,TE-CLD-LGC-DPTOCALIDAD,,,,,,,,,,,,,,,,,,,,,,,,,,,,,,,,,,,,,,,,,,,,,,,,,,,,,,,,,,,,,,,,,,,,,,,,,,,,,,TE > TE-ADM-LGC-EDIFICIOS VARIOS > TE-CLD-LGC-DPTOCALIDAD,3
240182,25d0f85d-57da-4cae-8ca2-9b682363407e-0003aa36,Roofs,,Genérico - 400 mm,Genérico - 400 mm,,,,TE,TE-ADM-LGC-EDIFICIOS VARIOS,TE-ADM-EDF-VESTUARIOS GRALES,,,,,,,,,,,,,,,,,,,,,,,,,,,,,,,,,,,,,,,,,,,,,,,,,,,,,,,,,,,,,,,,,,,,,,,,,,,,,,TE > TE-ADM-LGC-EDIFICIOS VARIOS > TE-ADM-EDF-VESTUARIOS GRALES,3
243779,94c5ceaf-9c93-4a8b-ad76-b4723e012880-0003b843,Roofs,,Genérico - 400 mm,Genérico - 400 mm,,TE-caladocamiones,,TE,TE-ADM-LGC-EDIFICIOS VARIOS,TE-CLD-LGC-DPTOCALIDAD,TE-CLD-LGC-CALADO CAMIONES,,,,,,,,,,,,,,,,,,,,,,,,,,,,,,,,,,,,,,,,,,,,,,,,,,,,,,,,,,,,,,,,,,,,,,,,,,,,,TE > TE-ADM-LGC-EDIFICIOS VARIOS > TE-CLD-LGC-DPTOCALIDAD > TE-CLD-LGC-CALADO CAMIONES,4
243861,94c5ceaf-9c93-4a8b-ad76-b4723e012880-0003b895,Roofs,,Genérico - 400 mm,Genérico - 400 mm,,TE-cocheras,,TE,TE-ADM-LGC-EDIFICIOS VARIOS,TE-ADM-EDF-DPTO MEDICO,,,,,,,,,,,,,,,,,,,,,,,,,,,,,,,,,,,,,,,,,,,,,,,,,,,,,,,,,,,,,,,,,,,,,,,,,,,,,,TE > TE-ADM-LGC-EDIFICIOS VARIOS > TE-ADM-EDF-DPTO MEDICO,3
244647,537a4952-56a2-40b2-b335-4f8c5f98eeab-0003bba7,Roofs,,Genérico - 400 mm,Genérico - 400 mm,,PTC_D1;PTC_D1_V01;PTC_E1_V01;PTC_C1_V01;PTD_C1_V01;PTD_D1_V01;PTC_E02_V02,TE-ACT-PLA-CARGDESCACEOSL,TE,TE-ACT-PLA-CARGDESCACEOSL,TE-ACT-PLA-CARGDESCACEOSL,TE-ACT-LGC-SECTOR ACEITE,TE-RFN-LGC-CARGADERO,TE-RFN-BRZ-BRAZO,TE-RFN-CDL-CAUDAL,TE-RFN-CRT-CORTINA,TE-RFN-FLT-FARG SUR,TE-RFN-FLT-FARS NORTE,TE-RFN-LCT-LECTOR TARJET REF,TE-RFN-VLV-VN,,,,,,,,,,,,,,,,,,,,,,,,,,,,,,,,,,,,,,,,,,,,,,,,,,,,,,,,,,,,,,,,,,,,,TE > TE-ACT-PLA-CARGDESCACEOSL > TE-ACT-PLA-CARGDESCACEOSL > TE-ACT-LGC-SECTOR ACEITE > TE-RFN-LGC-CARGADERO > TE-RFN-BRZ-BRAZO > TE-RFN-CDL-CAUDAL > TE-RFN-CRT-CORTINA > TE-RFN-FLT-FARG SUR > TE-RFN-FLT-FARS NORTE > TE-RFN-LCT-LECTOR TARJET REF > TE-RFN-VLV-VN,12
246541,6d934a82-96dc-4146-9e66-1ddfb42e3787-0003c30d,Floors,,Hormigón in situ 225 mm,Hormigón in situ 225 mm,,VUE_01_V01;VUE_03_V03;CIR_04_V03;CIR_02_V01;VUE_03_V01;CIR_04_V02;CIR_04_V01;VUE_05_V01;CIR_05_V01;CIR_05_V02;CIR_05_V03;MIX_05_V01,,TE,TE-EXP-LGC-EXPEDICION,TE-EXP-LGC-SECTOR BALANZA PTO,,TE-EXP-CMR-CAM,,,,,,,,,,,,,,,,,,,,,,,,,,,,,,,,,,,,,,,,,,,,,,,,,,,,,,,,,,,,,,,,,,,,,,,,,,,,TE > TE-EXP-LGC-EXPEDICION > TE-EXP-LGC-SECTOR BALANZA PTO > TE-EXP-CMR-CAM,4
247155,6d934a82-96dc-4146-9e66-1ddfb42e3787-0003c573,Roofs,,Genérico - 400 mm,Genérico - 400 mm,,TE-balanzavagones,,TE,TE-DDV-LGC-DESC. VAGONES,TE-DDV-ASP-ASPER. DESC. VAG,TE-DDV-CCM-DESCVAGONES,TE-DDV-FLT-FMDDV,TE-DDV-BRL-BFMDDV,TE-DDV-RSC-RFMDDV,TE-DDV-VLV-VRFMDDV,TE-DDV-VNT-VFMDDV,TE-DDV-NOR-EDDVAG,TE-DDV-VLV-CLAP/VAGONES,TE-DDV-VLV-VAGONES/CAMIONES,TE-DDV-VLV-VAGONES/CR6,TE-DDV-VLV-VAGONES/RETORNO,,,,,,,,,,,,,,,,,,,,,,,,,,,,,,,,,,,,,,,,,,,,,,,,,,,,,,,,,,,,,,,,,,,TE > TE-DDV-LGC-DESC. VAGONES > TE-DDV-ASP-ASPER. DESC. VAG > TE-DDV-CCM-DESCVAGONES > TE-DDV-FLT-FMDDV > TE-DDV-BRL-BFMDDV > TE-DDV-RSC-RFMDDV > TE-DDV-VLV-VRFMDDV > TE-DDV-VNT-VFMDDV > TE-DDV-NOR-EDDVAG > TE-DDV-VLV-CLAP/VAGONES > TE-DDV-VLV-VAGONES/CAMIONES > TE-DDV-VLV-VAGONES/CR6 > TE-DDV-VLV-VAGONES/RETORNO,14
247308,6d934a82-96dc-4146-9e66-1ddfb42e3787-0003c60c,Roofs,,Genérico - 400 mm,Genérico - 400 mm,,TE-descvagones,,TE,TE-DDV-LGC-DESC. VAGONES,TE-DDV-ASP-ASPER. DESC. VAG,TE-DDV-CCM-DESCVAGONES,TE-DDV-FLT-FMDDV,TE-DDV-BRL-BFMDDV,TE-DDV-RSC-RFMDDV,TE-DDV-VLV-VRFMDDV,TE-DDV-VNT-VFMDDV,TE-DDV-NOR-EDDVAG,TE-DDV-VLV-CLAP/VAGONES,TE-DDV-VLV-VAGONES/CAMIONES,TE-DDV-VLV-VAGONES/CR6,TE-DDV-VLV-VAGONES/RETORNO,,,,,,,,,,,,,,,,,,,,,,,,,,,,,,,,,,,,,,,,,,,,,,,,,,,,,,,,,,,,,,,,,,,TE > TE-DDV-LGC-DESC. VAGONES > TE-DDV-ASP-ASPER. DESC. VAG > TE-DDV-CCM-DESCVAGONES > TE-DDV-FLT-FMDDV > TE-DDV-BRL-BFMDDV > TE-DDV-RSC-RFMDDV > TE-DDV-VLV-VRFMDDV > TE-DDV-VNT-VFMDDV > TE-DDV-NOR-EDDVAG > TE-DDV-VLV-CLAP/VAGONES > TE-DDV-VLV-VAGONES/CAMIONES > TE-DDV-VLV-VAGONES/CR6 > TE-DDV-VLV-VAGONES/RETORNO,14
247346,6d934a82-96dc-4146-9e66-1ddfb42e3787-0003c632,Roofs,,Genérico - 400 mm,Genérico - 400 mm,,TE-descvagones,,TE,TE-DDV-LGC-DESC. VAGONES,TE-DDV-ASP-ASPER. DESC. VAG,TE-DDV-CCM-DESCVAGONES,TE-DDV-FLT-FMDDV,TE-DDV-BRL-BFMDDV,TE-DDV-RSC-RFMDDV,TE-DDV-VLV-VRFMDDV,TE-DDV-VNT-VFMDDV,TE-DDV-NOR-EDDVAG,TE-DDV-VLV-CLAP/VAGONES,TE-DDV-VLV-VAGONES/CAMIONES,TE-DDV-VLV-VAGONES/CR6,TE-DDV-VLV-VAGONES/RETORNO,,,,,,,,,,,,,,,,,,,,,,,,,,,,,,,,,,,,,,,,,,,,,,,,,,,,,,,,,,,,,,,,,,,TE > TE-DDV-LGC-DESC. VAGONES > TE-DDV-ASP-ASPER. DESC. VAG > TE-DDV-CCM-DESCVAGONES > TE-DDV-FLT-FMDDV > TE-DDV-BRL-BFMDDV > TE-DDV-RSC-RFMDDV > TE-DDV-VLV-VRFMDDV > TE-DDV-VNT-VFMDDV > TE-DDV-NOR-EDDVAG > TE-DDV-VLV-CLAP/VAGONES > TE-DDV-VLV-VAGONES/CAMIONES > TE-DDV-VLV-VAGONES/CR6 > TE-DDV-VLV-VAGONES/RETORNO,14
247373,6d934a82-96dc-4146-9e66-1ddfb42e3787-0003c64d,Roofs,,Genérico - 400 mm,Genérico - 400 mm,,TE-descvagones,,TE,TE-EXP-LGC-EXPEDICION,TE-DDV-BLN-BALANZA VAGONES,,,,,,,,,,,,,,,,,,,,,,,,,,,,,,,,,,,,,,,,,,,,,,,,,,,,,,,,,,,,,,,,,,,,,,,,,,,,,,TE > TE-EXP-LGC-EXPEDICION > TE-DDV-BLN-BALANZA VAGONES,3
248505,6d934a82-96dc-4146-9e66-1ddfb42e3787-0003cab9,Walls,,Genérico - 200 mm,Genérico - 200 mm,,CIR_01_V01;CIR_03_V01;CIR_03_V02;CIR_03_V03;VUE_02_V01;VUE_04_V01;VUE_04_V02;VUE_04_V03;CIR_02_V01;CIR_04_V01;CIR_04_V03;CIR_04_V02;CIR_05_V01;CIR_05_V02;CIR_05_V03;MIX_02_V01;MIX_04_V01;MIX_04_V02;MIX_04_V03,,TE,TE-EXP-LGC-EXPEDICION,TE-EXP-LGC-SECTOR BALANZA PTO,,TE-PLY-BLN-OSL,,,,,,,,,,,,,,,,,,,,,,,,,,,,,,,,,,,,,,,,,,,,,,,,,,,,,,,,,,,,,,,,,,,,,,,,,,,,TE > TE-EXP-LGC-EXPEDICION > TE-EXP-LGC-SECTOR BALANZA PTO > TE-PLY-BLN-OSL,4
249234,6d934a82-96dc-4146-9e66-1ddfb42e3787-0003cd92,Walls,,Genérico - 200 mm,Genérico - 200 mm,,CIR_01_V01;CIR_03_V01;CIR_03_V02;CIR_03_V03;VUE_02_V01;VUE_04_V01;VUE_04_V02;VUE_04_V03;CIR_02_V01;CIR_04_V01;CIR_04_V03;CIR_04_V02;CIR_05_V01;CIR_05_V02;CIR_05_V03;MIX_02_V01;MIX_04_V01;MIX_04_V02;MIX_04_V03,,TE,TE-EXP-LGC-EXPEDICION,TE-EXP-LGC-SECTOR BALANZA PTO,,TE-PLY-BLN-1 SUR,,,,,,,,,,,,,,,,,,,,,,,,,,,,,,,,,,,,,,,,,,,,,,,,,,,,,,,,,,,,,,,,,,,,,,,,,,,,TE > TE-EXP-LGC-EXPEDICION > TE-EXP-LGC-SECTOR BALANZA PTO > TE-PLY-BLN-1 SUR,4
249243,6d934a82-96dc-4146-9e66-1ddfb42e3787-0003cd9b,Walls,,Genérico - 200 mm,Genérico - 200 mm,,CIR_01_V01;CIR_03_V01;CIR_03_V02;CIR_03_V03;VUE_02_V01;VUE_04_V01;VUE_04_V02;VUE_04_V03;CIR_02_V01;CIR_04_V01;CIR_04_V03;CIR_04_V02;CIR_05_V01;CIR_05_V02;CIR_05_V03;MIX_02_V01;MIX_04_V01;MIX_04_V02;MIX_04_V03,,TE,TE-EXP-LGC-EXPEDICION,TE-EXP-LGC-SECTOR BALANZA PTO,,TE-PLY-BLN-2 NORTE,,,,,,,,,,,,,,,,,,,,,,,,,,,,,,,,,,,,,,,,,,,,,,,,,,,,,,,,,,,,,,,,,,,,,,,,,,,,TE > TE-EXP-LGC-EXPEDICION > TE-EXP-LGC-SECTOR BALANZA PTO > TE-PLY-BLN-2 NORTE,4
249637,6d934a82-96dc-4146-9e66-1ddfb42e3787-0003cf25,Walls,,Genérico - 200 mm,Genérico - 200 mm,,CIR_01_V01;CIR_03_V01;CIR_03_V02;CIR_03_V03;VUE_02_V01;VUE_04_V01;VUE_04_V02;VUE_04_V03;CIR_02_V01;CIR_04_V01;CIR_04_V03;CIR_04_V02;CIR_05_V01;CIR_05_V02;CIR_05_V03;MIX_02_V01;MIX_04_V01;MIX_04_V02;MIX_04_V03,,TE,TE-EXP-LGC-EXPEDICION,TE-EXP-LGC-SECTOR BALANZA PTO,,,,,,,,,,,,,,,,,,,,,,,,,,,,,,,,,,,,,,,,,,,,,,,,,,,,,,,,,,,,,,,,,,,,,,,,,,,,,,TE > TE-EXP-LGC-EXPEDICION > TE-EXP-LGC-SECTOR BALANZA PTO,3
250078,6d934a82-96dc-4146-9e66-1ddfb42e3787-0003d0de,Roofs,,Genérico - 400 mm,Genérico - 400 mm,,balanza,,TE,TE-EXP-LGC-EXPEDICION,TE-EXP-LGC-SECTOR,TE-EXP-BRR-BARR,TE-EXP-CBN-CAB,TE-EXP-CMR-CAM,TE-PLY-BLN-1 SUR,TE-PLY-BLN-2 NORTE,,,,,,,,,,,,,,,,,,,,,,,,,,,,,,,,,,,,,,,,,,,,,,,,,,,,,,,,,,,,,,,,,,,,,,,,,TE > TE-EXP-LGC-EXPEDICION > TE-EXP-LGC-SECTOR > TE-EXP-BRR-BARR > TE-EXP-CBN-CAB > TE-EXP-CMR-CAM > TE-PLY-BLN-1 SUR > TE-PLY-BLN-2 NORTE,8
250604,6d934a82-96dc-4146-9e66-1ddfb42e3787-0003d2ec,Walls,,Genérico - 200 mm,Genérico - 200 mm,,CIR_01_V01;CIR_03_V01;CIR_03_V02;CIR_03_V03;VUE_02_V01;VUE_04_V01;VUE_04_V02;VUE_04_V03;CIR_04_V01;CIR_04_V03;CIR_05_V01;CIR_04_V02;CIR_05_V02;CIR_05_V03;MIX_04_V01;MIX_04_V02;MIX_04_V03,,TE,TE-EXP-LGC-EXPEDICION,TE-EXP-LGC-SECTOR BALANZA OSL,,,,,,,,,,,,,,,,,,,,,,,,,,,,,,,,,,,,,,,,,,,,,,,,,,,,,,,,,,,,,,,,,,,,,,,,,,,,,,TE > TE-EXP-LGC-EXPEDICION > TE-EXP-LGC-SECTOR BALANZA OSL,3
250727,6d934a82-96dc-4146-9e66-1ddfb42e3787-0003d367,Walls,,Genérico - 200 mm,Genérico - 200 mm,,CIR_01_V01;CIR_03_V01;CIR_03_V02;CIR_03_V03;VUE_02_V01;VUE_04_V01;VUE_04_V02;VUE_04_V03;CIR_04_V01;CIR_04_V03;CIR_05_V01;CIR_04_V02;CIR_05_V02;CIR_05_V03;MIX_04_V01;MIX_04_V02;MIX_04_V03,,TE,TE-EXP-LGC-EXPEDICION,TE-EXP-LGC-SECTOR BALANZA OSL,,,,,,,,,,,,,,,,,,,,,,,,,,,,,,,,,,,,,,,,,,,,,,,,,,,,,,,,,,,,,,,,,,,,,,,,,,,,,,TE > TE-EXP-LGC-EXPEDICION > TE-EXP-LGC-SECTOR BALANZA OSL,3
250817,6d934a82-96dc-4146-9e66-1ddfb42e3787-0003d3c1,Floors,,Hormigón in situ 225 mm,Hormigón in situ 225 mm,,CIR_01_V01;CIR_03_V01;CIR_03_V02;CIR_03_V03;VUE_02_V01;VUE_04_V01;VUE_04_V02;VUE_04_V03;CIR_05_V02;CIR_05_V03,,TE,TE-EXP-LGC-EXPEDICION,TE-EXP-LGC-SECTOR BALANZA OSL,,,,,,,,,,,,,,,,,,,,,,,,,,,,,,,,,,,,,,,,,,,,,,,,,,,,,,,,,,,,,,,,,,,,,,,,,,,,,,TE > TE-EXP-LGC-EXPEDICION > TE-EXP-LGC-SECTOR BALANZA OSL,3
251677,6d934a82-96dc-4146-9e66-1ddfb42e3787-0003d71d,Roofs,,Genérico - 400 mm,Genérico - 400 mm,,,,TE,TE-EXP-LGC-EXPEDICION,TE-EXP-LGC-SECTOR,TE-EXP-BRR-BARR,TE-EXP-CBN-CAB,TE-EXP-CMR-CAM,TE-PLY-BLN-OSL,,,,,,,,,,,,,,,,,,,,,,,,,,,,,,,,,,,,,,,,,,,,,,,,,,,,,,,,,,,,,,,,,,,,,,,,,,TE > TE-EXP-LGC-EXPEDICION > TE-EXP-LGC-SECTOR > TE-EXP-BRR-BARR > TE-EXP-CBN-CAB > TE-EXP-CMR-CAM > TE-PLY-BLN-OSL,7
251912,6d934a82-96dc-4146-9e66-1ddfb42e3787-0003d808,Roofs,,Genérico - 400 mm,Genérico - 400 mm,,CIR_01_V01;CIR_03_V01;CIR_03_V02;CIR_03_V03;VUE_02_V01;VUE_04_V01;VUE_04_V02;VUE_04_V03;CIR_02_V01;CIR_04_V01;CIR_04_V03;CIR_05_V03;MIX_02_V01;MIX_04_V01;MIX_04_V03,,TE,TE-EXP-LGC-EXPEDICION,TE-EXP-LGC-SECTOR ACCESO OSL,,,,,,,,,,,,,,,,,,,,,,,,,,,,,,,,,,,,,,,,,,,,,,,,,,,,,,,,,,,,,,,,,,,,,,,,,,,,,,TE > TE-EXP-LGC-EXPEDICION > TE-EXP-LGC-SECTOR ACCESO OSL,3
285419,121e7c49-6f80-4698-91bd-c7c5a38e25dd-00045aeb,Roofs,,Genérico - 400 mm,Genérico - 400 mm,,dividir e ¿n 8 sectores,TE-SCD-FLT-FMAMAP,TE,TE-SCD-LGC-SECTOR SECADORA,TE-SCD-CCM-CCM SECAD,TE-SCD-LGC-REDLER SECADORA,TE-SEC-RDL-R31,TE-SEC-RDL-R32,TE-SEC-VLV-V1,TE-SEC-VLV-V2,TE-SEC-RDL-R33,TE-SEC-RDL-R34,TE-SEC-SEC-SEKW (SECADORA,TE-SEC-BSC-BASCULANTE,TE-SEC-DPR-DEPU1,TE-SEC-BRZ-BDEP1,TE-SEC-CCL-CDEPU1,TE-SEC-RSC-ROSCDEPU,TE-SEC-DPR-DEPU2,TE-SEC-BRZ-BDEP2,TE-SEC-CCL-CDEPU2,TE-SEC-DST-DESTERRADOR,TE-SEC-VLV-VRDEST,TE-SEC-VNT-VENTDEST,TE-SEC-VLV-VALV,TE-SEC-VLV-V5,TE-SEC-VLV-V6,TE-SEC-VLV-V8,,,,,,,,,,,,,,,,,,,,,,,,,,,,,,,,,,,,,,,,,,,,,,,,,,,,,,,TE > TE-SCD-LGC-SECTOR SECADORA > TE-SCD-CCM-CCM SECAD > TE-SCD-LGC-REDLER SECADORA > TE-SEC-RDL-R31 > TE-SEC-RDL-R32 > TE-SEC-VLV-V1 > TE-SEC-VLV-V2 > TE-SEC-RDL-R33 > TE-SEC-RDL-R34 > TE-SEC-SEC-SEKW (SECADORA > TE-SEC-BSC-BASCULANTE > TE-SEC-DPR-DEPU1 > TE-SEC-BRZ-BDEP1 > TE-SEC-CCL-CDEPU1 > TE-SEC-RSC-ROSCDEPU > TE-SEC-DPR-DEPU2 > TE-SEC-BRZ-BDEP2 > TE-SEC-CCL-CDEPU2 > TE-SEC-DST-DESTERRADOR > TE-SEC-VLV-VRDEST > TE-SEC-VNT-VENTDEST > TE-SEC-VLV-VALV > TE-SEC-VLV-V5 > TE-SEC-VLV-V6 > TE-SEC-VLV-V8,26
287117,121e7c49-6f80-4698-91bd-c7c5a38e25dd-0004618d,Generic Models,Silos rio carga4,Silos rio carga,Silos rio carga,,PTC_E1_V01;PTC_E3_V03;PTC_E01_V01; ESCALAR,,TE,TE-ACT-LGC-SECTOR ACEITE,TE-GLC-LGC-TANQUES TGR,TE-GLC-TNQ-TK TGR9,TE-GLC-BMB-BO305,TE-GLC-CLT-CALDERIN,TE-ACT-VLV-TFPD4-17099,TE-ACT-VLV-TFPD6-14116,,,,,,,,,,,,,,,,,,,,,,,,,,,,,,,,,,,,,,,,,,,,,,,,,,,,,,,,,,,,,,,,,,,,,,,,,TE > TE-ACT-LGC-SECTOR ACEITE > TE-GLC-LGC-TANQUES TGR > TE-GLC-TNQ-TK TGR9 > TE-GLC-BMB-BO305 > TE-GLC-CLT-CALDERIN > TE-ACT-VLV-TFPD4-17099 > TE-ACT-VLV-TFPD6-14116,8
287288,3ef3eb15-44e2-4f2f-86e5-968d98d4d492-00046238,Generic Models,silos rio4,silos rio,silos rio,,PTC_E1_V01;PTC_E3_V03;PTC_E01_V01,TE-LCT-TNQ-TK8,TE,TE-ACT-LGC-SECTOR ACEITE,TE-ACT-LGC-TANQUES ACEITE,TE-LCT-TNQ-TK8,TE-LCT-CLT-CALDERIN,TE-GLC-BMB-BO306,,TE-ACT-LIN-LINEA VAPOR,,,,,,,,,,,,,,,,,,,,,,,,,,,,,,,,,,,,,,,,,,,,,,,,,,,,,,,,,,,,,,,,,,,,,,,,,TE > TE-ACT-LGC-SECTOR ACEITE > TE-ACT-LGC-TANQUES ACEITE > TE-LCT-TNQ-TK8 > TE-LCT-CLT-CALDERIN > TE-GLC-BMB-BO306 > TE-ACT-LIN-LINEA VAPOR,7
308642,dc2f52e8-69c4-45c8-a7dd-658a902d58d3-0004b5a2,Generic Models,Silos rio carga5,Silos rio carga,Silos rio carga,,PTC_E1_V01;PTC_E3_V03;PTC_E01_V01,,TE,TE-ACT-LGC-SECTOR ACEITE,TE-GLC-LGC-TANQUES TGR,TE-GLC-TNQ-TK TGR8,TE-GLC-TNQ-TK,TE-ACT-VLV-TFPD4-17103,TE-ACT-VLV-TFPD6-14117,TE-RFN-LCT-LECTOR TARJET REF,,,,,,,,,,,,,,,,,,,,,,,,,,,,,,,,,,,,,,,,,,,,,,,,,,,,,,,,,,,,,,,,,,,,,,,,,TE > TE-ACT-LGC-SECTOR ACEITE > TE-GLC-LGC-TANQUES TGR > TE-GLC-TNQ-TK TGR8 > TE-GLC-TNQ-TK > TE-ACT-VLV-TFPD4-17103 > TE-ACT-VLV-TFPD6-14117 > TE-RFN-LCT-LECTOR TARJET REF,8
308734,dc2f52e8-69c4-45c8-a7dd-658a902d58d3-0004b5fe,Generic Models,Silos rio carga6,Silos rio carga,Silos rio carga,,PTC_E1_V01;PTC_E3_V03;PTC_E01_V01; ESCALAR,,TE,TE-ACT-LGC-SECTOR ACEITE,TE-GLC-LGC-TANQUES TGR,TE-GLC-TNQ-TK TGR10,TE-ACT-VLV-TFPD6-13781,TE-ACT-VLV-TFPD4-17100,,,,,,,,,,,,,,,,,,,,,,,,,,,,,,,,,,,,,,,,,,,,,,,,,,,,,,,,,,,,,,,,,,,,,,,,,,,TE > TE-ACT-LGC-SECTOR ACEITE > TE-GLC-LGC-TANQUES TGR > TE-GLC-TNQ-TK TGR10 > TE-ACT-VLV-TFPD6-13781 > TE-ACT-VLV-TFPD4-17100,6
314154,dc2f52e8-69c4-45c8-a7dd-658a902d58d3-0004cb2a,Roofs,,Genérico - 400 mm,Genérico - 400 mm,,TE-pv1,TE-DDC-PTV-PV1,TE,TE-DDC-LGC-DESCARGA CAMIONES,TE-DDC-PTV-PV1,,TE-DDC-FLT-FMDDC,TE-DDC-LGC-PLAT. VOLCABLES,TE-DDC-CHD-CHPV1,TE-DDC-CLZ-CPV1,TE-DDC-CHD-CHCALZPV01,TE-DDC-SIS-DUSTMASTER-PV1,TE-DDC-VLV-PV1A,TE-DDC-VLV-PV1B,TE-DDC-VLV-PV1C,TE-DDC-VLV-PV1D,TE-DDC-VLV-PV1E,TE-DDC-VLV-PV1F,,,,,,,,,,,,,,,,,,,,,,,,,,,,,,,,,,,,,,,,,,,,,,,,,,,,,,,,,,,,,,,,,TE > TE-DDC-LGC-DESCARGA CAMIONES > TE-DDC-PTV-PV1 > TE-DDC-FLT-FMDDC > TE-DDC-LGC-PLAT. VOLCABLES > TE-DDC-CHD-CHPV1 > TE-DDC-CLZ-CPV1 > TE-DDC-CHD-CHCALZPV01 > TE-DDC-SIS-DUSTMASTER-PV1 > TE-DDC-VLV-PV1A > TE-DDC-VLV-PV1B > TE-DDC-VLV-PV1C > TE-DDC-VLV-PV1D > TE-DDC-VLV-PV1E > TE-DDC-VLV-PV1F,15
314190,dc2f52e8-69c4-45c8-a7dd-658a902d58d3-0004cb4e,Roofs,,Genérico - 400 mm,Genérico - 400 mm,,TE-pv2,TE-DDC-PTV-PV2,TE,TE-DDC-LGC-DESCARGA CAMIONES,TE-DDC-PTV-PV2,,TE-DDC-BRL-BFMDDC,TE-DDC-CHD-CHPV2,TE-DDC-CLZ-CPV2,TE-DDC-CHD-CHCALZPV02,TE-DDC-SIS-DUSTMASTER-PV2,TE-DDC-VLV-PV2A,TE-DDC-VLV-PV2B,TE-DDC-VLV-PV2C,TE-DDC-VLV-PV2D,TE-DDC-VLV-PV2E,TE-DDC-VLV-PV2F,TE-DDC-SIS-LUBCENTRAL,,,,,,,,,,,,,,,,,,,,,,,,,,,,,,,,,,,,,,,,,,,,,,,,,,,,,,,,,,,,,,,,,TE > TE-DDC-LGC-DESCARGA CAMIONES > TE-DDC-PTV-PV2 > TE-DDC-BRL-BFMDDC > TE-DDC-CHD-CHPV2 > TE-DDC-CLZ-CPV2 > TE-DDC-CHD-CHCALZPV02 > TE-DDC-SIS-DUSTMASTER-PV2 > TE-DDC-VLV-PV2A > TE-DDC-VLV-PV2B > TE-DDC-VLV-PV2C > TE-DDC-VLV-PV2D > TE-DDC-VLV-PV2E > TE-DDC-VLV-PV2F > TE-DDC-SIS-LUBCENTRAL,15
314219,dc2f52e8-69c4-45c8-a7dd-658a902d58d3-0004cb6b,Roofs,,Genérico - 400 mm,Genérico - 400 mm,,TE-pv3,TE-DDC-PTV-PV3,TE,TE-DDC-LGC-DESCARGA CAMIONES,TE-DDC-PTV-PV3,,TE-DDC-RSC-RFMDDC,TE-DDC-CHD-CHPV3,TE-DDC-CLZ-CPV3,TE-DDC-CHD-CHCALZPV03,TE-DDC-SIS-DUSTMASTER-PV3,TE-DDC-VLV-PV3A,TE-DDC-VLV-PV3B,TE-DDC-VLV-PV3C,TE-DDC-VLV-PV3D,TE-DDC-VLV-PV3E,TE-DDC-VLV-PV3F,TE-DDC-SIS-ASPIRACION CH PV,,,,,,,,,,,,,,,,,,,,,,,,,,,,,,,,,,,,,,,,,,,,,,,,,,,,,,,,,,,,,,,,,TE > TE-DDC-LGC-DESCARGA CAMIONES > TE-DDC-PTV-PV3 > TE-DDC-RSC-RFMDDC > TE-DDC-CHD-CHPV3 > TE-DDC-CLZ-CPV3 > TE-DDC-CHD-CHCALZPV03 > TE-DDC-SIS-DUSTMASTER-PV3 > TE-DDC-VLV-PV3A > TE-DDC-VLV-PV3B > TE-DDC-VLV-PV3C > TE-DDC-VLV-PV3D > TE-DDC-VLV-PV3E > TE-DDC-VLV-PV3F > TE-DDC-SIS-ASPIRACION CH PV,15
314239,dc2f52e8-69c4-45c8-a7dd-658a902d58d3-0004cb7f,Roofs,,Genérico - 400 mm,Genérico - 400 mm,,TE-pv4,TE-DDC-PTV-PV4,TE,TE-DDC-LGC-DESCARGA CAMIONES,TE-DDC-PTV-PV4,,TE-DDC-VLV-VRFMDDC,TE-DDC-CHD-CHPV4,TE-DDC-CLZ-CPV4,TE-DDC-CHD-CHCALZPV04,TE-DDC-SIS-DUSTMASTER-PV4,TE-DDC-VLV-PV4A,TE-DDC-VLV-PV4B,TE-DDC-VLV-PV4C,TE-DDC-VLV-PV4D,TE-DDC-VLV-PV4E,TE-DDC-VLV-PV4F,,,,,,,,,,,,,,,,,,,,,,,,,,,,,,,,,,,,,,,,,,,,,,,,,,,,,,,,,,,,,,,,,,TE > TE-DDC-LGC-DESCARGA CAMIONES > TE-DDC-PTV-PV4 > TE-DDC-VLV-VRFMDDC > TE-DDC-CHD-CHPV4 > TE-DDC-CLZ-CPV4 > TE-DDC-CHD-CHCALZPV04 > TE-DDC-SIS-DUSTMASTER-PV4 > TE-DDC-VLV-PV4A > TE-DDC-VLV-PV4B > TE-DDC-VLV-PV4C > TE-DDC-VLV-PV4D > TE-DDC-VLV-PV4E > TE-DDC-VLV-PV4F,14
314581,dc2f52e8-69c4-45c8-a7dd-658a902d58d3-0004ccd5,Generic Models,silos 1,silos 567,silos 567,,TE-silo7,,TE,TE-ALM-LGC-ALMACENAJE (SILOS),TE-ALM-SLO-SILO 7,,TE-ALM-RSC-RFMSV,TE-ALM-NOR-EL5,TE-ALM-SRN-SIRSS5,TE-ALM-VNT-A35,TE-ALM-VNT-A75,TE-ALM-VLV-P59 DESC,TE-ALM-VNT-A26,TE-ALM-VNT-A66,TE-ALM-VLV-P66 DESC,TE-ALM-VNT-A17,TE-ALM-VNT-A57,TE-ALM-VLV-P77 DESC,TE-ALM-CCM-CCMBS4,TE-ALM-VLV-P55,TE-EMB-CNT-CSS4S,TE-ALM-VLV-Q56,,,,,,,,,,,,,,,,,,,,,,,,,,,,,,,,,,,,,,,,,,,,,,,,,,,,,,,,,,,,,TE > TE-ALM-LGC-ALMACENAJE (SILOS) > TE-ALM-SLO-SILO 7 > TE-ALM-RSC-RFMSV > TE-ALM-NOR-EL5 > TE-ALM-SRN-SIRSS5 > TE-ALM-VNT-A35 > TE-ALM-VNT-A75 > TE-ALM-VLV-P59 DESC > TE-ALM-VNT-A26 > TE-ALM-VNT-A66 > TE-ALM-VLV-P66 DESC > TE-ALM-VNT-A17 > TE-ALM-VNT-A57 > TE-ALM-VLV-P77 DESC > TE-ALM-CCM-CCMBS4 > TE-ALM-VLV-P55 > TE-EMB-CNT-CSS4S > TE-ALM-VLV-Q56,19
314647,dc2f52e8-69c4-45c8-a7dd-658a902d58d3-0004cd17,Generic Models,silos 3,silos 567,silos 567,,TE-silo5 TE-silo5 TE-silo5,,TE,TE-ALM-LGC-ALMACENAJE (SILOS),TE-ALM-SLO-SILO 5,,TE-ALM-VLV-VDFMSV,TE-ALM-MLC-MALRESSIL,TE-ALM-SIS-AIREACION,TE-ALM-VNT-A45,TE-ALM-VNT-A85,TE-TNL-CNT-CBS5,TE-ALM-VNT-A36,TE-ALM-VNT-A76,TE-ALM-VLV-P67 DESC,TE-ALM-VNT-A27,TE-ALM-VNT-A67,TE-ALM-VLV-P78 DESC,TE-ALM-CNT-CSS4,TE-ALM-VLV-P56,TE-ALM-VLV-Q53,TE-TNL-CNT-CBS4,,,,,,,,,,,,,,,,,,,,,,,,,,,,,,,,,,,,,,,,,,,,,,,,,,,,,,,,,,,,,TE > TE-ALM-LGC-ALMACENAJE (SILOS) > TE-ALM-SLO-SILO 5 > TE-ALM-VLV-VDFMSV > TE-ALM-MLC-MALRESSIL > TE-ALM-SIS-AIREACION > TE-ALM-VNT-A45 > TE-ALM-VNT-A85 > TE-TNL-CNT-CBS5 > TE-ALM-VNT-A36 > TE-ALM-VNT-A76 > TE-ALM-VLV-P67 DESC > TE-ALM-VNT-A27 > TE-ALM-VNT-A67 > TE-ALM-VLV-P78 DESC > TE-ALM-CNT-CSS4 > TE-ALM-VLV-P56 > TE-ALM-VLV-Q53 > TE-TNL-CNT-CBS4,19
318340,dc2f52e8-69c4-45c8-a7dd-658a902d58d3-0004db84,Generic Models,silos1,silos,silos,,,TE-BIO-TNQ-TK401,TE,TE-ACT-LGC-SECTOR ACEITE,TE-ACT-LGC-TANQUES 400,TE-BIO-TNQ-TK401,TE-ACT-VLV-TFPD6-11147,TE-ACT-VLV-TFPD6-11201,,,,,,,,,,,,,,,,,,,,,,,,,,,,,,,,,,,,,,,,,,,,,,,,,,,,,,,,,,,,,,,,,,,,,,,,,,,TE > TE-ACT-LGC-SECTOR ACEITE > TE-ACT-LGC-TANQUES 400 > TE-BIO-TNQ-TK401 > TE-ACT-VLV-TFPD6-11147 > TE-ACT-VLV-TFPD6-11201,6
318365,dc2f52e8-69c4-45c8-a7dd-658a902d58d3-0004db9d,Generic Models,silos2,silos,silos,,,TE-BIO-TNQ-TK400,TE,TE-ACT-LGC-SECTOR ACEITE,TE-ACT-LGC-TANQUES 400,TE-BIO-TNQ-TK400,TE-ACT-VLV-TFPD6-12870,,,,,,,,,,,,,,,,,,,,,,,,,,,,,,,,,,,,,,,,,,,,,,,,,,,,,,,,,,,,,,,,,,,,,,,,,,,,TE > TE-ACT-LGC-SECTOR ACEITE > TE-ACT-LGC-TANQUES 400 > TE-BIO-TNQ-TK400 > TE-ACT-VLV-TFPD6-12870,5
318484,dc2f52e8-69c4-45c8-a7dd-658a902d58d3-0004dc14,Generic Models,Silos 4,Silos 2,Silos 2,,,TE-FUEL-TNQ-TK404,TE,TE-ACT-LGC-SECTOR ACEITE,TE-ACT-LGC-TANQUES 400,TE-FUEL-TNQ-TK404,TE-ACT-VLV-TFPD6-12871,TE-ACT-VLV-TFPD6-12872,,,,,,,,,,,,,,,,,,,,,,,,,,,,,,,,,,,,,,,,,,,,,,,,,,,,,,,,,,,,,,,,,,,,,,,,,,,TE > TE-ACT-LGC-SECTOR ACEITE > TE-ACT-LGC-TANQUES 400 > TE-FUEL-TNQ-TK404 > TE-ACT-VLV-TFPD6-12871 > TE-ACT-VLV-TFPD6-12872,6
318499,dc2f52e8-69c4-45c8-a7dd-658a902d58d3-0004dc23,Generic Models,Silos 5,Silos 2,Silos 2,,,TE-FUEL-TNQ-TK405,TE,TE-ACT-LGC-SECTOR ACEITE,TE-ACT-LGC-TANQUES 400,TE-FUEL-TNQ-TK405,TE-ACT-VLV-TFPD6-12868,TE-ACT-VLV-TFPD6-12869,,,,,,,,,,,,,,,,,,,,,,,,,,,,,,,,,,,,,,,,,,,,,,,,,,,,,,,,,,,,,,,,,,,,,,,,,,,TE > TE-ACT-LGC-SECTOR ACEITE > TE-ACT-LGC-TANQUES 400 > TE-FUEL-TNQ-TK405 > TE-ACT-VLV-TFPD6-12868 > TE-ACT-VLV-TFPD6-12869,6
330783,dc2f52e8-69c4-45c8-a7dd-658a902d58d3-00050c1f,Generic Models,Tanques aceite3,Tanques aceite,Tanques aceite,,,,TE,TE-ACT-LGC-SECTOR ACEITE,TE-ACT-LGC-TANQUES ACEITE OSL,TE-LCT-TNQ-TK11,,,,,,,,,,,,,,,,,,,,,,,,,,,,,,,,,,,,,,,,,,,,,,,,,,,,,,,,,,,,,,,,,,,,,,,,,,,,,TE > TE-ACT-LGC-SECTOR ACEITE > TE-ACT-LGC-TANQUES ACEITE OSL > TE-LCT-TNQ-TK11,4
346372,166708fd-8f1f-4231-bc3b-68b8d7570667-00054904,Generic Models,puert5,puert,puert,,,,TE,TE-TDM-LGC-TORRE DE MANIPULEO,TE-TE6-LGC-TORRE EL9,,TE-TDM-ASC-ASCENSOR 1,TE-TDM-BMB-BRPF,TE-TDM-VLV-VRBSFMTDM-2,TE-EMB-VLV-VPBE2,TE-TDM-CCM-CCMP0,TE-TDM-INCENDIO,TE-TDM-VLV-P62,TE-TDM-CMP-AC TAB-5-1,TE-TE6-LGC-TORRE EL6,TE-TE6-BRZ-BRFMEL9,TE-TE6-VLV-VR2TN1,TE-TE6-VLV-VR3CYC,TE-TE6-VNT-VLFMEL9,TE-TE6-MLC-MALC EL6,TE-TE6-VLV-VG12,TE-TE6-VLV-VG22,TE-TE6-VLV-VG24,TE-TE6-VLV-VG26,TE-TE6-VLV-VG29,TE-TE6-MND-MLEL9,TE-TE6-VLV-VG14,TE-TE6-VLV-VG16,,,,,,,,,,,,,,,,,,,,,,,,,,,,,,,,,,,,,,,,,,,,,,,,,,,,,,,TE > TE-TDM-LGC-TORRE DE MANIPULEO > TE-TE6-LGC-TORRE EL9 > TE-TDM-ASC-ASCENSOR 1 > TE-TDM-BMB-BRPF > TE-TDM-VLV-VRBSFMTDM-2 > TE-EMB-VLV-VPBE2 > TE-TDM-CCM-CCMP0 > TE-TDM-INCENDIO > TE-TDM-VLV-P62 > TE-TDM-CMP-AC TAB-5-1 > TE-TE6-LGC-TORRE EL6 > TE-TE6-BRZ-BRFMEL9 > TE-TE6-VLV-VR2TN1 > TE-TE6-VLV-VR3CYC > TE-TE6-VNT-VLFMEL9 > TE-TE6-MLC-MALC EL6 > TE-TE6-VLV-VG12 > TE-TE6-VLV-VG22 > TE-TE6-VLV-VG24 > TE-TE6-VLV-VG26 > TE-TE6-VLV-VG29 > TE-TE6-MND-MLEL9 > TE-TE6-VLV-VG14 > TE-TE6-VLV-VG16,25
349738,166708fd-8f1f-4231-bc3b-68b8d7570667-0005562a,Generic Models,Generic Models 1,Generic Models 1,Generic Models 1,,,TE-TDM-CNT-C01,TE,TE-TDM-LGC-TORRE DE MANIPULEO,TE-TDM-LGC-GALERIA C01/C05,TE-TDM-CNT-C01,,TE-TDM-SRN-SIRC01,TE-TDM-ASP-ASPERSOR TDM,TE-TDM-CMP-COM1 (COMPRESOR,TE-TDM-VLV-VRFMTDM -M3,TE-TDM-VLV-ABE2,TE-TDM-AIR-AIRTM0-1,TE-TDM-LGC-BANCO DE CAPACITORE,TE-TDM-VLV-P71,TE-TDM-VNT-B35,,,,,,,,,,,,,,,,,,,,,,,,,,,,,,,,,,,,,,,,,,,,,,,,,,,,,,,,,,,,,,,,,,,TE > TE-TDM-LGC-TORRE DE MANIPULEO > TE-TDM-LGC-GALERIA C01/C05 > TE-TDM-CNT-C01 > TE-TDM-SRN-SIRC01 > TE-TDM-ASP-ASPERSOR TDM > TE-TDM-CMP-COM1 (COMPRESOR > TE-TDM-VLV-VRFMTDM -M3 > TE-TDM-VLV-ABE2 > TE-TDM-AIR-AIRTM0-1 > TE-TDM-LGC-BANCO DE CAPACITORE > TE-TDM-VLV-P71 > TE-TDM-VNT-B35,13
350532,166708fd-8f1f-4231-bc3b-68b8d7570667-00055944,Generic Models,puert6,puert,puert,,,,,TE-EMB-LGC-SECTOR EMBARQUE,,,TE-EMB-ESC-ESC A BUQUE,,,,,,,,,,,,,,,,,,,,,,,,,,,,,,,,,,,,,,,,,,,,,,,,,,,,,,,,,,,,,,,,,,,,,,,,,,,,TE-EMB-LGC-SECTOR EMBARQUE > TE-EMB-ESC-ESC A BUQUE,2
350956,166708fd-8f1f-4231-bc3b-68b8d7570667-00055aec,Roofs,,Genérico - 400 mm,Genérico - 400 mm,,,,TE,TE-ACT-LGC-SECTOR ACEITE,TE-ACT-LGC-BOMBAS DE ACEITE,TE-ACT-SLA-SALA BMB ACEITE,TE-ACT-LGC-BOMBAS LECITINA,TE-LCT-BMB-BO105,TE-ACT-SLA-SALA,TE-ACT-BMB-BO109,TE-ACT-BMB-BO512,TE-ACT-BMB-BO201,,,,,,,,,,,,,,,,,,,,,,,,,,,,,,,,,,,,,,,,,,,,,,,,,,,,,,,,,,,,,,,,,,,,,,,TE > TE-ACT-LGC-SECTOR ACEITE > TE-ACT-LGC-BOMBAS DE ACEITE > TE-ACT-SLA-SALA BMB ACEITE > TE-ACT-LGC-BOMBAS LECITINA > TE-LCT-BMB-BO105 > TE-ACT-SLA-SALA > TE-ACT-BMB-BO109 > TE-ACT-BMB-BO512 > TE-ACT-BMB-BO201,10
351012,166708fd-8f1f-4231-bc3b-68b8d7570667-00055b24,Roofs,,Genérico - 400 mm,Genérico - 400 mm,,,,TE,TE-ACT-LGC-SECTOR ACEITE,TE-BBR-LGC-SECTOR BAJO BARR,TE-ACT-SLA-SALA,TE-ACT-BMB-BO200,TE-ACT-BMB-BO201,TE-BBR-CNL-CANAL PLUVIAL BBR,TE-BBR-VLV-CLAP PLUV NORTE,TE-BBR-VLV-DESPURGUE DCT NORTE,TE-BBR-VLV-EGRESO DCT NORTE,TE-BBR-VLV-INGRESO DCT NORTE,TE-BRR-VLV-VALV,TE-BBR-PLT-PILETA DECANT,TE-BBR-BMB-DESAG CAMARA,TE-BBR-CMR-CAMARA DESGRAS,,,,,,,,,,,,,,,,,,,,,,,,,,,,,,,,,,,,,,,,,,,,,,,,,,,,,,,,,,,,,,,,,,TE > TE-ACT-LGC-SECTOR ACEITE > TE-BBR-LGC-SECTOR BAJO BARR > TE-ACT-SLA-SALA > TE-ACT-BMB-BO200 > TE-ACT-BMB-BO201 > TE-BBR-CNL-CANAL PLUVIAL BBR > TE-BBR-VLV-CLAP PLUV NORTE > TE-BBR-VLV-DESPURGUE DCT NORTE > TE-BBR-VLV-EGRESO DCT NORTE > TE-BBR-VLV-INGRESO DCT NORTE > TE-BRR-VLV-VALV > TE-BBR-PLT-PILETA DECANT > TE-BBR-BMB-DESAG CAMARA > TE-BBR-CMR-CAMARA DESGRAS,15
352276,166708fd-8f1f-4231-bc3b-68b8d7570667-00056014,Generic Models,Generic Models 3,Generic Models 3,Generic Models 3,,,TE-EMB-LGC-DOLPHIN,TE,TE-EMB-LGC-SECTOR EMBARQUE,TE-EMB-LGC-DOLPHIN,,TE-EMB-LGC-CCM EMBARQUE,TE-EMB-DLP-D1,TE-EMB-DLP-D2,TE-EMB-DLP-D3,TE-EMB-DLP-D4,,,,,,,,,,,,,,,,,,,,,,,,,,,,,,,,,,,,,,,,,,,,,,,,,,,,,,,,,,,,,,,,,,,,,,,,TE > TE-EMB-LGC-SECTOR EMBARQUE > TE-EMB-LGC-DOLPHIN > TE-EMB-LGC-CCM EMBARQUE > TE-EMB-DLP-D1 > TE-EMB-DLP-D2 > TE-EMB-DLP-D3 > TE-EMB-DLP-D4,8
354957,b711483d-ace3-4f9c-be95-628f10df186b-00056a8d,Generic Models,Generic Models 8,Generic Models 5,Generic Models 5,,,,,TE-ACT-SLA-SALA BMB BAJO BARR,TE-ACT-BMB-BO106,TE-ACT-BMB-BO510,TE-ACT-BMB-BO513,,,,,,,,,,,,,,,,,,,,,,,,,,,,,,,,,,,,,,,,,,,,,,,,,,,,,,,,,,,,,,,,,,,,,,,,,,,,TE-ACT-SLA-SALA BMB BAJO BARR > TE-ACT-BMB-BO106 > TE-ACT-BMB-BO510 > TE-ACT-BMB-BO513,4
357674,1dd21141-8de6-4d43-b824-f67da67065de-0005752a,Roofs,,Genérico - 400 mm,Genérico - 400 mm,,,,TE,TE-ACT-LGC-SECTOR ACEITE,TE-ACT-LGC-BOMBAS DE ACEITE,TE-ACT-SLA-SALA BMB OSL,TE-LCT-BMB-BO102,TE-LCT-BMB-BO113,TE-ACT-BMB-BO108,TE-ACT-BMB-BO511,TE-ACT-BMB-BO200,,,,,,,,,,,,,,,,,,,,,,,,,,,,,,,,,,,,,,,,,,,,,,,,,,,,,,,,,,,,,,,,,,,,,,,,TE > TE-ACT-LGC-SECTOR ACEITE > TE-ACT-LGC-BOMBAS DE ACEITE > TE-ACT-SLA-SALA BMB OSL > TE-LCT-BMB-BO102 > TE-LCT-BMB-BO113 > TE-ACT-BMB-BO108 > TE-ACT-BMB-BO511 > TE-ACT-BMB-BO200,9
361205,79a4e34a-87ef-4472-9c35-b34f669597e2-000582f5,Roofs,,Genérico - 400 mm,Genérico - 400 mm,,,,TE,TE-ACT-LGC-SECTOR ACEITE,TE-ACT-LGC-BOMBAS DE ACEITE,TE-ACT-LGC-BOMBAS LECITINA,TE-LCT-BMB-BO103,,,,,,,,,,,,,,,,,,,,,,,,,,,,,,,,,,,,,,,,,,,,,,,,,,,,,,,,,,,,,,,,,,,,,,,,,,,,TE > TE-ACT-LGC-SECTOR ACEITE > TE-ACT-LGC-BOMBAS DE ACEITE > TE-ACT-LGC-BOMBAS LECITINA > TE-LCT-BMB-BO103,5
361370,79a4e34a-87ef-4472-9c35-b34f669597e2-0005839a,Roofs,,Genérico - 400 mm,Genérico - 400 mm,,PTD_C2_V02;PTD_D2_V02;PTD_E01_V01;PTD_E02_V02,,TE,TE-ACT-LGC-SECTOR ACEITE,TE-ACT-LGC-BOMBAS DE ACEITE,TE-BIO-SLA-SALA BMB TK400,TE-BIO-BMB-BO414,TE-BIO-BMB-BO415,TE-FUEL-BMB-BO412,TE-FUEL-BMB-BO413,TE-BIO-BMB-BO411,TE-LCT-BMB-BO104,TE-BIO-BMB-BO110,TE-BIO-BMB-BO111,TE-BIO-BMB-BO112,,,,,,,,,,,,,,,,,,,,,,,,,,,,,,,,,,,,,,,,,,,,,,,,,,,,,,,,,,,,,,,,,,,,TE > TE-ACT-LGC-SECTOR ACEITE > TE-ACT-LGC-BOMBAS DE ACEITE > TE-BIO-SLA-SALA BMB TK400 > TE-BIO-BMB-BO414 > TE-BIO-BMB-BO415 > TE-FUEL-BMB-BO412 > TE-FUEL-BMB-BO413 > TE-BIO-BMB-BO411 > TE-LCT-BMB-BO104 > TE-BIO-BMB-BO110 > TE-BIO-BMB-BO111 > TE-BIO-BMB-BO112,13
363228,c5789114-c0d4-413a-baf1-dd659684e66c-00058adc,Floors,,Hormigón in situ 225 mm,Hormigón in situ 225 mm,,,TE-ADM-EDF-COCHERAS,TE,TE-ADM-LGC-EDIFICIOS VARIOS,TE-ADM-EDF-COCHERAS,,,,,,,,,,,,,,,,,,,,,,,,,,,,,,,,,,,,,,,,,,,,,,,,,,,,,,,,,,,,,,,,,,,,,,,,,,,,,,TE > TE-ADM-LGC-EDIFICIOS VARIOS > TE-ADM-EDF-COCHERAS,3
364143,c5789114-c0d4-413a-baf1-dd659684e66c-00058e6f,Roofs,,Genérico - 400 mm,Genérico - 400 mm,,,,TE,TE-ADM-LGC-EDIFICIOS VARIOS,,,,,,,,,,,,,,,,,,,,,,,,,,,,,,,,,,,,,,,,,,,,,,,,,,,,,,,,,,,,,,,,,,,,,,,,,,,,,,,TE > TE-ADM-LGC-EDIFICIOS VARIOS,2
364734,c5789114-c0d4-413a-baf1-dd659684e66c-000590be,Roofs,,Genérico - 400 mm,Genérico - 400 mm,,,TE-ADM-EDF-COMEDOR,,TE-ADM-LGC-EDIFICIOS VARIOS,TE-ADM-EDF-COMEDOR,,,,,,,,,,,,,,,,,,,,,,,,,,,,,,,,,,,,,,,,,,,,,,,,,,,,,,,,,,,,,,,,,,,,,,,,,,,,,,TE-ADM-LGC-EDIFICIOS VARIOS > TE-ADM-EDF-COMEDOR,2
364898,c5789114-c0d4-413a-baf1-dd659684e66c-00059162,Roofs,,Genérico - 400 mm,Genérico - 400 mm,,,,TE,TE-ADM-LGC-EDIFICIOS VARIOS,TE-TLL-LGC-OBRADOR MECANICO,,,,,,,,,,,,,,,,,,,,,,,,,,,,,,,,,,,,,,,,,,,,,,,,,,,,,,,,,,,,,,,,,,,,,,,,,,,,,,TE > TE-ADM-LGC-EDIFICIOS VARIOS > TE-TLL-LGC-OBRADOR MECANICO,3
370890,c0e94eee-2efb-4074-b595-adbb9aa5b956-0005a8ca,Generic Models,Generic Models 10,Generic Models 10,Generic Models 10,,,TE-EMB-PSC-P1,TE,TE-EMB-LGC-SECTOR EMBARQUE,TE-EMB-LGC-PESCANTES,TE-EMB-PSC-P1,TE-EMB-CCM-CCMP1,TE-EMB-CHD-CENT,TE-EMB-CHD-CUCHARA,TE-EMB-CIL-CHPP1,TE-EMB-CNT-TB1,TE-EMB-PIL-PILA,TE-EMB-TTL-TUBO,,,,,,,,,,,,,,,,,,,,,,,,,,,,,,,,,,,,,,,,,,,,,,,,,,,,,,,,,,,,,,,,,,,,,,TE > TE-EMB-LGC-SECTOR EMBARQUE > TE-EMB-LGC-PESCANTES > TE-EMB-PSC-P1 > TE-EMB-CCM-CCMP1 > TE-EMB-CHD-CENT > TE-EMB-CHD-CUCHARA > TE-EMB-CIL-CHPP1 > TE-EMB-CNT-TB1 > TE-EMB-PIL-PILA > TE-EMB-TTL-TUBO,11
372532,c0e94eee-2efb-4074-b595-adbb9aa5b956-0005af34,Generic Models,Generic Models 11,Generic Models 10,Generic Models 10,,,TE-EMB-PSC-P2,TE,TE-EMB-LGC-SECTOR EMBARQUE,TE-EMB-LGC-PESCANTES,TE-EMB-PSC-P2,TE-EMB-CCM-CCMP1INF,TE-EMB-CIL-CHPP2,TE-EMB-CNT-TB2,,,,,,,,,,,,,,,,,,,,,,,,,,,,,,,,,,,,,,,,,,,,,,,,,,,,,,,,,,,,,,,,,,,,,,,,,,TE > TE-EMB-LGC-SECTOR EMBARQUE > TE-EMB-LGC-PESCANTES > TE-EMB-PSC-P2 > TE-EMB-CCM-CCMP1INF > TE-EMB-CIL-CHPP2 > TE-EMB-CNT-TB2,7
372571,c0e94eee-2efb-4074-b595-adbb9aa5b956-0005af5b,Generic Models,Generic Models 12,Generic Models 10,Generic Models 10,,,TE-EMB-PSC-P3,TE,TE-EMB-LGC-SECTOR EMBARQUE,TE-EMB-LGC-PESCANTES,TE-EMB-PSC-P3,TE-EMB-CCM-CCMP2,TE-EMB-CIL-CHPP3,TE-EMB-CNT-TB3,,,,,,,,,,,,,,,,,,,,,,,,,,,,,,,,,,,,,,,,,,,,,,,,,,,,,,,,,,,,,,,,,,,,,,,,,,TE > TE-EMB-LGC-SECTOR EMBARQUE > TE-EMB-LGC-PESCANTES > TE-EMB-PSC-P3 > TE-EMB-CCM-CCMP2 > TE-EMB-CIL-CHPP3 > TE-EMB-CNT-TB3,7
373139,c0e94eee-2efb-4074-b595-adbb9aa5b956-0005b193,Generic Models,Generic Models 13,Generic Models 13,Generic Models 13,,,,TE,TE-EMB-LGC-SECTOR EMBARQUE,TE-EMB-LGC-CINTAS EMBARQUE,,TE-EMB-CCM-CCMP3,TE-EMB-CNT-CE1,TE-EMB-VLV-RNCE1,TE-EMB-CNT-CE2,TE-EMB-VLV-RNCE2,TE-EMB-CNT-CE3,TE-EMB-CNT-CE4,TE-EMB-VLV-RNCE4,TE-EMB-CNT-CE5,TE-EMB-VLV-RNCE5,TE-EMB-GLR-GCE,,,,,,,,,,,,,,,,,,,,,,,,,,,,,,,,,,,,,,,,,,,,,,,,,,,,,,,,,,,,,,,,,,TE > TE-EMB-LGC-SECTOR EMBARQUE > TE-EMB-LGC-CINTAS EMBARQUE > TE-EMB-CCM-CCMP3 > TE-EMB-CNT-CE1 > TE-EMB-VLV-RNCE1 > TE-EMB-CNT-CE2 > TE-EMB-VLV-RNCE2 > TE-EMB-CNT-CE3 > TE-EMB-CNT-CE4 > TE-EMB-VLV-RNCE4 > TE-EMB-CNT-CE5 > TE-EMB-VLV-RNCE5 > TE-EMB-GLR-GCE,14
373369,1dd9711a-59af-4c3f-8b41-17903a787e86-0005b279,Generic Models,puert7,puert,puert,,,,TE,TE-TDM-LGC-TORRE DE MANIPULEO,TE-TE6-LGC-TORRE EL6,,TE-TDM-BMB-BATM1,TE-TDM-PUL-AIRE3,TE-TDM-VNT-VFMTDM,TE-TDM-VLV-VBPB2,TE-TDM-CMP-TM,TE-TDM-LGC-SIRENAS TDM,TE-TDM-VLV-P72,TE-TE6-FLT-FMEL9,TE-TE6-RSC-RFMEL9,TE-TE6-FLT-CFINOS PREPA-OSL,TE-TE6-VLV-VRFMEL9,TE-TE6-VNT-VPFMEL9,TE-TE6-NOR-EL6,TE-TE6-VLV-VG21,TE-TE6-VLV-VG23,TE-TE6-VLV-VG25,TE-TE6-VLV-VG28,TE-TE6-NOR-EL9,TE-TE6-VLV-VG13,TE-TE6-VLV-VG15,TE-TE6-VLV-VG27,,,,,,,,,,,,,,,,,,,,,,,,,,,,,,,,,,,,,,,,,,,,,,,,,,,,,,,,TE > TE-TDM-LGC-TORRE DE MANIPULEO > TE-TE6-LGC-TORRE EL6 > TE-TDM-BMB-BATM1 > TE-TDM-PUL-AIRE3 > TE-TDM-VNT-VFMTDM > TE-TDM-VLV-VBPB2 > TE-TDM-CMP-TM > TE-TDM-LGC-SIRENAS TDM > TE-TDM-VLV-P72 > TE-TE6-FLT-FMEL9 > TE-TE6-RSC-RFMEL9 > TE-TE6-FLT-CFINOS PREPA-OSL > TE-TE6-VLV-VRFMEL9 > TE-TE6-VNT-VPFMEL9 > TE-TE6-NOR-EL6 > TE-TE6-VLV-VG21 > TE-TE6-VLV-VG23 > TE-TE6-VLV-VG25 > TE-TE6-VLV-VG28 > TE-TE6-NOR-EL9 > TE-TE6-VLV-VG13 > TE-TE6-VLV-VG15 > TE-TE6-VLV-VG27,24
374208,1dd9711a-59af-4c3f-8b41-17903a787e86-0005b5c0,Generic Models,Generic Models 14,Generic Models 1,Generic Models 1,,,TE-TDM-CNT-C05,TE,TE-TDM-LGC-TORRE DE MANIPULEO,TE-TDM-LGC-GALERIA C01/C05,TE-TDM-CNT-C05,TE-TDM-VLV-Q01,TE-TDM-VLV-Q02,TE-TDM-VLV-Q03,TE-TDM-VLV-Q04,TE-TDM-VLV-Q05,TE-TDM-VLV-Q06,TE-TDM-CNT-SACAMMETALES,TE-TDM-BMB-BATM2,TE-TDM-FLT-FMTDM,TE-TDM-LGC-BALANZAS EMBARQUE,TE-TDM-VLV-ABE3,TE-TDM-AIR-AIRTM0-2,TE-TDM-SRN-SIR,TE-TDM-VLV-P81,,,,,,,,,,,,,,,,,,,,,,,,,,,,,,,,,,,,,,,,,,,,,,,,,,,,,,,,,,,,,,,TE > TE-TDM-LGC-TORRE DE MANIPULEO > TE-TDM-LGC-GALERIA C01/C05 > TE-TDM-CNT-C05 > TE-TDM-VLV-Q01 > TE-TDM-VLV-Q02 > TE-TDM-VLV-Q03 > TE-TDM-VLV-Q04 > TE-TDM-VLV-Q05 > TE-TDM-VLV-Q06 > TE-TDM-CNT-SACAMMETALES > TE-TDM-BMB-BATM2 > TE-TDM-FLT-FMTDM > TE-TDM-LGC-BALANZAS EMBARQUE > TE-TDM-VLV-ABE3 > TE-TDM-AIR-AIRTM0-2 > TE-TDM-SRN-SIR > TE-TDM-VLV-P81,18
374459,1dd9711a-59af-4c3f-8b41-17903a787e86-0005b6bb,Generic Models,puert8,puert,puert,,,TE-TDM-LGC-ELEVADORES,TE,TE-TDM-LGC-TORRE DE MANIPULEO,TE-TDM-ASC-ASCENSOR 1,,,,,,,,,,,,,,,,,,,,,,,,,,,,,,,,,,,,,,,,,,,,,,,,,,,,,,,,,,,,,,,,,,,,,,,,,,,,,,TE > TE-TDM-LGC-TORRE DE MANIPULEO > TE-TDM-ASC-ASCENSOR 1,3
374802,1dd9711a-59af-4c3f-8b41-17903a787e86-0005b812,Generic Models,puert9,puert,puert,,,,TE,TE-TDM-LGC-TORRE DE MANIPULEO,TE-TDM-LGC-PENDULARES TDM,,TE-TDM-BMB-BDPO,TE-TDM-BMB-BSFMTDM-2,TE-EMB-VLV-VPBE1,TE-TDM-VLV-P21,TE-TDM-CCM-CCMP2,TE-TDM-PND-PEN1,TE-TDM-PND-PEN2,TE-TDM-PND-PEN3,TE-TDM-VLV-AP,TE-TDM-VLV-P51,TE-TDM-MLC-FOSOTDM,,,,,,,,,,,,,,,,,,,,,,,,,,,,,,,,,,,,,,,,,,,,,,,,,,,,,,,,,,,,,,,,,,TE > TE-TDM-LGC-TORRE DE MANIPULEO > TE-TDM-LGC-PENDULARES TDM > TE-TDM-BMB-BDPO > TE-TDM-BMB-BSFMTDM-2 > TE-EMB-VLV-VPBE1 > TE-TDM-VLV-P21 > TE-TDM-CCM-CCMP2 > TE-TDM-PND-PEN1 > TE-TDM-PND-PEN2 > TE-TDM-PND-PEN3 > TE-TDM-VLV-AP > TE-TDM-VLV-P51 > TE-TDM-MLC-FOSOTDM,14
375014,8accc226-fd17-4cff-b8d4-a22c3cd8ef0a-0005b8e6,Generic Models,puert10,puert,puert,,,TE-TDM-LGC-CINTAS TRANSFERENCI,TE,TE-TDM-LGC-TORRE DE MANIPULEO,TE-TDM-LGC-CCM TDM,TE-TDM-CCM-CCMP0,TE-TDM-AIR-AIRTM0-1,TE-TDM-CMP-TM,TE-TDM-AIR-AIRTM0-2,TE-TDM-GNR-GENERADOR GEP2183,TE-TDM-CCM-CCMP2,TE-TDM-AIR-AIRTM2-1,TE-TDM-AIR-AIRTM2-2,TE-TDM-INCENDIO,TE-TDM-LGC-BANCO DE CAPACITORE,TE-TDM-LGC-SIRENAS TDM,TE-TDM-SRN-SIR,,,,,,,,,,,,,,,,,,,,,,,,,,,,,,,,,,,,,,,,,,,,,,,,,,,,,,,,,,,,,,,,,,TE > TE-TDM-LGC-TORRE DE MANIPULEO > TE-TDM-LGC-CCM TDM > TE-TDM-CCM-CCMP0 > TE-TDM-AIR-AIRTM0-1 > TE-TDM-CMP-TM > TE-TDM-AIR-AIRTM0-2 > TE-TDM-GNR-GENERADOR GEP2183 > TE-TDM-CCM-CCMP2 > TE-TDM-AIR-AIRTM2-1 > TE-TDM-AIR-AIRTM2-2 > TE-TDM-INCENDIO > TE-TDM-LGC-BANCO DE CAPACITORE > TE-TDM-LGC-SIRENAS TDM > TE-TDM-SRN-SIR,15
376778,8accc226-fd17-4cff-b8d4-a22c3cd8ef0a-0005bfca,Roofs,,Genérico - 400 mm,Genérico - 400 mm,,dividir e ¿n 8 sectores,TE-SCD-LGC-REDLER SECADORA,TE,TE-SCD-LGC-SECTOR SECADORA,TE-SEC-NOR-EL7,TE-SEC-VLV-V3,TE-SEC-VLV-V4,TE-SEC-NOR-EL8,,,,,,,,,,,,,,,,,,,,,,,,,,,,,,,,,,,,,,,,,,,,,,,,,,,,,,,,,,,,,,,,,,,,,,,,,,,TE > TE-SCD-LGC-SECTOR SECADORA > TE-SEC-NOR-EL7 > TE-SEC-VLV-V3 > TE-SEC-VLV-V4 > TE-SEC-NOR-EL8,6
376800,8accc226-fd17-4cff-b8d4-a22c3cd8ef0a-0005bfe0,Roofs,,Genérico - 400 mm,Genérico - 400 mm,,dividir e ¿n 8 sectores,TE-SEC-NOR-EL7,TE,TE-SCD-LGC-SECTOR SECADORA,TE-SCD-FLT-FMAMAP,TE-SCD-VLV-VRFMAMAP,TE-SCD-VNT-VLFMAMAP,,,,,,,,,,,,,,,,,,,,,,,,,,,,,,,,,,,,,,,,,,,,,,,,,,,,,,,,,,,,,,,,,,,,,,,,,,,,TE > TE-SCD-LGC-SECTOR SECADORA > TE-SCD-FLT-FMAMAP > TE-SCD-VLV-VRFMAMAP > TE-SCD-VNT-VLFMAMAP,5
376826,8accc226-fd17-4cff-b8d4-a22c3cd8ef0a-0005bffa,Roofs,,Genérico - 400 mm,Genérico - 400 mm,,dividir e ¿n 8 sectores,,TE,TE-SCD-LGC-SECTOR SECADORA,TE-SCD-LGC-QUEMADORES,TE-SEC-QMD-QM01,TE-SEC-QMD-QM02,TE-SEC-QMD-QM03,TE-SEC-QMD-QM04,TE-SEC-QMD-QM05,TE-SEC-QMD-QM06,TE-SCD-LGC-VENTIL AIRE CALIENT,TE-SEC-VNT-VE01 AIRE CAL,TE-SEC-VNT-VE02 AIRE CAL,TE-SEC-VNT-VE03 AIRE CAL,TE-SEC-VNT-VE04 AIRE CAL,TE-SEC-VNT-VE05 AIRE CAL,,,,,,,,,,,,,,,,,,,,,,,,,,,,,,,,,,,,,,,,,,,,,,,,,,,,,,,,,,,,,,,,,,TE > TE-SCD-LGC-SECTOR SECADORA > TE-SCD-LGC-QUEMADORES > TE-SEC-QMD-QM01 > TE-SEC-QMD-QM02 > TE-SEC-QMD-QM03 > TE-SEC-QMD-QM04 > TE-SEC-QMD-QM05 > TE-SEC-QMD-QM06 > TE-SCD-LGC-VENTIL AIRE CALIENT > TE-SEC-VNT-VE01 AIRE CAL > TE-SEC-VNT-VE02 AIRE CAL > TE-SEC-VNT-VE03 AIRE CAL > TE-SEC-VNT-VE04 AIRE CAL > TE-SEC-VNT-VE05 AIRE CAL,15
386142,905be7f4-0c46-42ea-a443-0fdea469e6f3-0005e45e,Generic Models,puert13,puert,puert,,,,TE,TE-ALM-LGC-ALMACENAJE (CELDAS),TE-ALM-CLD-CELDA 4,,TE-ALM-VLV-VRFMSV,TE-ALM-VLV-VR2TN2FMAPELL,TE-ALM-CRR-CTCSC1,TE-ALM-VLV-V104,TE-ALM-VLV-V109,TE-ALM-VLV-V114,TE-ALM-VLV-V119,TE-ALM-VLV-V124,TE-ALM-BMB-BDN2,TE-ALM-VLV-V201,TE-ALM-VLV-V206,TE-ALM-VLV-V211,TE-ALM-VLV-V216,TE-ALM-ASP-ASPERSOR,TE-ALM-CRR-CTCSC3,TE-ALM-VLV-V303,TE-ALM-VLV-V308,TE-ALM-VLV-V313,TE-ALM-VLV-V318,TE-ALM-VLV-V323,TE-ALM-VLV-V328,TE-ALM-VNT-VECSC3-03,TE-ALM-VNT-VECSC3-08,TE-ALM-CNT-C11 (C4C11,TE-ALM-VLV-VG18,TE-ALM-CRR-CTC8,TE-ALM-BRL-BRFMC4,TE-ALM-VLV-VC401,TE-ALM-VLV-VC406,TE-ALM-VLV-VC411,TE-ALM-VLV-VC416,TE-ALM-VLV-VC421,TE-ALM-VLV-VC426,TE-ALM-VLV-VC431,TE-ALM-VLV-VC436,TE-ALM-VLV-VC441,TE-ALM-VLV-VC446,TE-ALM-VLV-VC451,,,,,,,,,,,,,,,,,,,,,,,,,,,,,,,,,,,,,,,TE > TE-ALM-LGC-ALMACENAJE (CELDAS) > TE-ALM-CLD-CELDA 4 > TE-ALM-VLV-VRFMSV > TE-ALM-VLV-VR2TN2FMAPELL > TE-ALM-CRR-CTCSC1 > TE-ALM-VLV-V104 > TE-ALM-VLV-V109 > TE-ALM-VLV-V114 > TE-ALM-VLV-V119 > TE-ALM-VLV-V124 > TE-ALM-BMB-BDN2 > TE-ALM-VLV-V201 > TE-ALM-VLV-V206 > TE-ALM-VLV-V211 > TE-ALM-VLV-V216 > TE-ALM-ASP-ASPERSOR > TE-ALM-CRR-CTCSC3 > TE-ALM-VLV-V303 > TE-ALM-VLV-V308 > TE-ALM-VLV-V313 > TE-ALM-VLV-V318 > TE-ALM-VLV-V323 > TE-ALM-VLV-V328 > TE-ALM-VNT-VECSC3-03 > TE-ALM-VNT-VECSC3-08 > TE-ALM-CNT-C11 (C4C11 > TE-ALM-VLV-VG18 > TE-ALM-CRR-CTC8 > TE-ALM-BRL-BRFMC4 > TE-ALM-VLV-VC401 > TE-ALM-VLV-VC406 > TE-ALM-VLV-VC411 > TE-ALM-VLV-VC416 > TE-ALM-VLV-VC421 > TE-ALM-VLV-VC426 > TE-ALM-VLV-VC431 > TE-ALM-VLV-VC436 > TE-ALM-VLV-VC441 > TE-ALM-VLV-VC446 > TE-ALM-VLV-VC451,41
407200,05006a48-2ec1-4af5-bbec-4034ff3f5e38-000636a0,Roofs,,Genérico - 400 mm,Genérico - 400 mm,,,,TE,TE-ALM-LGC-ALMACENAJE(CELDAS,TE-ALM-CLD-CELDA,TE-ALM-ASP-ASPERSOR,TE-ALM-CCM-CCMBC4,TE-ALM-CNT-C11 (C4C11,TE-ALM-CNT-C12 (CBC4-12,TE-ALM-CNT-C13 (CBC4-13,TE-ALM-CNT-C6 (C6CC4,TE-ALM-VLV-VG17,TE-ALM-VLV-VG18,,,,,,,,,,,,,,,,,,,,,,,,,,,,,,,,,,,,,,,,,,,,,,,,,,,,,,,,,,,,,,,,,,,,,,TE > TE-ALM-LGC-ALMACENAJE(CELDAS > TE-ALM-CLD-CELDA > TE-ALM-ASP-ASPERSOR > TE-ALM-CCM-CCMBC4 > TE-ALM-CNT-C11 (C4C11 > TE-ALM-CNT-C12 (CBC4-12 > TE-ALM-CNT-C13 (CBC4-13 > TE-ALM-CNT-C6 (C6CC4 > TE-ALM-VLV-VG17 > TE-ALM-VLV-VG18,11
407416,05006a48-2ec1-4af5-bbec-4034ff3f5e38-00063778,Roofs,,Genérico - 400 mm,Genérico - 400 mm,,,,TE,TE-ALM-LGC-ALMACENAJE(CELDAS,TE-ALM-CLD-CELDA,TE-ALM-CNT-C6 (C6CC4,TE-ALM-VLV-VG17,TE-ALM-VLV-VG18,TE-ALM-CNT-C7 (C4C7,TE-ALM-VLV-VG19,TE-ALM-VLV-VG20,TE-ALM-CNT-C8 (C8SC4,TE-ALM-CRR-CTC8,TE-ALM-CNT-C9 (C9SC4,TE-ALM-CRR-CTC9,TE-ALM-LGC-VALV,TE-ALM-VLV-VC401,TE-ALM-VLV-VC402,TE-ALM-VLV-VC403,TE-ALM-VLV-VC404,TE-ALM-VLV-VC405,TE-ALM-VLV-VC406,TE-ALM-VLV-VC407,TE-ALM-VLV-VC408,TE-ALM-VLV-VC409,TE-ALM-VLV-VC410,TE-ALM-VLV-VC411,TE-ALM-VLV-VC412,TE-ALM-VLV-VC413,TE-ALM-VLV-VC414,TE-ALM-VLV-VC415,TE-ALM-VLV-VC416,TE-ALM-VLV-VC417,TE-ALM-VLV-VC418,TE-ALM-VLV-VC419,TE-ALM-VLV-VC420,TE-ALM-VLV-VC421,TE-ALM-VLV-VC422,TE-ALM-VLV-VC423,TE-ALM-VLV-VC424,TE-ALM-VLV-VC425,TE-ALM-VLV-VC426,TE-ALM-VLV-VC427,TE-ALM-VLV-VC428,TE-ALM-VLV-VC429,TE-ALM-VLV-VC430,TE-ALM-VLV-VC431,TE-ALM-VLV-VC432,TE-ALM-VLV-VC433,TE-ALM-VLV-VC434,TE-ALM-VLV-VC435,TE-ALM-VLV-VC436,TE-ALM-VLV-VC437,TE-ALM-VLV-VC438,TE-ALM-VLV-VC439,TE-ALM-VLV-VC440,TE-ALM-VLV-VC441,TE-ALM-VLV-VC442,TE-ALM-VLV-VC443,TE-ALM-VLV-VC444,TE-ALM-VLV-VC445,TE-ALM-VLV-VC446,TE-ALM-VLV-VC447,TE-ALM-VLV-VC448,TE-ALM-VLV-VC449,TE-ALM-VLV-VC450,TE-ALM-VLV-VC451,TE-ALM-VLV-VC452,TE-ALM-VLV-VC453,TE-TNL-CNT-CBC4 C10,TE-TNL-VNT-IA4,,,,,,,,,,,,TE > TE-ALM-LGC-ALMACENAJE(CELDAS > TE-ALM-CLD-CELDA > TE-ALM-CNT-C6 (C6CC4 > TE-ALM-VLV-VG17 > TE-ALM-VLV-VG18 > TE-ALM-CNT-C7 (C4C7 > TE-ALM-VLV-VG19 > TE-ALM-VLV-VG20 > TE-ALM-CNT-C8 (C8SC4 > TE-ALM-CRR-CTC8 > TE-ALM-CNT-C9 (C9SC4 > TE-ALM-CRR-CTC9 > TE-ALM-LGC-VALV > TE-ALM-VLV-VC401 > TE-ALM-VLV-VC402 > TE-ALM-VLV-VC403 > TE-ALM-VLV-VC404 > TE-ALM-VLV-VC405 > TE-ALM-VLV-VC406 > TE-ALM-VLV-VC407 > TE-ALM-VLV-VC408 > TE-ALM-VLV-VC409 > TE-ALM-VLV-VC410 > TE-ALM-VLV-VC411 > TE-ALM-VLV-VC412 > TE-ALM-VLV-VC413 > TE-ALM-VLV-VC414 > TE-ALM-VLV-VC415 > TE-ALM-VLV-VC416 > TE-ALM-VLV-VC417 > TE-ALM-VLV-VC418 > TE-ALM-VLV-VC419 > TE-ALM-VLV-VC420 > TE-ALM-VLV-VC421 > TE-ALM-VLV-VC422 > TE-ALM-VLV-VC423 > TE-ALM-VLV-VC424 > TE-ALM-VLV-VC425 > TE-ALM-VLV-VC426 > TE-ALM-VLV-VC427 > TE-ALM-VLV-VC428 > TE-ALM-VLV-VC429 > TE-ALM-VLV-VC430 > TE-ALM-VLV-VC431 > TE-ALM-VLV-VC432 > TE-ALM-VLV-VC433 > TE-ALM-VLV-VC434 > TE-ALM-VLV-VC435 > TE-ALM-VLV-VC436 > TE-ALM-VLV-VC437 > TE-ALM-VLV-VC438 > TE-ALM-VLV-VC439 > TE-ALM-VLV-VC440 > TE-ALM-VLV-VC441 > TE-ALM-VLV-VC442 > TE-ALM-VLV-VC443 > TE-ALM-VLV-VC444 > TE-ALM-VLV-VC445 > TE-ALM-VLV-VC446 > TE-ALM-VLV-VC447 > TE-ALM-VLV-VC448 > TE-ALM-VLV-VC449 > TE-ALM-VLV-VC450 > TE-ALM-VLV-VC451 > TE-ALM-VLV-VC452 > TE-ALM-VLV-VC453 > TE-TNL-CNT-CBC4 C10 > TE-TNL-VNT-IA4,69
410257,43d663df-9888-4368-ba32-0773056a16cc-00064291,Generic Models,puert14,puert,puert,,,,TE,TE-TDM-LGC-TORRE DE MANIPULEO,TE-TDM-LGC-VALVULAS VDT,TE-TDM-VLV-P51,TE-TDM-VLV-P52,TE-TDM-VLV-P61,TE-TDM-VLV-P62,TE-TDM-VLV-P71,TE-TDM-VLV-P72,TE-TDM-VLV-P81,TE-TDM-VLV-P82,,,,,,,,,,,,,,,,,,,,,,,,,,,,,,,,,,,,,,,,,,,,,,,,,,,,,,,,,,,,,,,,,,,,,,TE > TE-TDM-LGC-TORRE DE MANIPULEO > TE-TDM-LGC-VALVULAS VDT > TE-TDM-VLV-P51 > TE-TDM-VLV-P52 > TE-TDM-VLV-P61 > TE-TDM-VLV-P62 > TE-TDM-VLV-P71 > TE-TDM-VLV-P72 > TE-TDM-VLV-P81 > TE-TDM-VLV-P82,11
410369,43d663df-9888-4368-ba32-0773056a16cc-00064301,Generic Models,puert15,puert,puert,,,,TE,TE-TDM-LGC-TORRE DE MANIPULEO,TE-TDM-ASP-ASPERSOR TDM,TE-TDM-BMB-BATM1,TE-TDM-BMB-BATM2,TE-TDM-BMB-BATM3,TE-TDM-BMB-BDPO,TE-TDM-BMB-BR1,TE-TDM-BMB-BR2,TE-TDM-BMB-BRPF,,,,,,,,,,,,,,,,,,,,,,,,,,,,,,,,,,,,,,,,,,,,,,,,,,,,,,,,,,,,,,,,,,,,,,,TE > TE-TDM-LGC-TORRE DE MANIPULEO > TE-TDM-ASP-ASPERSOR TDM > TE-TDM-BMB-BATM1 > TE-TDM-BMB-BATM2 > TE-TDM-BMB-BATM3 > TE-TDM-BMB-BDPO > TE-TDM-BMB-BR1 > TE-TDM-BMB-BR2 > TE-TDM-BMB-BRPF,10
410459,43d663df-9888-4368-ba32-0773056a16cc-0006435b,Generic Models,puert16,puert,puert,,,,TE,TE-TDM-LGC-TORRE DE MANIPULEO,TE-TDM-LGC-BALANZAS EMBARQUE,TE-TDM-BLN-BALANZA,TE-EMB-VLV-VPBE1,TE-TDM-SIS-ASP,TE-TDM-VLV-ABE1,TE-TDM-VLV-VBPB1,TE-EMB-VLV-VPBE2,TE-TDM-VLV-ABE2,TE-TDM-VLV-VBPB2,TE-TDM-VLV-ABE3,TE-TDM-VLV-P20,TE-TDM-VLV-P21,TE-TDM-VLV-P75,,,,,,,,,,,,,,,,,,,,,,,,,,,,,,,,,,,,,,,,,,,,,,,,,,,,,,,,,,,,,,,,,,TE > TE-TDM-LGC-TORRE DE MANIPULEO > TE-TDM-LGC-BALANZAS EMBARQUE > TE-TDM-BLN-BALANZA > TE-EMB-VLV-VPBE1 > TE-TDM-SIS-ASP > TE-TDM-VLV-ABE1 > TE-TDM-VLV-VBPB1 > TE-EMB-VLV-VPBE2 > TE-TDM-VLV-ABE2 > TE-TDM-VLV-VBPB2 > TE-TDM-VLV-ABE3 > TE-TDM-VLV-P20 > TE-TDM-VLV-P21 > TE-TDM-VLV-P75,15
410709,43d663df-9888-4368-ba32-0773056a16cc-00064455,Generic Models,puert17,puert,puert,,,,TE,TE-TDM-LGC-TORRE DE MANIPULEO,TE-TDM-CMP-COM1 (COMPRESOR,TE-TDM-PUL-AIRE3,,,,,,,,,,,,,,,,,,,,,,,,,,,,,,,,,,,,,,,,,,,,,,,,,,,,,,,,,,,,,,,,,,,,,,,,,,,,,TE > TE-TDM-LGC-TORRE DE MANIPULEO > TE-TDM-CMP-COM1 (COMPRESOR > TE-TDM-PUL-AIRE3,4
410829,43d663df-9888-4368-ba32-0773056a16cc-000644cd,Generic Models,puert18,puert,puert,,,TE-TDM-LGC-CINTAS TRANSFERENCI,TE,TE-TDM-LGC-TORRE DE MANIPULEO,TE-TDM-FLT-FMTDM,TE-TDM-BMB-BSFMTDM,TE-TDM-BMB-BSFMTDM-2,TE-TDM-BRL-BRFMTDM,TE-TDM-RSC-RFMTDM,TE-TDM-VLV-VRBSFMTDM-2,TE-TDM-VLV-VRFMTDM -M3,TE-TDM-VNT-VFMTDM,,,,,,,,,,,,,,,,,,,,,,,,,,,,,,,,,,,,,,,,,,,,,,,,,,,,,,,,,,,,,,,,,,,,,,,TE > TE-TDM-LGC-TORRE DE MANIPULEO > TE-TDM-FLT-FMTDM > TE-TDM-BMB-BSFMTDM > TE-TDM-BMB-BSFMTDM-2 > TE-TDM-BRL-BRFMTDM > TE-TDM-RSC-RFMTDM > TE-TDM-VLV-VRBSFMTDM-2 > TE-TDM-VLV-VRFMTDM -M3 > TE-TDM-VNT-VFMTDM,10
411141,ecbf5d78-89f8-4fa8-a0ff-f31edc5dc2e0-00064605,Generic Models,puert19,puert,puert,,,TE-TDM-LGC-ELEVADORES,TE,TE-TDM-LGC-TORRE DE MANIPULEO,TE-TDM-LGC-ELEVADORES,TE-TDM-NOR-EL1,TE-TDM-VLV-ASEL1,TE-TDM-NOR-EL2,TE-TDM-VLV-ASEL2,TE-TDM-VLV-Q10,TE-TDM-VLV-Q11,TE-TDM-VLV-Q12,TE-TDM-VLV-Q13,TE-TDM-NOR-EL3,TE-TDM-VLV-Q07,TE-TDM-VLV-Q08,TE-TDM-VLV-Q09,TE-TDM-VLV-Q45,TE-TDM-VLV-Q9 - (1,TE-TDM-NOR-EL4,TE-TDM-VLV-Q35,TE-TDM-VLV-Q36,TE-TDM-VLV-Q37,TE-TDM-VLV-Q38,TE-TDM-VLV-Q39,TE-TDM-VLV-Q39A,TE-TDM-VNT-B35,TE-TDM-MLC-FOSOTDM,TE-TDM-SIS-ASP,,,,,,,,,,,,,,,,,,,,,,,,,,,,,,,,,,,,,,,,,,,,,,,,,,,,,,TE > TE-TDM-LGC-TORRE DE MANIPULEO > TE-TDM-LGC-ELEVADORES > TE-TDM-NOR-EL1 > TE-TDM-VLV-ASEL1 > TE-TDM-NOR-EL2 > TE-TDM-VLV-ASEL2 > TE-TDM-VLV-Q10 > TE-TDM-VLV-Q11 > TE-TDM-VLV-Q12 > TE-TDM-VLV-Q13 > TE-TDM-NOR-EL3 > TE-TDM-VLV-Q07 > TE-TDM-VLV-Q08 > TE-TDM-VLV-Q09 > TE-TDM-VLV-Q45 > TE-TDM-VLV-Q9 - (1 > TE-TDM-NOR-EL4 > TE-TDM-VLV-Q35 > TE-TDM-VLV-Q36 > TE-TDM-VLV-Q37 > TE-TDM-VLV-Q38 > TE-TDM-VLV-Q39 > TE-TDM-VLV-Q39A > TE-TDM-VNT-B35 > TE-TDM-MLC-FOSOTDM > TE-TDM-SIS-ASP,27
411286,ecbf5d78-89f8-4fa8-a0ff-f31edc5dc2e0-00064696,Generic Models,puert20,puert,puert,,,,TE,TE-TDM-LGC-TORRE DE MANIPULEO,TE-TDM-TBL-TABLERO EMBARQUE,TE-TDM-AIR-AIRTABLERO,TE-TDM-CMP-AC TAB-5-1,,,,,,,,,,,,,,,,,,,,,,,,,,,,,,,,,,,,,,,,,,,,,,,,,,,,,,,,,,,,,,,,,,,,,,,,,,,,TE > TE-TDM-LGC-TORRE DE MANIPULEO > TE-TDM-TBL-TABLERO EMBARQUE > TE-TDM-AIR-AIRTABLERO > TE-TDM-CMP-AC TAB-5-1,5
411390,ecbf5d78-89f8-4fa8-a0ff-f31edc5dc2e0-000646fe,Roofs,,Genérico - 400 mm,Genérico - 400 mm,,,PP-SRV-BMB-BO45R,TE,TE-ACT-LGC-SECTOR ACEITE,TE-ACT-CCM-CCMAC,TE-ACT-CMP-COM708,TE-ACT-PLM-AIRE1,TE-ACT-PLM-AIRE2,,,,,,,,,,,,,,,,,,,,,,,,,,,,,,,,,,,,,,,,,,,,,,,,,,,,,,,,,,,,,,,,,,,,,,,,,,,TE > TE-ACT-LGC-SECTOR ACEITE > TE-ACT-CCM-CCMAC > TE-ACT-CMP-COM708 > TE-ACT-PLM-AIRE1 > TE-ACT-PLM-AIRE2,6
411556,ecbf5d78-89f8-4fa8-a0ff-f31edc5dc2e0-000647a4,Generic Models,Generic Models 17,Generic Models 5,Generic Models 5,,,TE-LGC-OLEO-VIC-PAT,TE,TE-ACT-LGC-SECTOR ACEITE,TE-ACT-CÑR-CAÑERIA LECITINA,TE-ACT-CÑR-CAÑERIA FUEL OIL,TE-ACT-CÑR-CAÑERIA ACEITE/BIO DIESEL,TE-ACT-CÑR-CAÑERIA GLICERINA,TE-LGC-OLEO-VIC-PAT,,,,,,,,,,,,,,,,,,,,,,,,,,,,,,,,,,,,,,,,,,,,,,,,,,,,,,,,,,,,,,,,,,,,,,,,,,TE > TE-ACT-LGC-SECTOR ACEITE > TE-ACT-CÑR-CAÑERIA LECITINA > TE-ACT-CÑR-CAÑERIA FUEL OIL > TE-ACT-CÑR-CAÑERIA ACEITE/BIO DIESEL > TE-ACT-CÑR-CAÑERIA GLICERINA > TE-LGC-OLEO-VIC-PAT,7
411757,ecbf5d78-89f8-4fa8-a0ff-f31edc5dc2e0-0006486d,Generic Models,Generic Models 18,Generic Models 3,Generic Models 3,,,TE-EMB-LGC-DOLPHIN,TE,TE-ACT-LGC-SECTOR ACEITE,TE-MSB-LGC-SECTOR SAN BENITO,TE-MSB-CÑR-CAÑERIA ACT/BIO,,,,,,,,,,,,,,,,,,,,,,,,,,,,,,,,,,,,,,,,,,,,,,,,,,,,,,,,,,,,,,,,,,,,,,,,,,,,,TE > TE-ACT-LGC-SECTOR ACEITE > TE-MSB-LGC-SECTOR SAN BENITO > TE-MSB-CÑR-CAÑERIA ACT/BIO,4
411822,ecbf5d78-89f8-4fa8-a0ff-f31edc5dc2e0-000648ae,Generic Models,Generic Models 19,Generic Models 3,Generic Models 3,,,TE-EMB-LGC-DOLPHIN,TE,TE-EMB-LGC-SECTOR EMBARQUE,TE-EMB-LGC-DOLPHIN,,TE-EMB-LGC-CCM EMBARQUE,TE-EMB-DLP-D1,TE-EMB-DLP-D2,TE-EMB-DLP-D3,TE-EMB-DLP-D4,,,,,,,,,,,,,,,,,,,,,,,,,,,,,,,,,,,,,,,,,,,,,,,,,,,,,,,,,,,,,,,,,,,,,,,,TE > TE-EMB-LGC-SECTOR EMBARQUE > TE-EMB-LGC-DOLPHIN > TE-EMB-LGC-CCM EMBARQUE > TE-EMB-DLP-D1 > TE-EMB-DLP-D2 > TE-EMB-DLP-D3 > TE-EMB-DLP-D4,8
412029,ecbf5d78-89f8-4fa8-a0ff-f31edc5dc2e0-0006497d,Generic Models,Generic Models 20,Generic Models 3,Generic Models 3,,,TE-EMB-LGC-DOLPHIN,TE,TE-ACT-LGC-SECTOR ACEITE,TE-MDU-LGC-SECTOR AKZO NOBEL,TE-MDU-CSL-CASILLA VIGIA OP,TE-MDU-CÑR-CAÑERIA AKZO NOBE,TE-MDU-LGC-REPUESTOS,TE-MDU-BOY-BOYA,TE-MDU-MLC-M.E.T. DE MANGUERA,TE-MDU-MNG-MANGUERAS AKZO NOBE,TE-MDU-SIS-SIST DIST AMARRE,TE-MDU-TRM-SCRAPPER AKZO NOBEL,TE-MDU-VLV-ELE VAL AKZO NOBEL,,,,,,,,,,,,,,,,,,,,,,,,,,,,,,,,,,,,,,,,,,,,,,,,,,,,,,,,,,,,,,,,,,,,,TE > TE-ACT-LGC-SECTOR ACEITE > TE-MDU-LGC-SECTOR AKZO NOBEL > TE-MDU-CSL-CASILLA VIGIA OP > TE-MDU-CÑR-CAÑERIA AKZO NOBE > TE-MDU-LGC-REPUESTOS > TE-MDU-BOY-BOYA > TE-MDU-MLC-M.E.T. DE MANGUERA > TE-MDU-MNG-MANGUERAS AKZO NOBE > TE-MDU-SIS-SIST DIST AMARRE > TE-MDU-TRM-SCRAPPER AKZO NOBEL > TE-MDU-VLV-ELE VAL AKZO NOBEL,12
412041,ecbf5d78-89f8-4fa8-a0ff-f31edc5dc2e0-00064989,Generic Models,Generic Models 21,Generic Models 3,Generic Models 3,,,TE-EMB-LGC-DOLPHIN,TE,TE-EMB-LGC-SECTOR EMBARQUE,TE-EMB-LGC-DOLPHIN,,TE-EMB-LGC-CCM EMBARQUE,TE-EMB-DLP-D1,TE-EMB-DLP-D2,TE-EMB-DLP-D3,TE-EMB-DLP-D4,,,,,,,,,,,,,,,,,,,,,,,,,,,,,,,,,,,,,,,,,,,,,,,,,,,,,,,,,,,,,,,,,,,,,,,,TE > TE-EMB-LGC-SECTOR EMBARQUE > TE-EMB-LGC-DOLPHIN > TE-EMB-LGC-CCM EMBARQUE > TE-EMB-DLP-D1 > TE-EMB-DLP-D2 > TE-EMB-DLP-D3 > TE-EMB-DLP-D4,8
412209,ecbf5d78-89f8-4fa8-a0ff-f31edc5dc2e0-00064a31,Roofs,,Genérico - 400 mm,Genérico - 400 mm,,,,TE,TE-ACT-LGC-SECTOR ACEITE,TE-GLC-LGC-BOMBAS GLICERINA,TE-GLC-BMB-BO300,TE-GLC-BMB-BO301,TE-GLC-BMB-BO302,TE-GLC-BMB-BO303,TE-GLC-BMB-BO304,TE-GLC-BMB-BO305,TE-GLC-BMB-BO306,,,,,,,,,,,,,,,,,,,,,,,,,,,,,,,,,,,,,,,,,,,,,,,,,,,,,,,,,,,,,,,,,,,,,,,TE > TE-ACT-LGC-SECTOR ACEITE > TE-GLC-LGC-BOMBAS GLICERINA > TE-GLC-BMB-BO300 > TE-GLC-BMB-BO301 > TE-GLC-BMB-BO302 > TE-GLC-BMB-BO303 > TE-GLC-BMB-BO304 > TE-GLC-BMB-BO305 > TE-GLC-BMB-BO306,10
