element_id,unique_id,category,family,type,name,btz_path_detectado,btz_description_01,btz_description_02,btz_description_03,btz_description_04,btz_description_05,btz_description_06,btz_description_07,btz_description_08,btz_description_09,btz_description_10,btz_description_11,btz_description_12,btz_description_13,btz_description_14,btz_description_15,btz_description_16,btz_description_17,btz_description_18,btz_description_19,btz_description_20,btz_description_21,btz_description_22,btz_description_23,btz_description_24,btz_description_25,btz_description_26,btz_description_27,btz_description_28,btz_description_29,btz_description_30,btz_description_31,btz_description_32,btz_description_33,btz_description_34,btz_description_35,btz_description_36,btz_description_37,btz_description_38,btz_description_39,btz_description_40,btz_description_41,btz_description_42,btz_description_43,btz_description_44,btz_description_45,btz_description_46,btz_description_47,btz_description_48,btz_description_49,btz_description_50,btz_description_51,btz_description_52,btz_description_53,btz_description_54,btz_description_55,btz_description_56,btz_description_57,btz_description_58,btz_description_59,btz_description_60,btz_description_61,btz_description_62,btz_description_63,btz_description_64,btz_description_65,btz_description_66,btz_description_67,btz_description_68,btz_description_69,btz_description_70,btz_description_71,btz_description_72,btz_description_73,btz_description_74,btz_description_75,btz_description_76,btz_description_77,btz_description_78,btz_description_79,btz_description_80,cantidad_btz_description_con_valor,slots_libres,cantidad_codigos_project_asignados_sugeridos
155128,1192f475-90fc-43d8-a4f8-29b11d73f723-00025df8,Modelos genéricos,Modelos genéricos 1,Modelos genéricos 1,Modelos genéricos 1,PR > PR-ACT-LGC-ACEITE > PR-ACT-LGC-TANQUES > PR-ACT-TNQ-AC06,PR,PR-ACT-LGC-ACEITE,PR-ACT-LGC-TANQUES,PR-ACT-TNQ-AC06,,,,,,,,,,,,,,,,,,,,,,,,,,,,,,,,,,,,,,,,,,,,,,,,,,,,,,,,,,,,,,,,,,,,,,,,,,,,,4,76,3
156111,379981ba-ab79-4577-9004-ad3cc41f4fee-000261cf,Modelos genéricos,Modelos genéricos 2,Modelos genéricos 1,Modelos genéricos 1,PR > PR-ACT-LGC-ACEITE > PR-ACT-LGC-TANQUES > PR-ACT-TNQ-AC05,PR,PR-ACT-LGC-ACEITE,PR-ACT-LGC-TANQUES,PR-ACT-TNQ-AC05,,,,,,,,,,,,,,,,,,,,,,,,,,,,,,,,,,,,,,,,,,,,,,,,,,,,,,,,,,,,,,,,,,,,,,,,,,,,,4,76,2
156127,379981ba-ab79-4577-9004-ad3cc41f4fee-000261df,Modelos genéricos,Modelos genéricos 3,Modelos genéricos 1,Modelos genéricos 1,PR > PR-ACT-LGC-ACEITE > PR-ACT-LGC-TANQUES > PR-ACT-TNQ-AC10,PR,PR-ACT-LGC-ACEITE,PR-ACT-LGC-TANQUES,PR-ACT-TNQ-AC10,,,,,,,,,,,,,,,,,,,,,,,,,,,,,,,,,,,,,,,,,,,,,,,,,,,,,,,,,,,,,,,,,,,,,,,,,,,,,4,76,2
156153,379981ba-ab79-4577-9004-ad3cc41f4fee-000261f9,Modelos genéricos,Modelos genéricos 4,Modelos genéricos 1,Modelos genéricos 1,PR > PR-ACT-LGC-ACEITE > PR-ACT-LGC-TANQUES > PR-ACT-TNQ-AC04,PR,PR-ACT-LGC-ACEITE,PR-ACT-LGC-TANQUES,PR-ACT-TNQ-AC04,,,,,,,,,,,,,,,,,,,,,,,,,,,,,,,,,,,,,,,,,,,,,,,,,,,,,,,,,,,,,,,,,,,,,,,,,,,,,4,76,3
156169,379981ba-ab79-4577-9004-ad3cc41f4fee-00026209,Modelos genéricos,Modelos genéricos 5,Modelos genéricos 1,Modelos genéricos 1,PR > PR-ACT-LGC-ACEITE > PR-ACT-LGC-TANQUES > PR-ACT-TNQ-AC03,PR,PR-ACT-LGC-ACEITE,PR-ACT-LGC-TANQUES,PR-ACT-TNQ-AC03,,,,,,,,,,,,,,,,,,,,,,,,,,,,,,,,,,,,,,,,,,,,,,,,,,,,,,,,,,,,,,,,,,,,,,,,,,,,,4,76,1
156228,379981ba-ab79-4577-9004-ad3cc41f4fee-00026244,Modelos genéricos,Modelos genéricos 6,Modelos genéricos 1,Modelos genéricos 1,PR > PR-ACT-LGC-ACEITE > PR-ACT-LGC-TANQUES > PR-ACT-TNQ-AC12,PR,PR-ACT-LGC-ACEITE,PR-ACT-LGC-TANQUES,PR-ACT-TNQ-AC12,,,,,,,,,,,,,,,,,,,,,,,,,,,,,,,,,,,,,,,,,,,,,,,,,,,,,,,,,,,,,,,,,,,,,,,,,,,,,4,76,1
156246,379981ba-ab79-4577-9004-ad3cc41f4fee-00026256,Modelos genéricos,Modelos genéricos 7,Modelos genéricos 1,Modelos genéricos 1,PR > PR-ACT-LGC-ACEITE > PR-ACT-LGC-TANQUES > PR-ACT-TNQ-AC11,PR,PR-ACT-LGC-ACEITE,PR-ACT-LGC-TANQUES,PR-ACT-TNQ-AC11,,,,,,,,,,,,,,,,,,,,,,,,,,,,,,,,,,,,,,,,,,,,,,,,,,,,,,,,,,,,,,,,,,,,,,,,,,,,,4,76,1
160414,c75bd4f0-baf2-4f40-8a34-9dc82f291cda-0002729e,Cubiertas,,Genérico - 400 mm,Genérico - 400 mm,PR > descascarado > descascarado,PR,descascarado,descascarado,,,,,,,,,,,,,,,,,,,,,,,,,,,,,,,,,,,,,,,,,,,,,,,,,,,,,,,,,,,,,,,,,,,,,,,,,,,,,,3,77,0
163548,c75bd4f0-baf2-4f40-8a34-9dc82f291cda-00027edc,Cubiertas,,Genérico - 400 mm,Genérico - 400 mm,PR > PR-PLYSP-LGC-PLAYA Y SUB > PR-PLYSP-LGC-SILO CELDA DEP. S.P. Nº 10,PR,PR-PLYSP-LGC-PLAYA Y SUB,PR-PLYSP-LGC-SILO CELDA DEP. S.P. Nº 10,,,,,,,,,,,,,,,,,,,,,,,,,,,,,,,,,,,,,,,,,,,,,,,,,,,,,,,,,,,,,,,,,,,,,,,,,,,,,,3,77,0
164292,c75bd4f0-baf2-4f40-8a34-9dc82f291cda-000281c4,Cubiertas,,Genérico - 400 mm,Genérico - 400 mm,PR > PR-PLYMP-LGC-PLAYA Y MP > PR-PLYMP-LGC-SILOS CELDA > PR-PLYMP-SLO-DMP12,PR,PR-PLYMP-LGC-PLAYA Y MP,PR-PLYMP-LGC-SILOS CELDA,PR-PLYMP-SLO-DMP12,,,,,,,,,,,,,,,,,,,,,,,,,,,,,,,,,,,,,,,,,,,,,,,,,,,,,,,,,,,,,,,,,,,,,,,,,,,,,4,76,47
165318,c75bd4f0-baf2-4f40-8a34-9dc82f291cda-000285c6,Cubiertas,,Genérico - 400 mm,Genérico - 400 mm,PR > PR-TLLE-LGC-TALLER ELECTRICO > PR-TLLE-LGC-GENERAL > PR-TLLE-SLD-ELE,PR,PR-TLLE-LGC-TALLER ELECTRICO,PR-TLLE-LGC-GENERAL,PR-TLLE-SLD-ELE,,,,,,,,,,,,,,,,,,,,,,,,,,,,,,,,,,,,,,,,,,,,,,,,,,,,,,,,,,,,,,,,,,,,,,,,,,,,,4,76,1
166317,e42370da-1003-4b82-9a27-4cb40db2c9bb-000289ad,Cubiertas,,Genérico - 400 mm,Genérico - 400 mm,PR > PR-ALM-LGC-ALMACEN RICARDONE > PR-ALM-LGC-GENERAL > PR-ALM-ATL-TYT6,PR,PR-ALM-LGC-ALMACEN RICARDONE,PR-ALM-LGC-GENERAL,PR-ALM-ATL-TYT6,,,,,,,,,,,,,,,,,,,,,,,,,,,,,,,,,,,,,,,,,,,,,,,,,,,,,,,,,,,,,,,,,,,,,,,,,,,,,4,76,0
166456,e42370da-1003-4b82-9a27-4cb40db2c9bb-00028a38,Cubiertas,,Genérico - 400 mm,Genérico - 400 mm,PR > PR-TLLM-LGC-TALLER MECANICO > PR-TLLM-LGC-GENERAL > PR-TLLM-GNR-C180,PR,PR-TLLM-LGC-TALLER MECANICO,PR-TLLM-LGC-GENERAL,PR-TLLM-GNR-C180,,,,,,,,,,,,,,,,,,,,,,,,,,,,,,,,,,,,,,,,,,,,,,,,,,,,,,,,,,,,,,,,,,,,,,,,,,,,,4,76,30
167022,e42370da-1003-4b82-9a27-4cb40db2c9bb-00028c6e,Cubiertas,,Genérico - 400 mm,Genérico - 400 mm,PR > PR-PLYMP-LGC-PLAYA Y MP > PR-PLYMP-LGC-SILOS CELDA > PR-PLYMP-SLO-DMP02,PR,PR-PLYMP-LGC-PLAYA Y MP,PR-PLYMP-LGC-SILOS CELDA,PR-PLYMP-SLO-DMP02,,,,,,,,,,,,,,,,,,,,,,,,,,,,,,,,,,,,,,,,,,,,,,,,,,,,,,,,,,,,,,,,,,,,,,,,,,,,,4,76,9
167124,e42370da-1003-4b82-9a27-4cb40db2c9bb-00028cd4,Cubiertas,,Genérico - 400 mm,Genérico - 400 mm,PR > PR-PLYMP-LGC-PLAYA Y MP > PR-PLYMP-LGC-SILOS CELDA > PR-PLYMP-SLO-DMP03,PR,PR-PLYMP-LGC-PLAYA Y MP,PR-PLYMP-LGC-SILOS CELDA,PR-PLYMP-SLO-DMP03,,,,,,,,,,,,,,,,,,,,,,,,,,,,,,,,,,,,,,,,,,,,,,,,,,,,,,,,,,,,,,,,,,,,,,,,,,,,,4,76,11
169282,e42370da-1003-4b82-9a27-4cb40db2c9bb-00029542,Cubiertas,,Genérico - 400 mm,Genérico - 400 mm,PR > PR-PLYSP-LGC-PLAYA Y SUB > PR-PLYSP-LGC-SILO CELDA DEP. S.P. Nº 9,PR,PR-PLYSP-LGC-PLAYA Y SUB,PR-PLYSP-LGC-SILO CELDA DEP. S.P. Nº 9,,,,,,,,,,,,,,,,,,,,,,,,,,,,,,,,,,,,,,,,,,,,,,,,,,,,,,,,,,,,,,,,,,,,,,,,,,,,,,3,77,0
169610,e42370da-1003-4b82-9a27-4cb40db2c9bb-0002968a,Cubiertas,,Genérico - 400 mm,Genérico - 400 mm,PR > PR-PLYSP-LGC-PLAYA Y SUB > PR-PLYSP-LGC-SILO CELDA DEP. S.P. Nº 8,PR,PR-PLYSP-LGC-PLAYA Y SUB,PR-PLYSP-LGC-SILO CELDA DEP. S.P. Nº 8,,,,,,,,,,,,,,,,,,,,,,,,,,,,,,,,,,,,,,,,,,,,,,,,,,,,,,,,,,,,,,,,,,,,,,,,,,,,,,3,77,0
169745,e42370da-1003-4b82-9a27-4cb40db2c9bb-00029711,Cubiertas,,Genérico - 400 mm,Genérico - 400 mm,PR > PR-VPR1-LGC-VAPOR 1 > PR-VPR1-LGC-GENERAL,PR,PR-VPR1-LGC-VAPOR 1,PR-VPR1-LGC-GENERAL,,,,,,,,,,,,,,,,,,,,,,,,,,,,,,,,,,,,,,,,,,,,,,,,,,,,,,,,,,,,,,,,,,,,,,,,,,,,,,3,77,0
170794,358aa91e-12c5-4b99-b609-4e1e7ac885f9-00029b2a,Modelos genéricos,Modelos genéricos 8,Modelos genéricos 8,Modelos genéricos 8,PR > PR-PLYMP-LGC-PLAYA Y MP > PR-PLYMP-LGC-SILOS KEPLER WEB > PR-PLYMP-SLO-SEKW6,PR,PR-PLYMP-LGC-PLAYA Y MP,PR-PLYMP-LGC-SILOS KEPLER WEB,PR-PLYMP-SLO-SEKW6,,,,,,,,,,,,,,,,,,,,,,,,,,,,,,,,,,,,,,,,,,,,,,,,,,,,,,,,,,,,,,,,,,,,,,,,,,,,,4,76,0
171864,358aa91e-12c5-4b99-b609-4e1e7ac885f9-00029f58,Cubiertas,,Genérico - 400 mm,Genérico - 400 mm,PR > PR-PLYMP-LGC-PLAYA Y MP > PR-PLYMP-LGC-SILOS CELDA > PR-PLYMP-SLO-DMP13,PR,PR-PLYMP-LGC-PLAYA Y MP,PR-PLYMP-LGC-SILOS CELDA,PR-PLYMP-SLO-DMP13,,,,,,,,,,,,,,,,,,,,,,,,,,,,,,,,,,,,,,,,,,,,,,,,,,,,,,,,,,,,,,,,,,,,,,,,,,,,,4,76,22
175478,d112fcda-fad5-481f-8e37-b7906a02986c-0002ad76,Modelos genéricos,Modelos genéricos 10,Modelos genéricos 1,Modelos genéricos 1,PR > PR-ACT-LGC-ACEITE > PR-ACT-LGC-TANQUES > PR-ACT-TNQ-AC01,PR,PR-ACT-LGC-ACEITE,PR-ACT-LGC-TANQUES,PR-ACT-TNQ-AC01,,,,,,,,,,,,,,,,,,,,,,,,,,,,,,,,,,,,,,,,,,,,,,,,,,,,,,,,,,,,,,,,,,,,,,,,,,,,,4,76,7
175553,d112fcda-fad5-481f-8e37-b7906a02986c-0002adc1,Modelos genéricos,Modelos genéricos 9,Modelos genéricos 1,Modelos genéricos 1,PR > PR-ACT-LGC-ACEITE > PR-ACT-LGC-TANQUES > PR-ACT-TNQ-AC02,PR,PR-ACT-LGC-ACEITE,PR-ACT-LGC-TANQUES,PR-ACT-TNQ-AC02,,,,,,,,,,,,,,,,,,,,,,,,,,,,,,,,,,,,,,,,,,,,,,,,,,,,,,,,,,,,,,,,,,,,,,,,,,,,,4,76,2
190078,9fc45961-bb32-442c-aa4c-647cad2ecef0-0002e67e,Suelos,techo curvo,techo curvo,techo curvo,PR > PR-PLYSP-LGC-PLAYA Y SUB > PR-PLYSP-LGC-SILO EXPEDICION CELDA DEP. S.P. Nº 11,PR,PR-PLYSP-LGC-PLAYA Y SUB,PR-PLYSP-LGC-SILO EXPEDICION CELDA DEP. S.P. Nº 11,,,,,,,,,,,,,,,,,,,,,,,,,,,,,,,,,,,,,,,,,,,,,,,,,,,,,,,,,,,,,,,,,,,,,,,,,,,,,,3,77,0
190689,65921193-bdb2-439a-80df-be306e8b591d-0002e8e1,Cubiertas,,Genérico - 400 mm,Genérico - 400 mm,PR > PR-PLYMP-LGC-PLAYA Y MP > PR-PLYMP-LGC-SILOS CELDA > PR-PLYMP-SLO-DMP16,PR,PR-PLYMP-LGC-PLAYA Y MP,PR-PLYMP-LGC-SILOS CELDA,PR-PLYMP-SLO-DMP16,,,,,,,,,,,,,,,,,,,,,,,,,,,,,,,,,,,,,,,,,,,,,,,,,,,,,,,,,,,,,,,,,,,,,,,,,,,,,4,76,0
191630,f3a3bbf9-3743-4df3-87f9-b889088f6b0b-0002ec8e,Cubiertas,,Genérico - 400 mm,Genérico - 400 mm,PR > PR-PLYMP-LGC-PLAYA Y MP > PR-PLYMP-LGC-PLATAFORMAS VOLC,PR,PR-PLYMP-LGC-PLAYA Y MP,PR-PLYMP-LGC-PLATAFORMAS VOLC,,,,,,,,,,,,,,,,,,,,,,,,,,,,,,,,,,,,,,,,,,,,,,,,,,,,,,,,,,,,,,,,,,,,,,,,,,,,,,3,77,0
191856,f3a3bbf9-3743-4df3-87f9-b889088f6b0b-0002ed70,Cubiertas,,Genérico - 400 mm,Genérico - 400 mm,PR > PR-PLYMP-LGC-PLAYA Y MP > PR-PLYMP-LGC-PLATAFORMAS VOLC,PR,PR-PLYMP-LGC-PLAYA Y MP,PR-PLYMP-LGC-PLATAFORMAS VOLC,,,,,,,,,,,,,,,,,,,,,,,,,,,,,,,,,,,,,,,,,,,,,,,,,,,,,,,,,,,,,,,,,,,,,,,,,,,,,,3,77,0
193571,f3a3bbf9-3743-4df3-87f9-b889088f6b0b-0002f423,Cubiertas,,Genérico - 400 mm,Genérico - 400 mm,PR > PR-PLYMP-LGC-PLAYA Y MP > PR-PLYMP-LGC-PLATAFORMAS VOLC,PR,PR-PLYMP-LGC-PLAYA Y MP,PR-PLYMP-LGC-PLATAFORMAS VOLC,,,,,,,,,,,,,,,,,,,,,,,,,,,,,,,,,,,,,,,,,,,,,,,,,,,,,,,,,,,,,,,,,,,,,,,,,,,,,,3,77,0
193907,f3a3bbf9-3743-4df3-87f9-b889088f6b0b-0002f573,Cubiertas,,Genérico - 400 mm,Genérico - 400 mm,PR > PR-PLYMP-LGC-PLAYA Y MP > PR-PLYMP-LGC-CALADORES > PR-PLYMP-CNT-CLD1,PR,PR-PLYMP-LGC-PLAYA Y MP,PR-PLYMP-LGC-CALADORES,PR-PLYMP-CNT-CLD1,,,,,,,,,,,,,,,,,,,,,,,,,,,,,,,,,,,,,,,,,,,,,,,,,,,,,,,,,,,,,,,,,,,,,,,,,,,,,4,76,0
194104,f3a3bbf9-3743-4df3-87f9-b889088f6b0b-0002f638,Cubiertas,,Genérico - 400 mm,Genérico - 400 mm,PR > PR-PLYMP-LGC-PLAYA Y MP > PR-PLYMP-LGC-CALADORES > PR-PLYMP-CNT-CLD1,PR,PR-PLYMP-LGC-PLAYA Y MP,PR-PLYMP-LGC-CALADORES,PR-PLYMP-CNT-CLD1,,,,,,,,,,,,,,,,,,,,,,,,,,,,,,,,,,,,,,,,,,,,,,,,,,,,,,,,,,,,,,,,,,,,,,,,,,,,,4,76,0
194145,f3a3bbf9-3743-4df3-87f9-b889088f6b0b-0002f661,Cubiertas,,Genérico - 400 mm,Genérico - 400 mm,PR > PR-PLYMP-LGC-PLAYA Y MP > PR-PLYMP-LGC-CALADORES > PR-PLYMP-CNT-CLD1,PR,PR-PLYMP-LGC-PLAYA Y MP,PR-PLYMP-LGC-CALADORES,PR-PLYMP-CNT-CLD1,,,,,,,,,,,,,,,,,,,,,,,,,,,,,,,,,,,,,,,,,,,,,,,,,,,,,,,,,,,,,,,,,,,,,,,,,,,,,4,76,0
194853,f81472a3-6fc8-48c2-b0db-9288e233878c-0002f925,Cubiertas,,Genérico - 400 mm,Genérico - 400 mm,PR > PR-PLYMP-LGC-PLAYA Y MP > PR-PLYMP-LGC-PLATAFORMAS VOLC,PR,PR-PLYMP-LGC-PLAYA Y MP,PR-PLYMP-LGC-PLATAFORMAS VOLC,,,,,,,,,,,,,,,,,,,,,,,,,,,,,,,,,,,,,,,,,,,,,,,,,,,,,,,,,,,,,,,,,,,,,,,,,,,,,,3,77,0
195058,f81472a3-6fc8-48c2-b0db-9288e233878c-0002f9f2,Cubiertas,,Genérico - 400 mm,Genérico - 400 mm,PR > PR-PLYMP-LGC-PLAYA Y MP > PR-PLYMP-LGC-PLATAFORMAS VOLC > ptv 15 y 16,PR,PR-PLYMP-LGC-PLAYA Y MP,PR-PLYMP-LGC-PLATAFORMAS VOLC,ptv 15 y 16,,,,,,,,,,,,,,,,,,,,,,,,,,,,,,,,,,,,,,,,,,,,,,,,,,,,,,,,,,,,,,,,,,,,,,,,,,,,,4,76,8
195205,f81472a3-6fc8-48c2-b0db-9288e233878c-0002fa85,Cubiertas,,Genérico - 400 mm,Genérico - 400 mm,PR > PR-PLYMP-LGC-PLAYA Y MP > PR-PLYMP-LGC-PLATAFORMAS VOLC,PR,PR-PLYMP-LGC-PLAYA Y MP,PR-PLYMP-LGC-PLATAFORMAS VOLC,,,,,,,,,,,,,,,,,,,,,,,,,,,,,,,,,,,,,,,,,,,,,,,,,,,,,,,,,,,,,,,,,,,,,,,,,,,,,,3,77,0
203772,5b454621-eb24-48f7-a7ab-4cc203eecee7-00031bfc,Suelos,,Camino industrial,Camino industrial,PR > PR-PLYMP-LGC-PLAYA Y MP > PR-PLYMP-LGC-PLAYA DE CAMIONES > PR-PLYMP-PLY-CAM2,PR,PR-PLYMP-LGC-PLAYA Y MP,PR-PLYMP-LGC-PLAYA DE CAMIONES,PR-PLYMP-PLY-CAM2,,,,,,,,,,,,,,,,,,,,,,,,,,,,,,,,,,,,,,,,,,,,,,,,,,,,,,,,,,,,,,,,,,,,,,,,,,,,,4,76,0
208220,5b454621-eb24-48f7-a7ab-4cc203eecee7-00032d5c,Suelos,,Camino industrial,Camino industrial,PR > PR-PLYMP-LGC-PLAYA Y MP > PR-PLYMP-LGC-PLAYA DE CAMIONES > PR-PLYMP-PLY-CAM1,PR,PR-PLYMP-LGC-PLAYA Y MP,PR-PLYMP-LGC-PLAYA DE CAMIONES,PR-PLYMP-PLY-CAM1,,,,,,,,,,,,,,,,,,,,,,,,,,,,,,,,,,,,,,,,,,,,,,,,,,,,,,,,,,,,,,,,,,,,,,,,,,,,,4,76,0
221831,bb3a4321-4329-4428-8c24-a4c186128afa-00036287,Suelos,,Camino industrial,Camino industrial,PR > PR-PLYMP-LGC-PLAYA Y MP > PR-PLYMP-LGC-PLAYA DE CAMIONES > PR-PLYMP-PLY-CAM3,PR,PR-PLYMP-LGC-PLAYA Y MP,PR-PLYMP-LGC-PLAYA DE CAMIONES,PR-PLYMP-PLY-CAM3,,,,,,,,,,,,,,,,,,,,,,,,,,,,,,,,,,,,,,,,,,,,,,,,,,,,,,,,,,,,,,,,,,,,,,,,,,,,,4,76,0
223954,5ce8dc25-81da-49d9-83e5-de9e82452c13-00036ad2,Cubiertas,,Genérico - 400 mm,Genérico - 400 mm,PR > PR-PLYSP-LGC-PLAYA Y SUB > PR-PLYSP-LGC-SILO EXPEDICION CELDA DEP. S.P. Nº 11 > PR-PLYSP-TLV-CCC11,PR,PR-PLYSP-LGC-PLAYA Y SUB,PR-PLYSP-LGC-SILO EXPEDICION CELDA DEP. S.P. Nº 11,PR-PLYSP-TLV-CCC11,,,,,,,,,,,,,,,,,,,,,,,,,,,,,,,,,,,,,,,,,,,,,,,,,,,,,,,,,,,,,,,,,,,,,,,,,,,,,4,76,3
224148,5ce8dc25-81da-49d9-83e5-de9e82452c13-00036b94,Cubiertas,,Genérico - 400 mm,Genérico - 400 mm,PR > PR-PLYSP-LGC-PLAYA Y SUB > PR-PLYSP-LGC-SILO CELDA DEP. S.P. Nº 9 > PR-PLYSP-RSC-RS9,PR,PR-PLYSP-LGC-PLAYA Y SUB,PR-PLYSP-LGC-SILO CELDA DEP. S.P. Nº 9,PR-PLYSP-RSC-RS9,,,,,,,,,,,,,,,,,,,,,,,,,,,,,,,,,,,,,,,,,,,,,,,,,,,,,,,,,,,,,,,,,,,,,,,,,,,,,4,76,0
232169,007165d0-5481-4cac-bfbc-3380881edccc-00038ae9,Cubiertas,,Genérico - 400 mm,Genérico - 400 mm,PR > PR-LCTS-LGC-LECITINA SOJA > PR-LCTS-LGC-GENERAL,PR,PR-LCTS-LGC-LECITINA SOJA,PR-LCTS-LGC-GENERAL,,,,,,,,,,,,,,,,,,,,,,,,,,,,,,,,,,,,,,,,,,,,,,,,,,,,,,,,,,,,,,,,,,,,,,,,,,,,,,3,77,10
232316,007165d0-5481-4cac-bfbc-3380881edccc-00038b7c,Cubiertas,,Genérico - 400 mm,Genérico - 400 mm,PR > PR-PDA-LGC-PLANTA DE AGUA > PR-PDA-LGC-CISTERNA DE AGUA CLARIFICADA > PR-PDA-BMB-AGC05,PR,PR-PDA-LGC-PLANTA DE AGUA,PR-PDA-LGC-CISTERNA DE AGUA CLARIFICADA,PR-PDA-BMB-AGC05,,,,,,,,,,,,,,,,,,,,,,,,,,,,,,,,,,,,,,,,,,,,,,,,,,,,,,,,,,,,,,,,,,,,,,,,,,,,,4,76,24
240371,ede68319-9e31-40a4-a8a0-dc8606edf063-0003aaf3,Suelos,,Camino industrial,Camino industrial,PR > PR-PLYMP-LGC-PLAYA Y MP > PR-PLYMP-LGC-PLAYA DE CAMIONES > PR-PLYMP-PLY-CAM4,PR,PR-PLYMP-LGC-PLAYA Y MP,PR-PLYMP-LGC-PLAYA DE CAMIONES,PR-PLYMP-PLY-CAM4,,,,,,,,,,,,,,,,,,,,,,,,,,,,,,,,,,,,,,,,,,,,,,,,,,,,,,,,,,,,,,,,,,,,,,,,,,,,,4,76,0
262509,6537a3cc-b31c-4ab7-8606-8f606b5b0101-0004016d,Cubiertas,,Genérico - 400 mm,Genérico - 400 mm,PR > PR-EXP-LGC-EXPEDICION > PR-EXP-LGC-PREINGRESO > PR-EXP-CBN-CBNPI,PR,PR-EXP-LGC-EXPEDICION,PR-EXP-LGC-PREINGRESO,PR-EXP-CBN-CBNPI,,,,,,,,,,,,,,,,,,,,,,,,,,,,,,,,,,,,,,,,,,,,,,,,,,,,,,,,,,,,,,,,,,,,,,,,,,,,,4,76,1
265640,6537a3cc-b31c-4ab7-8606-8f606b5b0101-00040da8,Suelos,,Camino industrial,Camino industrial,PR > PR-EXP-LGC-EXPEDICION > PR-EXP-LGC-BALANZA > PR-EXP-CBN-CBBLZ,PR,PR-EXP-LGC-EXPEDICION,PR-EXP-LGC-BALANZA,PR-EXP-CBN-CBBLZ,,,,,,,,,,,,,,,,,,,,,,,,,,,,,,,,,,,,,,,,,,,,,,,,,,,,,,,,,,,,,,,,,,,,,,,,,,,,,4,76,0
266329,6537a3cc-b31c-4ab7-8606-8f606b5b0101-00041059,Suelos,,Camino industrial,Camino industrial,PR > PR-EXP-LGC-EXPEDICION > PR-EXP-LGC-BALANZA > PR-EXP-CBN-CBBLZ,PR,PR-EXP-LGC-EXPEDICION,PR-EXP-LGC-BALANZA,PR-EXP-CBN-CBBLZ,,,,,,,,,,,,,,,,,,,,,,,,,,,,,,,,,,,,,,,,,,,,,,,,,,,,,,,,,,,,,,,,,,,,,,,,,,,,,4,76,0
267399,6537a3cc-b31c-4ab7-8606-8f606b5b0101-00041487,Cubiertas,,Genérico - 400 mm,Genérico - 400 mm,PR > PR-PLYMP-LGC-PLAYA Y MP > PR-PLYMP-LGC-CALADO ACEITE,PR,PR-PLYMP-LGC-PLAYA Y MP,PR-PLYMP-LGC-CALADO ACEITE,,,,,,,,,,,,,,,,,,,,,,,,,,,,,,,,,,,,,,,,,,,,,,,,,,,,,,,,,,,,,,,,,,,,,,,,,,,,,,3,77,0
268741,6537a3cc-b31c-4ab7-8606-8f606b5b0101-000419c5,Cubiertas,,Genérico - 400 mm,Genérico - 400 mm,PR > PR-PLYSP-LGC-PLAYA Y SUB > PR-PLYSP-LGC-SILO CELDA DEP. S.P. Nº 9 > PR-PLYSP-RSC-RS9,PR,PR-PLYSP-LGC-PLAYA Y SUB,PR-PLYSP-LGC-SILO CELDA DEP. S.P. Nº 9,PR-PLYSP-RSC-RS9,,,,,,,,,,,,,,,,,,,,,,,,,,,,,,,,,,,,,,,,,,,,,,,,,,,,,,,,,,,,,,,,,,,,,,,,,,,,,4,76,0
361530,6515bfd8-768b-49ac-a69a-af07193c05bc-0005843a,Modelos genéricos,Modelos genéricos 15,Modelos genéricos 8,Modelos genéricos 8,PR > PR-PLYMP-LGC-PLAYA Y MP > PR-PLYMP-LGC-SILOS CHIEF > PR-PLYMP-SLO-SVCHF04,PR,PR-PLYMP-LGC-PLAYA Y MP,PR-PLYMP-LGC-SILOS CHIEF,PR-PLYMP-SLO-SVCHF04,,,,,,,,,,,,,,,,,,,,,,,,,,,,,,,,,,,,,,,,,,,,,,,,,,,,,,,,,,,,,,,,,,,,,,,,,,,,,4,76,8
361960,6515bfd8-768b-49ac-a69a-af07193c05bc-000585e8,Modelos genéricos,Modelos genéricos 16,Modelos genéricos 8,Modelos genéricos 8,PR > PR-PLYMP-LGC-PLAYA Y MP > PR-PLYMP-LGC-SILOS CHIEF > PR-PLYMP-SLO-SVCHF01,PR,PR-PLYMP-LGC-PLAYA Y MP,PR-PLYMP-LGC-SILOS CHIEF,PR-PLYMP-SLO-SVCHF01,,,,,,,,,,,,,,,,,,,,,,,,,,,,,,,,,,,,,,,,,,,,,,,,,,,,,,,,,,,,,,,,,,,,,,,,,,,,,4,76,8
363103,6515bfd8-768b-49ac-a69a-af07193c05bc-00058a5f,Modelos genéricos,Modelos genéricos 18,Modelos genéricos 11,Modelos genéricos 11,PR > PR-PLYMP-LGC-PLAYA Y MP > PR-PLYMP-LGC-SILOS KEPLER WEB > PR-PLYMP-VNT-ASSKW1,PR,PR-PLYMP-LGC-PLAYA Y MP,PR-PLYMP-LGC-SILOS KEPLER WEB,PR-PLYMP-VNT-ASSKW1,,,,,,,,,,,,,,,,,,,,,,,,,,,,,,,,,,,,,,,,,,,,,,,,,,,,,,,,,,,,,,,,,,,,,,,,,,,,,4,76,0
363424,c1b86e07-db16-4679-93c3-323d244a69e5-00058ba0,Cubiertas,,Genérico - 400 mm,Genérico - 400 mm,PR > PR-EXP-LGC-EXPEDICION > PR-EXP-LGC-BALANZA > PR-EXP-CBN-CBBLZ,PR,PR-EXP-LGC-EXPEDICION,PR-EXP-LGC-BALANZA,PR-EXP-CBN-CBBLZ,,,,,,,,,,,,,,,,,,,,,,,,,,,,,,,,,,,,,,,,,,,,,,,,,,,,,,,,,,,,,,,,,,,,,,,,,,,,,4,76,0
368306,c1b86e07-db16-4679-93c3-323d244a69e5-00059eb2,Modelos genéricos,Modelos genéricos 19,Modelos genéricos 1,Modelos genéricos 1,PR > PR-ACT-LGC-ACEITE > PR-ACT-LGC-TANQUES > PR-ACT-TNQ-AC13,PR,PR-ACT-LGC-ACEITE,PR-ACT-LGC-TANQUES,PR-ACT-TNQ-AC13,,,,,,,,,,,,,,,,,,,,,,,,,,,,,,,,,,,,,,,,,,,,,,,,,,,,,,,,,,,,,,,,,,,,,,,,,,,,,4,76,1
368453,c1b86e07-db16-4679-93c3-323d244a69e5-00059f45,Modelos genéricos,Modelos genéricos 20,Modelos genéricos 1,Modelos genéricos 1,PR > PR-SGI-LGC-SEGURIDAD INDUST > PR-SGI-LGC-GENERAL > PR-SGI-CST-AUST,PR,PR-SGI-LGC-SEGURIDAD INDUST,PR-SGI-LGC-GENERAL,PR-SGI-CST-AUST,,,,,,,,,,,,,,,,,,,,,,,,,,,,,,,,,,,,,,,,,,,,,,,,,,,,,,,,,,,,,,,,,,,,,,,,,,,,,4,76,0
368827,c1b86e07-db16-4679-93c3-323d244a69e5-0005a0bb,Modelos genéricos,Modelos genéricos 21,Modelos genéricos 1,Modelos genéricos 1,PR > PR-SGI-LGC-SEGURIDAD INDUST > PR-SGI-LGC-GENERAL > PR-SGI-CST-AUST,PR,PR-SGI-LGC-SEGURIDAD INDUST,PR-SGI-LGC-GENERAL,PR-SGI-CST-AUST,,,,,,,,,,,,,,,,,,,,,,,,,,,,,,,,,,,,,,,,,,,,,,,,,,,,,,,,,,,,,,,,,,,,,,,,,,,,,4,76,0
368900,c1b86e07-db16-4679-93c3-323d244a69e5-0005a104,Modelos genéricos,Modelos genéricos 22,Modelos genéricos 1,Modelos genéricos 1,PR > PR-AGR-LGC-REPROCESO > PR-AGR-LGC-SILOS > PR-AGR-SLO-14V,PR,PR-AGR-LGC-REPROCESO,PR-AGR-LGC-SILOS,PR-AGR-SLO-14V,,,,,,,,,,,,,,,,,,,,,,,,,,,,,,,,,,,,,,,,,,,,,,,,,,,,,,,,,,,,,,,,,,,,,,,,,,,,,4,76,0
369026,c1b86e07-db16-4679-93c3-323d244a69e5-0005a182,Modelos genéricos,Modelos genéricos 23,Modelos genéricos 1,Modelos genéricos 1,PR > PR-AGR-LGC-REPROCESO > PR-AGR-LGC-SILOS > PR-AGR-SLO-15V,PR,PR-AGR-LGC-REPROCESO,PR-AGR-LGC-SILOS,PR-AGR-SLO-15V,,,,,,,,,,,,,,,,,,,,,,,,,,,,,,,,,,,,,,,,,,,,,,,,,,,,,,,,,,,,,,,,,,,,,,,,,,,,,4,76,0
369451,c1b86e07-db16-4679-93c3-323d244a69e5-0005a32b,Cubiertas,,Genérico - 400 mm,Genérico - 400 mm,PR > PR-ADM-LGC-AMINISTRACION > PR-ADM-LGC-GENERAL > PR-ADM-UPS-UPS2,PR,PR-ADM-LGC-AMINISTRACION,PR-ADM-LGC-GENERAL,PR-ADM-UPS-UPS2,,,,,,,,,,,,,,,,,,,,,,,,,,,,,,,,,,,,,,,,,,,,,,,,,,,,,,,,,,,,,,,,,,,,,,,,,,,,,4,76,11
369831,c1b86e07-db16-4679-93c3-323d244a69e5-0005a4a7,Cubiertas,,Genérico - 400 mm,Genérico - 400 mm,PR > PR-LAB-LGC-LABORATORIO > PR-LAB-LGC-GENERAL > PR-LAB-VNT-EGCP1,PR,PR-LAB-LGC-LABORATORIO,PR-LAB-LGC-GENERAL,PR-LAB-VNT-EGCP1,,,,,,,,,,,,,,,,,,,,,,,,,,,,,,,,,,,,,,,,,,,,,,,,,,,,,,,,,,,,,,,,,,,,,,,,,,,,,4,76,48
370492,c1b86e07-db16-4679-93c3-323d244a69e5-0005a73c,Suelos,,Genérico 150 mm,Genérico 150 mm,PR > PR-EFL-LGC-EFLUENTES > PR-EFL-LGC-LAGUNA EFLUENTES 1. <L/E>,PR,PR-EFL-LGC-EFLUENTES,PR-EFL-LGC-LAGUNA EFLUENTES 1. <L/E>,,,,,,,,,,,,,,,,,,,,,,,,,,,,,,,,,,,,,,,,,,,,,,,,,,,,,,,,,,,,,,,,,,,,,,,,,,,,,,3,77,0
370899,c1b86e07-db16-4679-93c3-323d244a69e5-0005a8d3,Suelos,,Genérico 150 mm,Genérico 150 mm,PR > PR-EFL-LGC-EFLUENTES > PR-EFL-LGC-LAGUNA EFLUENTES 2. <L/E>,PR,PR-EFL-LGC-EFLUENTES,PR-EFL-LGC-LAGUNA EFLUENTES 2. <L/E>,,,,,,,,,,,,,,,,,,,,,,,,,,,,,,,,,,,,,,,,,,,,,,,,,,,,,,,,,,,,,,,,,,,,,,,,,,,,,,3,77,0
371420,c1b86e07-db16-4679-93c3-323d244a69e5-0005aadc,Cubiertas,,Genérico - 400 mm,Genérico - 400 mm,PR > PR-AGR-LGC-REPROCESO > PR-AGR-LGC-SILOS,PR,PR-AGR-LGC-REPROCESO,PR-AGR-LGC-SILOS,,,,,,,,,,,,,,,,,,,,,,,,,,,,,,,,,,,,,,,,,,,,,,,,,,,,,,,,,,,,,,,,,,,,,,,,,,,,,,3,77,0
371449,c1b86e07-db16-4679-93c3-323d244a69e5-0005aaf9,Cubiertas,,Genérico - 400 mm,Genérico - 400 mm,PR > PR-HRN-LGC-HARINA > PR-HRN-LGC-MOLINOS,PR,PR-HRN-LGC-HARINA,PR-HRN-LGC-MOLINOS,,,,,,,,,,,,,,,,,,,,,,,,,,,,,,,,,,,,,,,,,,,,,,,,,,,,,,,,,,,,,,,,,,,,,,,,,,,,,,3,77,0
371623,c1b86e07-db16-4679-93c3-323d244a69e5-0005aba7,Cubiertas,,Genérico - 400 mm,Genérico - 400 mm,PR > PR-HRN-LGC-HARINA > PR-HRN-LGC-MOLINOS,PR,PR-HRN-LGC-HARINA,PR-HRN-LGC-MOLINOS,,,,,,,,,,,,,,,,,,,,,,,,,,,,,,,,,,,,,,,,,,,,,,,,,,,,,,,,,,,,,,,,,,,,,,,,,,,,,,3,77,0
372022,c1b86e07-db16-4679-93c3-323d244a69e5-0005ad36,Cubiertas,,Genérico - 400 mm,Genérico - 400 mm,PR > PR-VPR1-LGC-VAPOR 1 > PR-VPR1-LGC-FILTRO PRECIPITADOR ELECTROESTATICO > PR-VPR1-VNT-VPH,PR,PR-VPR1-LGC-VAPOR 1,PR-VPR1-LGC-FILTRO PRECIPITADOR ELECTROESTATICO,PR-VPR1-VNT-VPH,,,,,,,,,,,,,,,,,,,,,,,,,,,,,,,,,,,,,,,,,,,,,,,,,,,,,,,,,,,,,,,,,,,,,,,,,,,,,4,76,5
372067,c1b86e07-db16-4679-93c3-323d244a69e5-0005ad63,Cubiertas,,Genérico - 400 mm,Genérico - 400 mm,PR > PR-VPR1-LGC-VAPOR 1 > PR-VPR1-LGC-FILTRO PRECIPITADOR ELECTROESTATICO,PR,PR-VPR1-LGC-VAPOR 1,PR-VPR1-LGC-FILTRO PRECIPITADOR ELECTROESTATICO,,,,,,,,,,,,,,,,,,,,,,,,,,,,,,,,,,,,,,,,,,,,,,,,,,,,,,,,,,,,,,,,,,,,,,,,,,,,,,3,77,0
372099,c1b86e07-db16-4679-93c3-323d244a69e5-0005ad83,Cubiertas,,Genérico - 400 mm,Genérico - 400 mm,PR > PR-EXT1-LGC-EXTRACCION 1 > PR-EXT1-LGC-TOSTER COC. DESOLVENT. DT-201,PR,PR-EXT1-LGC-EXTRACCION 1,PR-EXT1-LGC-TOSTER COC. DESOLVENT. DT-201,,,,,,,,,,,,,,,,,,,,,,,,,,,,,,,,,,,,,,,,,,,,,,,,,,,,,,,,,,,,,,,,,,,,,,,,,,,,,,3,77,0
372206,c1b86e07-db16-4679-93c3-323d244a69e5-0005adee,Cubiertas,,Genérico - 400 mm,Genérico - 400 mm,PR > PR-EXT1-LGC-EXTRACCION 1 > PR-EXT1-LGC-ENFRIADORES,PR,PR-EXT1-LGC-EXTRACCION 1,PR-EXT1-LGC-ENFRIADORES,,,,,,,,,,,,,,,,,,,,,,,,,,,,,,,,,,,,,,,,,,,,,,,,,,,,,,,,,,,,,,,,,,,,,,,,,,,,,,3,77,2
372668,c1b86e07-db16-4679-93c3-323d244a69e5-0005afbc,Cubiertas,,Genérico - 400 mm,Genérico - 400 mm,PR > PR-PLYMP-LGC-PLAYA Y MP > PR-PLYMP-LGC-SILOS CELDA > PR-PLYMP-SLO-DMP04,PR,PR-PLYMP-LGC-PLAYA Y MP,PR-PLYMP-LGC-SILOS CELDA,PR-PLYMP-SLO-DMP04,,,,,,,,,,,,,,,,,,,,,,,,,,,,,,,,,,,,,,,,,,,,,,,,,,,,,,,,,,,,,,,,,,,,,,,,,,,,,4,76,3
372918,c1b86e07-db16-4679-93c3-323d244a69e5-0005b0b6,Cubiertas,,Genérico - 400 mm,Genérico - 400 mm,PR > PR-PRL1-LGC-PRELIMPIEZA 1 > PR-PRL1-LGC-GENERAL,PR,PR-PRL1-LGC-PRELIMPIEZA 1,PR-PRL1-LGC-GENERAL,,,,,,,,,,,,,,,,,,,,,,,,,,,,,,,,,,,,,,,,,,,,,,,,,,,,,,,,,,,,,,,,,,,,,,,,,,,,,,3,77,15
373548,f26b48f9-0279-47cf-b5b3-6772136bf76f-0005b32c,Modelos genéricos,Modelos genéricos 26,Modelos genéricos 1,Modelos genéricos 1,PR > PR-ACT-LGC-ACEITE > PR-ACT-LGC-TANQUES > PR-ACT-TNQ-AC08,PR,PR-ACT-LGC-ACEITE,PR-ACT-LGC-TANQUES,PR-ACT-TNQ-AC08,,,,,,,,,,,,,,,,,,,,,,,,,,,,,,,,,,,,,,,,,,,,,,,,,,,,,,,,,,,,,,,,,,,,,,,,,,,,,4,76,0
373704,f26b48f9-0279-47cf-b5b3-6772136bf76f-0005b3c8,Modelos genéricos,Modelos genéricos 27,Modelos genéricos 1,Modelos genéricos 1,PR > PR-ACT-LGC-ACEITE > PR-ACT-LGC-TANQUES > PR-ACT-TNQ-AC09,PR,PR-ACT-LGC-ACEITE,PR-ACT-LGC-TANQUES,PR-ACT-TNQ-AC09,,,,,,,,,,,,,,,,,,,,,,,,,,,,,,,,,,,,,,,,,,,,,,,,,,,,,,,,,,,,,,,,,,,,,,,,,,,,,4,76,1
374310,f26b48f9-0279-47cf-b5b3-6772136bf76f-0005b626,Modelos genéricos,Modelos genéricos 28,Modelos genéricos 1,Modelos genéricos 1,PR > PR-ACT-LGC-ACEITE > PR-ACT-LGC-TANQUES > PR-ACT-TNQ-AC07,PR,PR-ACT-LGC-ACEITE,PR-ACT-LGC-TANQUES,PR-ACT-TNQ-AC07,,,,,,,,,,,,,,,,,,,,,,,,,,,,,,,,,,,,,,,,,,,,,,,,,,,,,,,,,,,,,,,,,,,,,,,,,,,,,4,76,0
374347,f26b48f9-0279-47cf-b5b3-6772136bf76f-0005b64b,Cubiertas,,Genérico - 400 mm,Genérico - 400 mm,PR > PR-TLLOC-LGC-TALLER OBRA CIVIL > PR-TLLOC-LGC-GENERAL,PR,PR-TLLOC-LGC-TALLER OBRA CIVIL,PR-TLLOC-LGC-GENERAL,,,,,,,,,,,,,,,,,,,,,,,,,,,,,,,,,,,,,,,,,,,,,,,,,,,,,,,,,,,,,,,,,,,,,,,,,,,,,,3,77,0
374469,f26b48f9-0279-47cf-b5b3-6772136bf76f-0005b6c5,Modelos genéricos,Modelos genéricos 29,Modelos genéricos 1,Modelos genéricos 1,PR > PR-PDA-LGC-PLANTA DE AGUA > PR-PDA-LGC-GENERAL > PR-PDA-TNQ-AGC,PR,PR-PDA-LGC-PLANTA DE AGUA,PR-PDA-LGC-GENERAL,PR-PDA-TNQ-AGC,,,,,,,,,,,,,,,,,,,,,,,,,,,,,,,,,,,,,,,,,,,,,,,,,,,,,,,,,,,,,,,,,,,,,,,,,,,,,4,76,15
374490,f26b48f9-0279-47cf-b5b3-6772136bf76f-0005b6da,Cubiertas,,Genérico - 400 mm,Genérico - 400 mm,PR > PR-ALM-LGC-ALMACEN RICARDONE > PR-ALM-LGC-GENERAL > PR-ALM-ATL-YAL3,PR,PR-ALM-LGC-ALMACEN RICARDONE,PR-ALM-LGC-GENERAL,PR-ALM-ATL-YAL3,,,,,,,,,,,,,,,,,,,,,,,,,,,,,,,,,,,,,,,,,,,,,,,,,,,,,,,,,,,,,,,,,,,,,,,,,,,,,4,76,0
374552,f26b48f9-0279-47cf-b5b3-6772136bf76f-0005b718,Cubiertas,,Genérico - 400 mm,Genérico - 400 mm,PR > PR-PLYMP-LGC-PLAYA Y MP > PR-PLYMP-LGC-SILOS CELDA > PR-PLYMP-SLO-DMP05,PR,PR-PLYMP-LGC-PLAYA Y MP,PR-PLYMP-LGC-SILOS CELDA,PR-PLYMP-SLO-DMP05,,,,,,,,,,,,,,,,,,,,,,,,,,,,,,,,,,,,,,,,,,,,,,,,,,,,,,,,,,,,,,,,,,,,,,,,,,,,,4,76,3
375009,f26b48f9-0279-47cf-b5b3-6772136bf76f-0005b8e1,Modelos genéricos,Modelos genéricos 30,Modelos genéricos 8,Modelos genéricos 8,PR > PR-PLYMP-LGC-PLAYA Y MP > PR-PLYMP-LGC-SILOS CHIEF > PR-PLYMP-SLO-SVCHF02,PR,PR-PLYMP-LGC-PLAYA Y MP,PR-PLYMP-LGC-SILOS CHIEF,PR-PLYMP-SLO-SVCHF02,,,,,,,,,,,,,,,,,,,,,,,,,,,,,,,,,,,,,,,,,,,,,,,,,,,,,,,,,,,,,,,,,,,,,,,,,,,,,4,76,8
375033,f26b48f9-0279-47cf-b5b3-6772136bf76f-0005b8f9,Modelos genéricos,Modelos genéricos 31,Modelos genéricos 8,Modelos genéricos 8,PR > PR-PLYMP-LGC-PLAYA Y MP > PR-PLYMP-LGC-SILOS CHIEF > PR-PLYMP-SLO-SVCHF03,PR,PR-PLYMP-LGC-PLAYA Y MP,PR-PLYMP-LGC-SILOS CHIEF,PR-PLYMP-SLO-SVCHF03,,,,,,,,,,,,,,,,,,,,,,,,,,,,,,,,,,,,,,,,,,,,,,,,,,,,,,,,,,,,,,,,,,,,,,,,,,,,,4,76,8
375180,f26b48f9-0279-47cf-b5b3-6772136bf76f-0005b98c,Modelos genéricos,Modelos genéricos 32,Modelos genéricos 8,Modelos genéricos 8,PR > PR-PLYMP-LGC-PLAYA Y MP > PR-PLYMP-LGC-SILOS CHIEF > PR-PLYMP-SLO-SVCHF05,PR,PR-PLYMP-LGC-PLAYA Y MP,PR-PLYMP-LGC-SILOS CHIEF,PR-PLYMP-SLO-SVCHF05,,,,,,,,,,,,,,,,,,,,,,,,,,,,,,,,,,,,,,,,,,,,,,,,,,,,,,,,,,,,,,,,,,,,,,,,,,,,,4,76,8
375196,f26b48f9-0279-47cf-b5b3-6772136bf76f-0005b99c,Modelos genéricos,Modelos genéricos 33,Modelos genéricos 8,Modelos genéricos 8,PR > PR-PLYMP-LGC-PLAYA Y MP > PR-PLYMP-LGC-SILOS CHIEF > PR-PLYMP-SLO-SVCHF06,PR,PR-PLYMP-LGC-PLAYA Y MP,PR-PLYMP-LGC-SILOS CHIEF,PR-PLYMP-SLO-SVCHF06,,,,,,,,,,,,,,,,,,,,,,,,,,,,,,,,,,,,,,,,,,,,,,,,,,,,,,,,,,,,,,,,,,,,,,,,,,,,,4,76,8
376535,f26b48f9-0279-47cf-b5b3-6772136bf76f-0005bed7,Suelos,,Camino industrial,Camino industrial,PR > PR-EXP-LGC-EXPEDICION > PR-EXP-LGC-BALANZA > PR-EXP-CBN-CBBLZ,PR,PR-EXP-LGC-EXPEDICION,PR-EXP-LGC-BALANZA,PR-EXP-CBN-CBBLZ,,,,,,,,,,,,,,,,,,,,,,,,,,,,,,,,,,,,,,,,,,,,,,,,,,,,,,,,,,,,,,,,,,,,,,,,,,,,,4,76,0
377142,f26b48f9-0279-47cf-b5b3-6772136bf76f-0005c136,Cubiertas,,Genérico - 400 mm,Genérico - 400 mm,PR > PR-TLLOC-LGC-TALLER OBRA CIVIL > PR-TLLOC-LGC-GENERAL > PR-TLLOC-VNT-AXI01,PR,PR-TLLOC-LGC-TALLER OBRA CIVIL,PR-TLLOC-LGC-GENERAL,PR-TLLOC-VNT-AXI01,,,,,,,,,,,,,,,,,,,,,,,,,,,,,,,,,,,,,,,,,,,,,,,,,,,,,,,,,,,,,,,,,,,,,,,,,,,,,4,76,2
377236,f26b48f9-0279-47cf-b5b3-6772136bf76f-0005c194,Cubiertas,,Genérico - 400 mm,Genérico - 400 mm,PR > PR-EXT1-LGC-EXTRACCION 1 > PR-EXT1-LGC-TORRE ENFRIAMIENTO SULZER Nº 1 > PR-EXT1-VNT-TE01,PR,PR-EXT1-LGC-EXTRACCION 1,PR-EXT1-LGC-TORRE ENFRIAMIENTO SULZER Nº 1,PR-EXT1-VNT-TE01,,,,,,,,,,,,,,,,,,,,,,,,,,,,,,,,,,,,,,,,,,,,,,,,,,,,,,,,,,,,,,,,,,,,,,,,,,,,,4,76,1
377280,f26b48f9-0279-47cf-b5b3-6772136bf76f-0005c1c0,Cubiertas,,Genérico - 400 mm,Genérico - 400 mm,PR > PR-SGI-LGC-SEGURIDAD INDUST > PR-SGI-LGC-GENERAL > PR-SGI-BMB-INC1,PR,PR-SGI-LGC-SEGURIDAD INDUST,PR-SGI-LGC-GENERAL,PR-SGI-BMB-INC1,,,,,,,,,,,,,,,,,,,,,,,,,,,,,,,,,,,,,,,,,,,,,,,,,,,,,,,,,,,,,,,,,,,,,,,,,,,,,4,76,8
377542,2820d03f-22b4-43b5-a10b-789b042309d5-0005c2c6,Modelos genéricos,Modelos genéricos 34,Modelos genéricos 8,Modelos genéricos 8,PR > PR-PLYMP-LGC-PLAYA Y MP > PR-PLYMP-LGC-SILOS KEPLER WEB > PR-PLYMP-SLO-SEKW7,PR,PR-PLYMP-LGC-PLAYA Y MP,PR-PLYMP-LGC-SILOS KEPLER WEB,PR-PLYMP-SLO-SEKW7,,,,,,,,,,,,,,,,,,,,,,,,,,,,,,,,,,,,,,,,,,,,,,,,,,,,,,,,,,,,,,,,,,,,,,,,,,,,,4,76,0
377568,2820d03f-22b4-43b5-a10b-789b042309d5-0005c2e0,Modelos genéricos,Modelos genéricos 35,Modelos genéricos 8,Modelos genéricos 8,PR > PR-PLYMP-LGC-PLAYA Y MP > PR-PLYMP-LGC-SILOS KEPLER WEB > PR-PLYMP-SLO-SEKW8,PR,PR-PLYMP-LGC-PLAYA Y MP,PR-PLYMP-LGC-SILOS KEPLER WEB,PR-PLYMP-SLO-SEKW8,,,,,,,,,,,,,,,,,,,,,,,,,,,,,,,,,,,,,,,,,,,,,,,,,,,,,,,,,,,,,,,,,,,,,,,,,,,,,4,76,0
377609,2820d03f-22b4-43b5-a10b-789b042309d5-0005c309,Modelos genéricos,Modelos genéricos 36,Modelos genéricos 8,Modelos genéricos 8,PR > PR-PLYMP-LGC-PLAYA Y MP > PR-PLYMP-LGC-SILOS KEPLER WEB > PR-PLYMP-SLO-SEKW9,PR,PR-PLYMP-LGC-PLAYA Y MP,PR-PLYMP-LGC-SILOS KEPLER WEB,PR-PLYMP-SLO-SEKW9,,,,,,,,,,,,,,,,,,,,,,,,,,,,,,,,,,,,,,,,,,,,,,,,,,,,,,,,,,,,,,,,,,,,,,,,,,,,,4,76,0
377637,2820d03f-22b4-43b5-a10b-789b042309d5-0005c325,Modelos genéricos,Modelos genéricos 37,Modelos genéricos 8,Modelos genéricos 8,PR > PR-PLYMP-LGC-PLAYA Y MP > PR-PLYMP-LGC-SILOS KEPLER WEB > PR-PLYMP-SLO-SEKW10,PR,PR-PLYMP-LGC-PLAYA Y MP,PR-PLYMP-LGC-SILOS KEPLER WEB,PR-PLYMP-SLO-SEKW10,,,,,,,,,,,,,,,,,,,,,,,,,,,,,,,,,,,,,,,,,,,,,,,,,,,,,,,,,,,,,,,,,,,,,,,,,,,,,4,76,0
377659,2820d03f-22b4-43b5-a10b-789b042309d5-0005c33b,Modelos genéricos,Modelos genéricos 38,Modelos genéricos 8,Modelos genéricos 8,PR > PR-PLYMP-LGC-PLAYA Y MP > PR-PLYMP-LGC-SILOS KEPLER WEB > PR-PLYMP-SLO-SEKW1,PR,PR-PLYMP-LGC-PLAYA Y MP,PR-PLYMP-LGC-SILOS KEPLER WEB,PR-PLYMP-SLO-SEKW1,,,,,,,,,,,,,,,,,,,,,,,,,,,,,,,,,,,,,,,,,,,,,,,,,,,,,,,,,,,,,,,,,,,,,,,,,,,,,4,76,1
377717,2820d03f-22b4-43b5-a10b-789b042309d5-0005c375,Modelos genéricos,Modelos genéricos 39,Modelos genéricos 8,Modelos genéricos 8,PR > PR-PLYMP-LGC-PLAYA Y MP > PR-PLYMP-LGC-SILOS KEPLER WEB > PR-PLYMP-SLO-SEKW2,PR,PR-PLYMP-LGC-PLAYA Y MP,PR-PLYMP-LGC-SILOS KEPLER WEB,PR-PLYMP-SLO-SEKW2,,,,,,,,,,,,,,,,,,,,,,,,,,,,,,,,,,,,,,,,,,,,,,,,,,,,,,,,,,,,,,,,,,,,,,,,,,,,,4,76,2
377749,2820d03f-22b4-43b5-a10b-789b042309d5-0005c395,Modelos genéricos,Modelos genéricos 40,Modelos genéricos 8,Modelos genéricos 8,PR > PR-PLYMP-LGC-PLAYA Y MP > PR-PLYMP-LGC-SILOS KEPLER WEB > PR-PLYMP-SLO-SEKW3,PR,PR-PLYMP-LGC-PLAYA Y MP,PR-PLYMP-LGC-SILOS KEPLER WEB,PR-PLYMP-SLO-SEKW3,,,,,,,,,,,,,,,,,,,,,,,,,,,,,,,,,,,,,,,,,,,,,,,,,,,,,,,,,,,,,,,,,,,,,,,,,,,,,4,76,0
377771,2820d03f-22b4-43b5-a10b-789b042309d5-0005c3ab,Modelos genéricos,Modelos genéricos 41,Modelos genéricos 8,Modelos genéricos 8,PR > PR-PLYMP-LGC-PLAYA Y MP > PR-PLYMP-LGC-SILOS KEPLER WEB > PR-PLYMP-SLO-SEKW4,PR,PR-PLYMP-LGC-PLAYA Y MP,PR-PLYMP-LGC-SILOS KEPLER WEB,PR-PLYMP-SLO-SEKW4,,,,,,,,,,,,,,,,,,,,,,,,,,,,,,,,,,,,,,,,,,,,,,,,,,,,,,,,,,,,,,,,,,,,,,,,,,,,,4,76,0
377797,2820d03f-22b4-43b5-a10b-789b042309d5-0005c3c5,Modelos genéricos,Modelos genéricos 42,Modelos genéricos 8,Modelos genéricos 8,PR > PR-PLYMP-LGC-PLAYA Y MP > PR-PLYMP-LGC-SILOS KEPLER WEB > PR-PLYMP-SLO-SEKW5,PR,PR-PLYMP-LGC-PLAYA Y MP,PR-PLYMP-LGC-SILOS KEPLER WEB,PR-PLYMP-SLO-SEKW5,,,,,,,,,,,,,,,,,,,,,,,,,,,,,,,,,,,,,,,,,,,,,,,,,,,,,,,,,,,,,,,,,,,,,,,,,,,,,4,76,0
378801,2820d03f-22b4-43b5-a10b-789b042309d5-0005c7b1,Modelos genéricos,Generic Models 1,Generic Models 1,Generic Models 1,PR > PR-PLYMP-LGC-PLAYA Y MP > PR-PLYMP-LGC-SILOS CELDA > PR-PLYMP-SLO-DMP16,PR,PR-PLYMP-LGC-PLAYA Y MP,PR-PLYMP-LGC-SILOS CELDA,PR-PLYMP-SLO-DMP16,,,,,,,,,,,,,,,,,,,,,,,,,,,,,,,,,,,,,,,,,,,,,,,,,,,,,,,,,,,,,,,,,,,,,,,,,,,,,4,76,0
379752,2820d03f-22b4-43b5-a10b-789b042309d5-0005cb68,Cubiertas,,Genérico - 400 mm,Genérico - 400 mm,PR > PR-PLYMP-LGC-PLAYA Y MP > PR-PLYMP-LGC-SILOS CELDA > PR-PLYMP-SLO-SE01N > PR-PLYMP-SLO-SE01N,PR,PR-PLYMP-LGC-PLAYA Y MP,PR-PLYMP-LGC-SILOS CELDA,PR-PLYMP-SLO-SE01N,PR-PLYMP-SLO-SE01N,,,,,,,,,,,,,,,,,,,,,,,,,,,,,,,,,,,,,,,,,,,,,,,,,,,,,,,,,,,,,,,,,,,,,,,,,,,,5,75,1
379987,78d32039-a934-4204-a849-af0b99e119be-0005cc53,Cubiertas,,Genérico - 400 mm,Genérico - 400 mm,PR > PR-EFL-LGC-EFLUENTES > PR-EFL-LGC-POZO DE BOMBEO EFLUENTES > PR-EFL-BMB-B/01/01A,PR,PR-EFL-LGC-EFLUENTES,PR-EFL-LGC-POZO DE BOMBEO EFLUENTES,PR-EFL-BMB-B/01/01A,,,,,,,,,,,,,,,,,,,,,,,,,,,,,,,,,,,,,,,,,,,,,,,,,,,,,,,,,,,,,,,,,,,,,,,,,,,,,4,76,0
380066,78d32039-a934-4204-a849-af0b99e119be-0005cca2,Cubiertas,,Genérico - 400 mm,Genérico - 400 mm,PR > PR-EFL-LGC-EFLUENTES > PR-EFL-LGC-POZO DE BOMBEO EFLUENTES > PR-EFL-BMB-B/01/01A,PR,PR-EFL-LGC-EFLUENTES,PR-EFL-LGC-POZO DE BOMBEO EFLUENTES,PR-EFL-BMB-B/01/01A,,,,,,,,,,,,,,,,,,,,,,,,,,,,,,,,,,,,,,,,,,,,,,,,,,,,,,,,,,,,,,,,,,,,,,,,,,,,,4,76,0
380107,78d32039-a934-4204-a849-af0b99e119be-0005cccb,Cubiertas,,Genérico - 400 mm,Genérico - 400 mm,PR > PR-EFL-LGC-EFLUENTES > PR-EFL-LGC-POZO DE BOMBEO EFLUENTES > PR-EFL-BMB-B/01/01A,PR,PR-EFL-LGC-EFLUENTES,PR-EFL-LGC-POZO DE BOMBEO EFLUENTES,PR-EFL-BMB-B/01/01A,,,,,,,,,,,,,,,,,,,,,,,,,,,,,,,,,,,,,,,,,,,,,,,,,,,,,,,,,,,,,,,,,,,,,,,,,,,,,4,76,0
380306,78d32039-a934-4204-a849-af0b99e119be-0005cd92,Cubiertas,,Genérico - 400 mm,Genérico - 400 mm,PR > PR-PLYMP-LGC-PLAYA Y MP > PR-PLYMP-LGC-SILOS CELDA > PR-PLYMP-SLO-DMP16 > PR-PLYMP-SLO-SE02S,PR,PR-PLYMP-LGC-PLAYA Y MP,PR-PLYMP-LGC-SILOS CELDA,PR-PLYMP-SLO-DMP16,PR-PLYMP-SLO-SE02S,,,,,,,,,,,,,,,,,,,,,,,,,,,,,,,,,,,,,,,,,,,,,,,,,,,,,,,,,,,,,,,,,,,,,,,,,,,,5,75,2
380734,78d32039-a934-4204-a849-af0b99e119be-0005cf3e,Cubiertas,,Genérico - 400 mm,Genérico - 400 mm,PR > PR-EXT1-LGC-EXTRACCION 1 > PR-EXT1-LGC-GRANULADORES,PR,PR-EXT1-LGC-EXTRACCION 1,PR-EXT1-LGC-GRANULADORES,,,,,,,,,,,,,,,,,,,,,,,,,,,,,,,,,,,,,,,,,,,,,,,,,,,,,,,,,,,,,,,,,,,,,,,,,,,,,,3,77,51
383404,78d32039-a934-4204-a849-af0b99e119be-0005d9ac,Cubiertas,,Genérico - 400 mm,Genérico - 400 mm,PR > PR-ENR1-LGC-ENERGIA 1 > PR-ENR1-LGC-GENERAL,PR,PR-ENR1-LGC-ENERGIA 1,PR-ENR1-LGC-GENERAL,,,,,,,,,,,,,,,,,,,,,,,,,,,,,,,,,,,,,,,,,,,,,,,,,,,,,,,,,,,,,,,,,,,,,,,,,,,,,,3,77,23
384037,78d32039-a934-4204-a849-af0b99e119be-0005dc25,Cubiertas,,Genérico - 400 mm,Genérico - 400 mm,PR > PR-PRP3-LGC-PREPARACION 3 > PR-PRP3-LGC-GENERAL > PR-PRP3-VNT-EFLTE,PR,PR-PRP3-LGC-PREPARACION 3,PR-PRP3-LGC-GENERAL,PR-PRP3-VNT-EFLTE,,,,,,,,,,,,,,,,,,,,,,,,,,,,,,,,,,,,,,,,,,,,,,,,,,,,,,,,,,,,,,,,,,,,,,,,,,,,,4,76,62
384351,78d32039-a934-4204-a849-af0b99e119be-0005dd5f,Cubiertas,,Genérico - 400 mm,Genérico - 400 mm,PR > PR-PLL-LGC-PELLETEADO > PR-PLL-LGC-GENERAL,PR,PR-PLL-LGC-PELLETEADO,PR-PLL-LGC-GENERAL,,,,,,,,,,,,,,,,,,,,,,,,,,,,,,,,,,,,,,,,,,,,,,,,,,,,,,,,,,,,,,,,,,,,,,,,,,,,,,3,77,34
385264,78d32039-a934-4204-a849-af0b99e119be-0005e0f0,Cubiertas,,Genérico - 400 mm,Genérico - 400 mm,PR > PR-PLYSP-LGC-PLAYA Y SUB > PR-PLYSP-LGC-SILO CELDA DEP. S.P. Nº 7,PR,PR-PLYSP-LGC-PLAYA Y SUB,PR-PLYSP-LGC-SILO CELDA DEP. S.P. Nº 7,,,,,,,,,,,,,,,,,,,,,,,,,,,,,,,,,,,,,,,,,,,,,,,,,,,,,,,,,,,,,,,,,,,,,,,,,,,,,,3,77,0
386386,95c1af94-5959-437c-80b8-8758c03bcc38-0005e552,Cubiertas,,Genérico - 400 mm,Genérico - 400 mm,PR > PR-EFL-LGC-EFLUENTES > PR-EFL-LGC-POZO DE BOMBEO EFLUENTES > PR-EFL-REJ-FPZB,PR,PR-EFL-LGC-EFLUENTES,PR-EFL-LGC-POZO DE BOMBEO EFLUENTES,PR-EFL-REJ-FPZB,,,,,,,,,,,,,,,,,,,,,,,,,,,,,,,,,,,,,,,,,,,,,,,,,,,,,,,,,,,,,,,,,,,,,,,,,,,,,4,76,0
386789,95c1af94-5959-437c-80b8-8758c03bcc38-0005e6e5,Cubiertas,,Genérico - 400 mm,Genérico - 400 mm,PR > PR-PLYMP-LGC-PLAYA Y MP > PR-PLYMP-LGC-SILOS CELDA > trafos tag aparte,PR,PR-PLYMP-LGC-PLAYA Y MP,PR-PLYMP-LGC-SILOS CELDA,trafos tag aparte,,,,,,,,,,,,,,,,,,,,,,,,,,,,,,,,,,,,,,,,,,,,,,,,,,,,,,,,,,,,,,,,,,,,,,,,,,,,,4,76,0
386796,95c1af94-5959-437c-80b8-8758c03bcc38-0005e6ec,Cubiertas,,Genérico - 400 mm,Genérico - 400 mm,PR > PR-PLYMP-LGC-PLAYA Y MP > PR-PLYMP-LGC-SILOS CELDA > sala de ccm,PR,PR-PLYMP-LGC-PLAYA Y MP,PR-PLYMP-LGC-SILOS CELDA,sala de ccm,,,,,,,,,,,,,,,,,,,,,,,,,,,,,,,,,,,,,,,,,,,,,,,,,,,,,,,,,,,,,,,,,,,,,,,,,,,,,4,76,27
388270,95c1af94-5959-437c-80b8-8758c03bcc38-0005ecae,Cubiertas,,Genérico - 400 mm,Genérico - 400 mm,PR > PR-PLYMP-LGC-PLAYA Y MP > PR-PLYMP-LGC-SECADORA DE GRANOS CEDAR M- ADF 250,PR,PR-PLYMP-LGC-PLAYA Y MP,PR-PLYMP-LGC-SECADORA DE GRANOS CEDAR M- ADF 250,,,,,,,,,,,,,,,,,,,,,,,,,,,,,,,,,,,,,,,,,,,,,,,,,,,,,,,,,,,,,,,,,,,,,,,,,,,,,,3,77,0
389614,de43de5a-fab0-41f3-83fa-797402179eb3-0005f1ee,Cubiertas,,Genérico - 400 mm,Genérico - 400 mm,PR > PR-ACT-LGC-ACEITE > PR-ACT-LGC-BOMBAS,PR,PR-ACT-LGC-ACEITE,PR-ACT-LGC-BOMBAS,,,,,,,,,,,,,,,,,,,,,,,,,,,,,,,,,,,,,,,,,,,,,,,,,,,,,,,,,,,,,,,,,,,,,,,,,,,,,,3,77,0
389674,de43de5a-fab0-41f3-83fa-797402179eb3-0005f22a,Cubiertas,,Genérico - 400 mm,Genérico - 400 mm,PR > PR-ACT-LGC-ACEITE > PR-ACT-LGC-BOMBAS,PR,PR-ACT-LGC-ACEITE,PR-ACT-LGC-BOMBAS,,,,,,,,,,,,,,,,,,,,,,,,,,,,,,,,,,,,,,,,,,,,,,,,,,,,,,,,,,,,,,,,,,,,,,,,,,,,,,3,77,0
389694,de43de5a-fab0-41f3-83fa-797402179eb3-0005f23e,Cubiertas,,Genérico - 400 mm,Genérico - 400 mm,PR > PR-ACT-LGC-ACEITE > PR-ACT-LGC-BOMBAS,PR,PR-ACT-LGC-ACEITE,PR-ACT-LGC-BOMBAS,,,,,,,,,,,,,,,,,,,,,,,,,,,,,,,,,,,,,,,,,,,,,,,,,,,,,,,,,,,,,,,,,,,,,,,,,,,,,,3,77,0
389719,de43de5a-fab0-41f3-83fa-797402179eb3-0005f257,Cubiertas,,Genérico - 400 mm,Genérico - 400 mm,PR > PR-ACT-LGC-ACEITE > PR-ACT-LGC-BOMBAS,PR,PR-ACT-LGC-ACEITE,PR-ACT-LGC-BOMBAS,,,,,,,,,,,,,,,,,,,,,,,,,,,,,,,,,,,,,,,,,,,,,,,,,,,,,,,,,,,,,,,,,,,,,,,,,,,,,,3,77,0
389738,de43de5a-fab0-41f3-83fa-797402179eb3-0005f26a,Cubiertas,,Genérico - 400 mm,Genérico - 400 mm,PR > PR-ACT-LGC-ACEITE > PR-ACT-LGC-BOMBAS,PR,PR-ACT-LGC-ACEITE,PR-ACT-LGC-BOMBAS,,,,,,,,,,,,,,,,,,,,,,,,,,,,,,,,,,,,,,,,,,,,,,,,,,,,,,,,,,,,,,,,,,,,,,,,,,,,,,3,77,0
391183,de43de5a-fab0-41f3-83fa-797402179eb3-0005f80f,Modelos genéricos,Modelos genéricos 44,Modelos genéricos 1,Modelos genéricos 1,PR > PR-PLYMP-LGC-PLAYA Y MP > PR-PLYMP-LGC-SILOS KEPLER WEB > PR-PLYMP-VNT-AIRSVA,PR,PR-PLYMP-LGC-PLAYA Y MP,PR-PLYMP-LGC-SILOS KEPLER WEB,PR-PLYMP-VNT-AIRSVA,,,,,,,,,,,,,,,,,,,,,,,,,,,,,,,,,,,,,,,,,,,,,,,,,,,,,,,,,,,,,,,,,,,,,,,,,,,,,4,76,0
392352,de43de5a-fab0-41f3-83fa-797402179eb3-0005fca0,Modelos genéricos,Modelos genéricos 45,Modelos genéricos 1,Modelos genéricos 1,PR > PR-PLYMP-LGC-PLAYA Y MP > PR-PLYMP-LGC-SILOS KEPLER WEB > PR-PLYMP-VNT-AIRSVA,PR,PR-PLYMP-LGC-PLAYA Y MP,PR-PLYMP-LGC-SILOS KEPLER WEB,PR-PLYMP-VNT-AIRSVA,,,,,,,,,,,,,,,,,,,,,,,,,,,,,,,,,,,,,,,,,,,,,,,,,,,,,,,,,,,,,,,,,,,,,,,,,,,,,4,76,0
392503,de43de5a-fab0-41f3-83fa-797402179eb3-0005fd37,Modelos genéricos,Modelos genéricos 46,Modelos genéricos 1,Modelos genéricos 1,PR > PR-PLYMP-LGC-PLAYA Y MP > PR-PLYMP-LGC-SILOS KEPLER WEB > PR-PLYMP-VNT-AIRSVA,PR,PR-PLYMP-LGC-PLAYA Y MP,PR-PLYMP-LGC-SILOS KEPLER WEB,PR-PLYMP-VNT-AIRSVA,,,,,,,,,,,,,,,,,,,,,,,,,,,,,,,,,,,,,,,,,,,,,,,,,,,,,,,,,,,,,,,,,,,,,,,,,,,,,4,76,0
394169,a76015c2-c6f4-4057-9a15-5a3acb8b5871-000603b9,Cubiertas,,Genérico - 400 mm,Genérico - 400 mm,PR > PR-EXT2-LGC-EXTRACCION 2 > PR-EXT2-LGC-ENFRIADORES,PR,PR-EXT2-LGC-EXTRACCION 2,PR-EXT2-LGC-ENFRIADORES,,,,,,,,,,,,,,,,,,,,,,,,,,,,,,,,,,,,,,,,,,,,,,,,,,,,,,,,,,,,,,,,,,,,,,,,,,,,,,3,77,4
394320,a76015c2-c6f4-4057-9a15-5a3acb8b5871-00060450,Cubiertas,,Genérico - 400 mm,Genérico - 400 mm,PR > PR-VPR2-LGC-VAPOR2 > PR-VPR2-LGC-GENERAL,PR,PR-VPR2-LGC-VAPOR2,PR-VPR2-LGC-GENERAL,,,,,,,,,,,,,,,,,,,,,,,,,,,,,,,,,,,,,,,,,,,,,,,,,,,,,,,,,,,,,,,,,,,,,,,,,,,,,,3,77,63
394401,a76015c2-c6f4-4057-9a15-5a3acb8b5871-000604a1,Cubiertas,,Genérico - 400 mm,Genérico - 400 mm,PR > PR-ENR2-LGC-ENERGIA 2 > PR-ENR2-LGC-GENERAL,PR,PR-ENR2-LGC-ENERGIA 2,PR-ENR2-LGC-GENERAL,,,,,,,,,,,,,,,,,,,,,,,,,,,,,,,,,,,,,,,,,,,,,,,,,,,,,,,,,,,,,,,,,,,,,,,,,,,,,,3,77,15
394694,a76015c2-c6f4-4057-9a15-5a3acb8b5871-000605c6,Cubiertas,,Genérico - 400 mm,Genérico - 400 mm,PR > PR-ALM-LGC-ALMACEN RICARDONE > PR-ALM-LGC-GENERAL > PR-ALM-ATL-YAL3,PR,PR-ALM-LGC-ALMACEN RICARDONE,PR-ALM-LGC-GENERAL,PR-ALM-ATL-YAL3,,,,,,,,,,,,,,,,,,,,,,,,,,,,,,,,,,,,,,,,,,,,,,,,,,,,,,,,,,,,,,,,,,,,,,,,,,,,,4,76,0
394757,a76015c2-c6f4-4057-9a15-5a3acb8b5871-00060605,Cubiertas,,Genérico - 400 mm,Genérico - 400 mm,PR > PR-PRP1-LGC-PREPARACION 1 > PR-PRP1-LGC-GENERAL > PR-PRP1-CNT-TSG16,PR,PR-PRP1-LGC-PREPARACION 1,PR-PRP1-LGC-GENERAL,PR-PRP1-CNT-TSG16,,,,,,,,,,,,,,,,,,,,,,,,,,,,,,,,,,,,,,,,,,,,,,,,,,,,,,,,,,,,,,,,,,,,,,,,,,,,,4,76,122
394871,a76015c2-c6f4-4057-9a15-5a3acb8b5871-00060677,Cubiertas,,Genérico - 400 mm,Genérico - 400 mm,PR > PR-HRN-LGC-HARINA > PR-HRN-LGC-MOLINOS,PR,PR-HRN-LGC-HARINA,PR-HRN-LGC-MOLINOS,,,,,,,,,,,,,,,,,,,,,,,,,,,,,,,,,,,,,,,,,,,,,,,,,,,,,,,,,,,,,,,,,,,,,,,,,,,,,,3,77,0
395126,a76015c2-c6f4-4057-9a15-5a3acb8b5871-00060776,Modelos genéricos,Modelos genéricos 43,Modelos genéricos 1,Modelos genéricos 1,PR > PR-PLYMP-LGC-PLAYA Y MP > PR-PLYMP-LGC-SILOS KEPLER WEB > PR-PLYMP-VNT-AIRSVA,PR,PR-PLYMP-LGC-PLAYA Y MP,PR-PLYMP-LGC-SILOS KEPLER WEB,PR-PLYMP-VNT-AIRSVA,,,,,,,,,,,,,,,,,,,,,,,,,,,,,,,,,,,,,,,,,,,,,,,,,,,,,,,,,,,,,,,,,,,,,,,,,,,,,4,76,0
396078,32e5720f-4901-48e3-8bc1-287fb1eaae75-00060b2e,Cubiertas,,Genérico - 400 mm,Genérico - 400 mm,PR > PR-EXT2-LGC-EXTRACCION 2 > PR-EXT2-LGC-TORRE ENFRIAMIENTO SULZER Nº 2 <OESTE> > PR-EXT2-BMB-03TE2,PR,PR-EXT2-LGC-EXTRACCION 2,PR-EXT2-LGC-TORRE ENFRIAMIENTO SULZER Nº 2 <OESTE>,PR-EXT2-BMB-03TE2,,,,,,,,,,,,,,,,,,,,,,,,,,,,,,,,,,,,,,,,,,,,,,,,,,,,,,,,,,,,,,,,,,,,,,,,,,,,,4,76,0
402086,32e5720f-4901-48e3-8bc1-287fb1eaae75-000622a6,Modelos genéricos,Modelos genéricos 49,Modelos genéricos 1,Modelos genéricos 1,PR > PR-ACT-LGC-ACEITE > PR-ACT-LGC-TANQUES > PR-ACT-TNQ-AC07,PR,PR-ACT-LGC-ACEITE,PR-ACT-LGC-TANQUES,PR-ACT-TNQ-AC07,,,,,,,,,,,,,,,,,,,,,,,,,,,,,,,,,,,,,,,,,,,,,,,,,,,,,,,,,,,,,,,,,,,,,,,,,,,,,4,76,0
402373,32e5720f-4901-48e3-8bc1-287fb1eaae75-000623c5,Modelos genéricos,Modelos genéricos 50,Modelos genéricos 1,Modelos genéricos 1,PR > PR-ACT-LGC-ACEITE > PR-ACT-LGC-TANQUES > PR-ACT-TNQ-AC07,PR,PR-ACT-LGC-ACEITE,PR-ACT-LGC-TANQUES,PR-ACT-TNQ-AC07,,,,,,,,,,,,,,,,,,,,,,,,,,,,,,,,,,,,,,,,,,,,,,,,,,,,,,,,,,,,,,,,,,,,,,,,,,,,,4,76,0
402724,32e5720f-4901-48e3-8bc1-287fb1eaae75-00062524,Cubiertas,,Genérico - 400 mm,Genérico - 400 mm,PR > PR-TLLE-LGC-TALLER ELECTRICO > PR-TLLE-LGC-GENERAL > PR-TLLE-ESC-MEC,PR,PR-TLLE-LGC-TALLER ELECTRICO,PR-TLLE-LGC-GENERAL,PR-TLLE-ESC-MEC,,,,,,,,,,,,,,,,,,,,,,,,,,,,,,,,,,,,,,,,,,,,,,,,,,,,,,,,,,,,,,,,,,,,,,,,,,,,,4,76,1
402797,32e5720f-4901-48e3-8bc1-287fb1eaae75-0006256d,Cubiertas,,Genérico - 400 mm,Genérico - 400 mm,PR > PR-TLLOC-LGC-TALLER OBRA CIVIL > PR-TLLOC-LGC-GENERAL > PR-TLLOC-ACP-CAR3,PR,PR-TLLOC-LGC-TALLER OBRA CIVIL,PR-TLLOC-LGC-GENERAL,PR-TLLOC-ACP-CAR3,,,,,,,,,,,,,,,,,,,,,,,,,,,,,,,,,,,,,,,,,,,,,,,,,,,,,,,,,,,,,,,,,,,,,,,,,,,,,4,76,4
413470,e77625ab-48ba-48c2-a9f4-7d38defab4b4-00064f1e,Cubiertas,,Genérico - 400 mm,Genérico - 400 mm,PR > PR-PLYMP-LGC-PLAYA Y MP > PR-PLYMP-LGC-PLATAFORMAS VOLC,PR,PR-PLYMP-LGC-PLAYA Y MP,PR-PLYMP-LGC-PLATAFORMAS VOLC,,,,,,,,,,,,,,,,,,,,,,,,,,,,,,,,,,,,,,,,,,,,,,,,,,,,,,,,,,,,,,,,,,,,,,,,,,,,,,3,77,0
413962,4ebdd558-c989-409d-9fc3-d33c3da7089e-0006510a,Cubiertas,,Genérico - 400 mm,Genérico - 400 mm,PR > PR-PRL2-LGC-PRELIMPIEZA 2 > PR-PRL2-LGC-GENERAL,PR,PR-PRL2-LGC-PRELIMPIEZA 2,PR-PRL2-LGC-GENERAL,,,,,,,,,,,,,,,,,,,,,,,,,,,,,,,,,,,,,,,,,,,,,,,,,,,,,,,,,,,,,,,,,,,,,,,,,,,,,,3,77,16
413980,4ebdd558-c989-409d-9fc3-d33c3da7089e-0006511c,Cubiertas,,Genérico - 400 mm,Genérico - 400 mm,PR > PR-PRL3-LGC-PRELIMPIEZA 3 > PR-PRL3-LGC-GENERAL,PR,PR-PRL3-LGC-PRELIMPIEZA 3,PR-PRL3-LGC-GENERAL,,,,,,,,,,,,,,,,,,,,,,,,,,,,,,,,,,,,,,,,,,,,,,,,,,,,,,,,,,,,,,,,,,,,,,,,,,,,,,3,77,31
414088,588948db-dff1-4d88-9ae5-3f6f08daf997-00065188,Cubiertas,,Genérico - 400 mm,Genérico - 400 mm,PR > PR-PRP2-LGC-PREPARACION 2 > PR-PRP2-LGC-GENERAL > PR-PRP2-MLA-BHL1,PR,PR-PRP2-LGC-PREPARACION 2,PR-PRP2-LGC-GENERAL,PR-PRP2-MLA-BHL1,,,,,,,,,,,,,,,,,,,,,,,,,,,,,,,,,,,,,,,,,,,,,,,,,,,,,,,,,,,,,,,,,,,,,,,,,,,,,4,76,72
414296,588948db-dff1-4d88-9ae5-3f6f08daf997-00065258,Cubiertas,,Genérico - 400 mm,Genérico - 400 mm,PR > PR-EXT2-LGC-EXTRACCION 2 > PR-EXT2-LGC-GRANULADORES,PR,PR-EXT2-LGC-EXTRACCION 2,PR-EXT2-LGC-GRANULADORES,,,,,,,,,,,,,,,,,,,,,,,,,,,,,,,,,,,,,,,,,,,,,,,,,,,,,,,,,,,,,,,,,,,,,,,,,,,,,,3,77,10
414583,588948db-dff1-4d88-9ae5-3f6f08daf997-00065377,Cubiertas,,Genérico - 400 mm,Genérico - 400 mm,PR > PR-EXT1-LGC-EXTRACCION 1 > PR-EXT1-LGC-TANQUES,PR,PR-EXT1-LGC-EXTRACCION 1,PR-EXT1-LGC-TANQUES,,,,,,,,,,,,,,,,,,,,,,,,,,,,,,,,,,,,,,,,,,,,,,,,,,,,,,,,,,,,,,,,,,,,,,,,,,,,,,3,77,28
414821,588948db-dff1-4d88-9ae5-3f6f08daf997-00065465,Cubiertas,,Genérico - 400 mm,Genérico - 400 mm,PR > PR-EXT1-LGC-EXTRACCION 1 > PR-EXT1-LGC-CONDENSADORES,PR,PR-EXT1-LGC-EXTRACCION 1,PR-EXT1-LGC-CONDENSADORES,,,,,,,,,,,,,,,,,,,,,,,,,,,,,,,,,,,,,,,,,,,,,,,,,,,,,,,,,,,,,,,,,,,,,,,,,,,,,,3,77,9
414906,588948db-dff1-4d88-9ae5-3f6f08daf997-000654ba,Cubiertas,,Genérico - 400 mm,Genérico - 400 mm,PR > PR-EXT1-LGC-EXTRACCION 1 > PR-EXT1-LGC-EXTRACTOR TAPIZ I-3T,PR,PR-EXT1-LGC-EXTRACCION 1,PR-EXT1-LGC-EXTRACTOR TAPIZ I-3T,,,,,,,,,,,,,,,,,,,,,,,,,,,,,,,,,,,,,,,,,,,,,,,,,,,,,,,,,,,,,,,,,,,,,,,,,,,,,,3,77,0
415005,588948db-dff1-4d88-9ae5-3f6f08daf997-0006551d,Cubiertas,,Genérico - 400 mm,Genérico - 400 mm,PR > PR-EXT1-LGC-EXTRACCION 1,PR,PR-EXT1-LGC-EXTRACCION 1,,,,,,,,,,,,,,,,,,,,,,,,,,,,,,,,,,,,,,,,,,,,,,,,,,,,,,,,,,,,,,,,,,,,,,,,,,,,,,,2,78,0
415126,588948db-dff1-4d88-9ae5-3f6f08daf997-00065596,Cubiertas,,Genérico - 400 mm,Genérico - 400 mm,PR > PR-EXT2-LGC-EXTRACCION 2 > PR-EXT2-LGC-EXTRACTOR TAPIZ I-3T > PR-EXT2-BMB-P002A,PR,PR-EXT2-LGC-EXTRACCION 2,PR-EXT2-LGC-EXTRACTOR TAPIZ I-3T,PR-EXT2-BMB-P002A,,,,,,,,,,,,,,,,,,,,,,,,,,,,,,,,,,,,,,,,,,,,,,,,,,,,,,,,,,,,,,,,,,,,,,,,,,,,,4,76,0
415133,588948db-dff1-4d88-9ae5-3f6f08daf997-0006559d,Cubiertas,,Genérico - 400 mm,Genérico - 400 mm,PR > PR-EXT2-LGC-EXTRACCION 2 > PR-EXT2-LGC-TANQUES > PR-EXT2-TNQ-SH02,PR,PR-EXT2-LGC-EXTRACCION 2,PR-EXT2-LGC-TANQUES,PR-EXT2-TNQ-SH02,,,,,,,,,,,,,,,,,,,,,,,,,,,,,,,,,,,,,,,,,,,,,,,,,,,,,,,,,,,,,,,,,,,,,,,,,,,,,4,76,48
415140,588948db-dff1-4d88-9ae5-3f6f08daf997-000655a4,Cubiertas,,Genérico - 400 mm,Genérico - 400 mm,PR > PR-EXT2-LGC-EXTRACCION 2 > PR-EXT2-LGC-CONDENSADORES > PR-EXT2-CND-I20C,PR,PR-EXT2-LGC-EXTRACCION 2,PR-EXT2-LGC-CONDENSADORES,PR-EXT2-CND-I20C,,,,,,,,,,,,,,,,,,,,,,,,,,,,,,,,,,,,,,,,,,,,,,,,,,,,,,,,,,,,,,,,,,,,,,,,,,,,,4,76,8
415151,588948db-dff1-4d88-9ae5-3f6f08daf997-000655af,Cubiertas,,Genérico - 400 mm,Genérico - 400 mm,PR > PR-EXT2-LGC-EXTRACCION 2 > PR-EXT2-LGC-TOSTER COC. DESOLVENT. I-70 > PR-EXT2-ALM-ATE2,PR,PR-EXT2-LGC-EXTRACCION 2,PR-EXT2-LGC-TOSTER COC. DESOLVENT. I-70,PR-EXT2-ALM-ATE2,,,,,,,,,,,,,,,,,,,,,,,,,,,,,,,,,,,,,,,,,,,,,,,,,,,,,,,,,,,,,,,,,,,,,,,,,,,,,4,76,0
415162,588948db-dff1-4d88-9ae5-3f6f08daf997-000655ba,Cubiertas,,Genérico - 400 mm,Genérico - 400 mm,PR > PR-EXT2-LGC-EXTRACCION 2 > PR-EXT2-LGC-GENERAL > PR-EXT2-AGT-TK503B,PR,PR-EXT2-LGC-EXTRACCION 2,PR-EXT2-LGC-GENERAL,PR-EXT2-AGT-TK503B,,,,,,,,,,,,,,,,,,,,,,,,,,,,,,,,,,,,,,,,,,,,,,,,,,,,,,,,,,,,,,,,,,,,,,,,,,,,,4,76,1
