"nivel_btz","valor_btz","nombre_vista","nombre_filtro","archivo_png","estado","mensaje"
"02","CELDAS","EXP_BTZ02_SAN_LORENZO_TE_TE_ALM_LGC_ALMACENAJE_CELDAS","FILTRO_BTZ02_SAN_LORENZO_TE_TE_ALM_LGC_ALMACENAJE_CELDAS","BTZ02_SAN_LORENZO_TE_TE_ALM_LGC_ALMACENAJE_CELDAS.png","ok",""
"02","VARIOS","EXP_BTZ02_SAN_LORENZO_TE_TE_ADM_LGC_EDIFICIOS_VARIOS","FILTRO_BTZ02_SAN_LORENZO_TE_TE_ADM_LGC_EDIFICIOS_VARIOS","BTZ02_SAN_LORENZO_TE_TE_ADM_LGC_EDIFICIOS_VARIOS.png","ok",""
"02","CAMIONES","EXP_BTZ02_SAN_LORENZO_TE_TE_DDC_LGC_DESCARGA_CAMIONES","FILTRO_BTZ02_SAN_LORENZO_TE_TE_DDC_LGC_DESCARGA_CAMIONES","BTZ02_SAN_LORENZO_TE_TE_DDC_LGC_DESCARGA_CAMIONES.png","ok",""
"02","ACEITE","EXP_BTZ02_SAN_LORENZO_TE_TE_ACT_LGC_SECTOR_ACEITE","FILTRO_BTZ02_SAN_LORENZO_TE_TE_ACT_LGC_SECTOR_ACEITE","BTZ02_SAN_LORENZO_TE_TE_ACT_LGC_SECTOR_ACEITE.png","ok",""
"02","PRELIMPIEZA","EXP_BTZ02_SAN_LORENZO_PP_PP_PRL_LGC_PRELIMPIEZA","FILTRO_BTZ02_SAN_LORENZO_PP_PP_PRL_LGC_PRELIMPIEZA","BTZ02_SAN_LORENZO_PP_PP_PRL_LGC_PRELIMPIEZA.png","ok",""
"02","SILOS","EXP_BTZ02_SAN_LORENZO_TE_TE_ALM_LGC_ALMACENAJE_SILOS","FILTRO_BTZ02_SAN_LORENZO_TE_TE_ALM_LGC_ALMACENAJE_SILOS","BTZ02_SAN_LORENZO_TE_TE_ALM_LGC_ALMACENAJE_SILOS.png","ok",""
"02","MANT","EXP_BTZ02_SAN_LORENZO_P10_P10_ADM_OFC_OFICINA_MANT","FILTRO_BTZ02_SAN_LORENZO_P10_P10_ADM_OFC_OFICINA_MANT","BTZ02_SAN_LORENZO_P10_P10_ADM_OFC_OFICINA_MANT.png","ok",""
"02","EXTRACCION","EXP_BTZ02_SAN_LORENZO_PP_PP_EXT_LGC_EXTRACCION","FILTRO_BTZ02_SAN_LORENZO_PP_PP_EXT_LGC_EXTRACCION","BTZ02_SAN_LORENZO_PP_PP_EXT_LGC_EXTRACCION.png","ok",""
"02","DESCASCARADO","EXP_BTZ02_SAN_LORENZO_PP_PP_DSC_LGC_DESCASCARADO","FILTRO_BTZ02_SAN_LORENZO_PP_PP_DSC_LGC_DESCASCARADO","BTZ02_SAN_LORENZO_PP_PP_DSC_LGC_DESCASCARADO.png","ok",""
"02","LECITINA","EXP_BTZ02_SAN_LORENZO_PP_PP_LCT_LGC_LECITINA","FILTRO_BTZ02_SAN_LORENZO_PP_PP_LCT_LGC_LECITINA","BTZ02_SAN_LORENZO_PP_PP_LCT_LGC_LECITINA.png","ok",""
"02","SERVICIOS","EXP_BTZ02_SAN_LORENZO_P10_P10_SRV_LGC_SERVICIOS","FILTRO_BTZ02_SAN_LORENZO_P10_P10_SRV_LGC_SERVICIOS","BTZ02_SAN_LORENZO_P10_P10_SRV_LGC_SERVICIOS.png","ok",""
"02","HARINA","EXP_BTZ02_SAN_LORENZO_P10_P10_HRN_LGC_HARINA","FILTRO_BTZ02_SAN_LORENZO_P10_P10_HRN_LGC_HARINA","BTZ02_SAN_LORENZO_P10_P10_HRN_LGC_HARINA.png","ok",""
"02","PRELIMPIEZA","EXP_BTZ02_SAN_LORENZO_P10_P10_PRL_LGC_PRELIMPIEZA","FILTRO_BTZ02_SAN_LORENZO_P10_P10_PRL_LGC_PRELIMPIEZA","BTZ02_SAN_LORENZO_P10_P10_PRL_LGC_PRELIMPIEZA.png","ok",""
"02","MANIPULEO","EXP_BTZ02_SAN_LORENZO_TE_TE_TDM_LGC_TORRE_DE_MANIPULEO","FILTRO_BTZ02_SAN_LORENZO_TE_TE_TDM_LGC_TORRE_DE_MANIPULEO","BTZ02_SAN_LORENZO_TE_TE_TDM_LGC_TORRE_DE_MANIPULEO.png","ok",""
"02","EMBARQUE","EXP_BTZ02_SAN_LORENZO_TE_TE_EMB_LGC_SECTOR_EMBARQUE","FILTRO_BTZ02_SAN_LORENZO_TE_TE_EMB_LGC_SECTOR_EMBARQUE","BTZ02_SAN_LORENZO_TE_TE_EMB_LGC_SECTOR_EMBARQUE.png","ok",""
"02","DPTOCALIDAD","EXP_BTZ02_SAN_LORENZO_TE_TE_CLD_LGC_DPTOCALIDAD","FILTRO_BTZ02_SAN_LORENZO_TE_TE_CLD_LGC_DPTOCALIDAD","BTZ02_SAN_LORENZO_TE_TE_CLD_LGC_DPTOCALIDAD.png","ok",""
"02","CARGDESCACEOSL","EXP_BTZ02_SAN_LORENZO_TE_TE_ACT_PLA_CARGDESCACEOSL","FILTRO_BTZ02_SAN_LORENZO_TE_TE_ACT_PLA_CARGDESCACEOSL","BTZ02_SAN_LORENZO_TE_TE_ACT_PLA_CARGDESCACEOSL.png","ok",""
"02","VAGONES","EXP_BTZ02_SAN_LORENZO_TE_TE_DDV_LGC_DESC_VAGONES","FILTRO_BTZ02_SAN_LORENZO_TE_TE_DDV_LGC_DESC_VAGONES","BTZ02_SAN_LORENZO_TE_TE_DDV_LGC_DESC_VAGONES.png","ok",""
"02","EXPEDICION","EXP_BTZ02_SAN_LORENZO_TE_TE_EXP_LGC_EXPEDICION","FILTRO_BTZ02_SAN_LORENZO_TE_TE_EXP_LGC_EXPEDICION","BTZ02_SAN_LORENZO_TE_TE_EXP_LGC_EXPEDICION.png","ok",""
"02","PREPARACION","EXP_BTZ02_SAN_LORENZO_P10_P10_PRP_LGC_PREPARACION","FILTRO_BTZ02_SAN_LORENZO_P10_P10_PRP_LGC_PREPARACION","BTZ02_SAN_LORENZO_P10_P10_PRP_LGC_PREPARACION.png","ok",""
"02","DESCASCARADO","EXP_BTZ02_SAN_LORENZO_P10_P10_DSC_LGC_DESCASCARADO","FILTRO_BTZ02_SAN_LORENZO_P10_P10_DSC_LGC_DESCASCARADO","BTZ02_SAN_LORENZO_P10_P10_DSC_LGC_DESCASCARADO.png","ok",""
"02","EXTRACCION","EXP_BTZ02_SAN_LORENZO_P10_P10_EXT_LGC_EXTRACCION","FILTRO_BTZ02_SAN_LORENZO_P10_P10_EXT_LGC_EXTRACCION","BTZ02_SAN_LORENZO_P10_P10_EXT_LGC_EXTRACCION.png","ok",""
"02","SERVICIOS","EXP_BTZ02_SAN_LORENZO_PP_PP_SRV_LGC_SERVICIOS","FILTRO_BTZ02_SAN_LORENZO_PP_PP_SRV_LGC_SERVICIOS","BTZ02_SAN_LORENZO_PP_PP_SRV_LGC_SERVICIOS.png","ok",""
"02","PREPARACION","EXP_BTZ02_SAN_LORENZO_PP_PP_PRP_LGC_PREPARACION","FILTRO_BTZ02_SAN_LORENZO_PP_PP_PRP_LGC_PREPARACION","BTZ02_SAN_LORENZO_PP_PP_PRP_LGC_PREPARACION.png","ok",""
"02","HARINA","EXP_BTZ02_SAN_LORENZO_PP_PP_HRN_LGC_HARINA","FILTRO_BTZ02_SAN_LORENZO_PP_PP_HRN_LGC_HARINA","BTZ02_SAN_LORENZO_PP_PP_HRN_LGC_HARINA.png","ok",""
"02","PELLETERA","EXP_BTZ02_SAN_LORENZO_PP_PP_PLL_LGC_PELLETERA","FILTRO_BTZ02_SAN_LORENZO_PP_PP_PLL_LGC_PELLETERA","BTZ02_SAN_LORENZO_PP_PP_PLL_LGC_PELLETERA.png","ok",""
"02","SECADORA","EXP_BTZ02_SAN_LORENZO_TE_TE_SEC_SECSEKW_SECADORA","FILTRO_BTZ02_SAN_LORENZO_TE_TE_SEC_SECSEKW_SECADORA","BTZ02_SAN_LORENZO_TE_TE_SEC_SECSEKW_SECADORA.png","ok",""
"02","SR01","EXP_BTZ02_SAN_LORENZO_PP_PP_HRN_SRT_SR01","FILTRO_BTZ02_SAN_LORENZO_PP_PP_HRN_SRT_SR01","BTZ02_SAN_LORENZO_PP_PP_HRN_SRT_SR01.png","ok",""
"02","EXPANDIDO","EXP_BTZ02_SAN_LORENZO_PP_PP_PRP_LGC_EXPANDIDO","FILTRO_BTZ02_SAN_LORENZO_PP_PP_PRP_LGC_EXPANDIDO","BTZ02_SAN_LORENZO_PP_PP_PRP_LGC_EXPANDIDO.png","ok",""
"02","LAMINADORES","EXP_BTZ02_SAN_LORENZO_PP_PP_PRP_LGC_LAMINADORES","FILTRO_BTZ02_SAN_LORENZO_PP_PP_PRP_LGC_LAMINADORES","BTZ02_SAN_LORENZO_PP_PP_PRP_LGC_LAMINADORES.png","ok",""
"02","QUEBRADORES","EXP_BTZ02_SAN_LORENZO_PP_PP_PRP_LGC_QUEBRADORES","FILTRO_BTZ02_SAN_LORENZO_PP_PP_PRP_LGC_QUEBRADORES","BTZ02_SAN_LORENZO_PP_PP_PRP_LGC_QUEBRADORES.png","ok",""
"02","OBRADORES","EXP_BTZ02_SAN_LORENZO_P10_P10_SCT_SECTOR_OBRADORES","FILTRO_BTZ02_SAN_LORENZO_P10_P10_SCT_SECTOR_OBRADORES","BTZ02_SAN_LORENZO_P10_P10_SCT_SECTOR_OBRADORES.png","ok",""
"02","OSL","EXP_BTZ02_SAN_LORENZO_TE_TE_ACT_SLA_SALA_BMB_OSL","FILTRO_BTZ02_SAN_LORENZO_TE_TE_ACT_SLA_SALA_BMB_OSL","BTZ02_SAN_LORENZO_TE_TE_ACT_SLA_SALA_BMB_OSL.png","ok",""
"03","1","EXP_BTZ03_SAN_LORENZO_TE_TE_ALM_LGC_ALMACENAJE_CELDAS_TE_ALM_CLD_CELDA_1","FILTRO_BTZ03_SAN_LORENZO_TE_TE_ALM_LGC_ALMACENAJE_CELDAS_TE_ALM_CLD_CELDA_1","BTZ03_SAN_LORENZO_TE_TE_ALM_LGC_ALMACENAJE_CELDAS_TE_ALM_CLD_CELDA_1.png","ok",""
"03","2","EXP_BTZ03_SAN_LORENZO_TE_TE_ALM_LGC_ALMACENAJE_CELDAS_TE_ALM_CLD_CELDA_2","FILTRO_BTZ03_SAN_LORENZO_TE_TE_ALM_LGC_ALMACENAJE_CELDAS_TE_ALM_CLD_CELDA_2","BTZ03_SAN_LORENZO_TE_TE_ALM_LGC_ALMACENAJE_CELDAS_TE_ALM_CLD_CELDA_2.png","ok",""
"03","PORTERIA","EXP_BTZ03_SAN_LORENZO_TE_TE_ADM_LGC_EDIFICIOS_VARIOS_TE_ADM_EDF_PORTERIA","FILTRO_BTZ03_SAN_LORENZO_TE_TE_ADM_LGC_EDIFICIOS_VARIOS_TE_ADM_EDF_PORTERIA","BTZ03_SAN_LORENZO_TE_TE_ADM_LGC_EDIFICIOS_VARIOS_TE_ADM_EDF_PORTERIA.png","ok",""
"03","OFICINAS","EXP_BTZ03_SAN_LORENZO_TE_TE_ADM_LGC_EDIFICIOS_VARIOS_TE_ADM_EDF_OFICINAS","FILTRO_BTZ03_SAN_LORENZO_TE_TE_ADM_LGC_EDIFICIOS_VARIOS_TE_ADM_EDF_OFICINAS","BTZ03_SAN_LORENZO_TE_TE_ADM_LGC_EDIFICIOS_VARIOS_TE_ADM_EDF_OFICINAS.png","ok",""
"03","PV5","EXP_BTZ03_SAN_LORENZO_TE_TE_DDC_LGC_DESCARGA_CAMIONES_TE_DDC_PTV_PV5","FILTRO_BTZ03_SAN_LORENZO_TE_TE_DDC_LGC_DESCARGA_CAMIONES_TE_DDC_PTV_PV5","BTZ03_SAN_LORENZO_TE_TE_DDC_LGC_DESCARGA_CAMIONES_TE_DDC_PTV_PV5.png","ok",""
"03","400","EXP_BTZ03_SAN_LORENZO_TE_TE_ACT_LGC_SECTOR_ACEITE_TE_ACT_LGC_TANQUES_400","FILTRO_BTZ03_SAN_LORENZO_TE_TE_ACT_LGC_SECTOR_ACEITE_TE_ACT_LGC_TANQUES_400","BTZ03_SAN_LORENZO_TE_TE_ACT_LGC_SECTOR_ACEITE_TE_ACT_LGC_TANQUES_400.png","ok",""
"03","3","EXP_BTZ03_SAN_LORENZO_TE_TE_ALM_LGC_ALMACENAJE_CELDAS_TE_ALM_CLD_CELDA_3","FILTRO_BTZ03_SAN_LORENZO_TE_TE_ALM_LGC_ALMACENAJE_CELDAS_TE_ALM_CLD_CELDA_3","BTZ03_SAN_LORENZO_TE_TE_ALM_LGC_ALMACENAJE_CELDAS_TE_ALM_CLD_CELDA_3.png","ok",""
"03","SILOS","EXP_BTZ03_SAN_LORENZO_PP_PP_PRL_LGC_PRELIMPIEZA_PP_PRL_LGC_SILOS","FILTRO_BTZ03_SAN_LORENZO_PP_PP_PRL_LGC_PRELIMPIEZA_PP_PRL_LGC_SILOS","BTZ03_SAN_LORENZO_PP_PP_PRL_LGC_PRELIMPIEZA_PP_PRL_LGC_SILOS.png","ok",""
"03","6","EXP_BTZ03_SAN_LORENZO_TE_TE_ALM_LGC_ALMACENAJE_SILOS_TE_ALM_SLO_SILO_6","FILTRO_BTZ03_SAN_LORENZO_TE_TE_ALM_LGC_ALMACENAJE_SILOS_TE_ALM_SLO_SILO_6","BTZ03_SAN_LORENZO_TE_TE_ALM_LGC_ALMACENAJE_SILOS_TE_ALM_SLO_SILO_6.png","ok",""
"03","4","EXP_BTZ03_SAN_LORENZO_TE_TE_ALM_LGC_ALMACENAJE_SILOS_TE_ALM_SLO_SILO_4","FILTRO_BTZ03_SAN_LORENZO_TE_TE_ALM_LGC_ALMACENAJE_SILOS_TE_ALM_SLO_SILO_4","BTZ03_SAN_LORENZO_TE_TE_ALM_LGC_ALMACENAJE_SILOS_TE_ALM_SLO_SILO_4.png","ok",""
"03","OSL","EXP_BTZ03_SAN_LORENZO_TE_TE_ACT_LGC_SECTOR_ACEITE_TE_ACT_LGC_TANQUES_ACEITE_OSL","FILTRO_BTZ03_SAN_LORENZO_TE_TE_ACT_LGC_SECTOR_ACEITE_TE_ACT_LGC_TANQUES_ACEITE_OSL","BTZ03_SAN_LORENZO_TE_TE_ACT_LGC_SECTOR_ACEITE_TE_ACT_LGC_TANQUES_ACEITE_OSL.png","ok",""
"03","4","EXP_BTZ03_SAN_LORENZO_TE_TE_ALM_LGC_ALMACENAJE_CELDAS_TE_ALM_CLD_CELDA_4","FILTRO_BTZ03_SAN_LORENZO_TE_TE_ALM_LGC_ALMACENAJE_CELDAS_TE_ALM_CLD_CELDA_4","BTZ03_SAN_LORENZO_TE_TE_ALM_LGC_ALMACENAJE_CELDAS_TE_ALM_CLD_CELDA_4.png","ok",""
"03","ENFRIAMIENTO","EXP_BTZ03_SAN_LORENZO_PP_PP_LCT_LGC_LECITINA_PP_LCT_LGC_TORRES_ENFRIAMIENTO","FILTRO_BTZ03_SAN_LORENZO_PP_PP_LCT_LGC_LECITINA_PP_LCT_LGC_TORRES_ENFRIAMIENTO","BTZ03_SAN_LORENZO_PP_PP_LCT_LGC_LECITINA_PP_LCT_LGC_TORRES_ENFRIAMIENTO.png","ok",""
"03","ACEITE","EXP_BTZ03_SAN_LORENZO_TE_TE_ACT_LGC_SECTOR_ACEITE_TE_ACT_LGC_TANQUES_ACEITE","FILTRO_BTZ03_SAN_LORENZO_TE_TE_ACT_LGC_SECTOR_ACEITE_TE_ACT_LGC_TANQUES_ACEITE","BTZ03_SAN_LORENZO_TE_TE_ACT_LGC_SECTOR_ACEITE_TE_ACT_LGC_TANQUES_ACEITE.png","ok",""
"03","SILOS","EXP_BTZ03_SAN_LORENZO_P10_P10_PRL_LGC_PRELIMPIEZA_P10_PRL_LGC_SILOS","FILTRO_BTZ03_SAN_LORENZO_P10_P10_PRL_LGC_PRELIMPIEZA_P10_PRL_LGC_SILOS","BTZ03_SAN_LORENZO_P10_P10_PRL_LGC_PRELIMPIEZA_P10_PRL_LGC_SILOS.png","ok",""
"03","ROTATIVOS","EXP_BTZ03_SAN_LORENZO_P10_P10_HRN_LGC_HARINA_P10_HRN_LGC_SEC_ROTATIVOS","FILTRO_BTZ03_SAN_LORENZO_P10_P10_HRN_LGC_HARINA_P10_HRN_LGC_SEC_ROTATIVOS","BTZ03_SAN_LORENZO_P10_P10_HRN_LGC_HARINA_P10_HRN_LGC_SEC_ROTATIVOS.png","ok",""
"03","TGR","EXP_BTZ03_SAN_LORENZO_TE_TE_ACT_LGC_SECTOR_ACEITE_TE_GLC_LGC_TANQUES_TGR","FILTRO_BTZ03_SAN_LORENZO_TE_TE_ACT_LGC_SECTOR_ACEITE_TE_GLC_LGC_TANQUES_TGR","BTZ03_SAN_LORENZO_TE_TE_ACT_LGC_SECTOR_ACEITE_TE_GLC_LGC_TANQUES_TGR.png","ok",""
"03","MEDICO","EXP_BTZ03_SAN_LORENZO_TE_TE_ADM_LGC_EDIFICIOS_VARIOS_TE_ADM_EDF_DPTO_MEDICO","FILTRO_BTZ03_SAN_LORENZO_TE_TE_ADM_LGC_EDIFICIOS_VARIOS_TE_ADM_EDF_DPTO_MEDICO","BTZ03_SAN_LORENZO_TE_TE_ADM_LGC_EDIFICIOS_VARIOS_TE_ADM_EDF_DPTO_MEDICO.png","ok",""
"03","GRALES","EXP_BTZ03_SAN_LORENZO_TE_TE_ADM_LGC_EDIFICIOS_VARIOS_TE_ADM_EDF_VESTUARIOS_GRALES","FILTRO_BTZ03_SAN_LORENZO_TE_TE_ADM_LGC_EDIFICIOS_VARIOS_TE_ADM_EDF_VESTUARIOS_GRALES","BTZ03_SAN_LORENZO_TE_TE_ADM_LGC_EDIFICIOS_VARIOS_TE_ADM_EDF_VESTUARIOS_GRALES.png","ok",""
"03","CAMIONES","EXP_BTZ03_SAN_LORENZO_TE_TE_CLD_LGC_DPTOCALIDAD_TE_CLD_LGC_CALADO_CAMIONES","FILTRO_BTZ03_SAN_LORENZO_TE_TE_CLD_LGC_DPTOCALIDAD_TE_CLD_LGC_CALADO_CAMIONES","BTZ03_SAN_LORENZO_TE_TE_CLD_LGC_DPTOCALIDAD_TE_CLD_LGC_CALADO_CAMIONES.png","ok",""
"03","COCHERAS","EXP_BTZ03_SAN_LORENZO_TE_TE_ADM_LGC_EDIFICIOS_VARIOS_TE_ADM_EDF_COCHERAS","FILTRO_BTZ03_SAN_LORENZO_TE_TE_ADM_LGC_EDIFICIOS_VARIOS_TE_ADM_EDF_COCHERAS","BTZ03_SAN_LORENZO_TE_TE_ADM_LGC_EDIFICIOS_VARIOS_TE_ADM_EDF_COCHERAS.png","ok",""
"03","CARGDESCACEOSL","EXP_BTZ03_SAN_LORENZO_TE_TE_ACT_PLA_CARGDESCACEOSL_TE_ACT_PLA_CARGDESCACEOSL","FILTRO_BTZ03_SAN_LORENZO_TE_TE_ACT_PLA_CARGDESCACEOSL_TE_ACT_PLA_CARGDESCACEOSL","BTZ03_SAN_LORENZO_TE_TE_ACT_PLA_CARGDESCACEOSL_TE_ACT_PLA_CARGDESCACEOSL.png","ok",""
"03","PTO","EXP_BTZ03_SAN_LORENZO_TE_TE_EXP_LGC_EXPEDICION_TE_EXP_LGC_SECTOR_BALANZA_PTO","FILTRO_BTZ03_SAN_LORENZO_TE_TE_EXP_LGC_EXPEDICION_TE_EXP_LGC_SECTOR_BALANZA_PTO","BTZ03_SAN_LORENZO_TE_TE_EXP_LGC_EXPEDICION_TE_EXP_LGC_SECTOR_BALANZA_PTO.png","ok",""
"03","QUEBRADORES","EXP_BTZ03_SAN_LORENZO_P10_P10_PRP_LGC_PREPARACION_P10_PRP_LGC_QUEBRADORES","FILTRO_BTZ03_SAN_LORENZO_P10_P10_PRP_LGC_PREPARACION_P10_PRP_LGC_QUEBRADORES","BTZ03_SAN_LORENZO_P10_P10_PRP_LGC_PREPARACION_P10_PRP_LGC_QUEBRADORES.png","ok",""
"03","1RA","EXP_BTZ03_SAN_LORENZO_P10_P10_DSC_LGC_DESCASCARADO_P10_DSC_LGC_CONJUNTO_CCD_1RA","FILTRO_BTZ03_SAN_LORENZO_P10_P10_DSC_LGC_DESCASCARADO_P10_DSC_LGC_CONJUNTO_CCD_1RA","BTZ03_SAN_LORENZO_P10_P10_DSC_LGC_DESCASCARADO_P10_DSC_LGC_CONJUNTO_CCD_1RA.png","ok",""
"03","EXPANDIDO","EXP_BTZ03_SAN_LORENZO_P10_P10_PRP_LGC_PREPARACION_P10_PRP_LGC_EXPANDIDO","FILTRO_BTZ03_SAN_LORENZO_P10_P10_PRP_LGC_PREPARACION_P10_PRP_LGC_EXPANDIDO","BTZ03_SAN_LORENZO_P10_P10_PRP_LGC_PREPARACION_P10_PRP_LGC_EXPANDIDO.png","ok",""
"03","LAMINADORES","EXP_BTZ03_SAN_LORENZO_P10_P10_PRP_LGC_PREPARACION_P10_PRP_LGC_LAMINADORES","FILTRO_BTZ03_SAN_LORENZO_P10_P10_PRP_LGC_PREPARACION_P10_PRP_LGC_LAMINADORES","BTZ03_SAN_LORENZO_P10_P10_PRP_LGC_PREPARACION_P10_PRP_LGC_LAMINADORES.png","ok",""
"03","HEATER","EXP_BTZ03_SAN_LORENZO_P10_P10_PRP_LGC_PREPARACION_P10_PRP_LGC_BEAN_HEATER","FILTRO_BTZ03_SAN_LORENZO_P10_P10_PRP_LGC_PREPARACION_P10_PRP_LGC_BEAN_HEATER","BTZ03_SAN_LORENZO_P10_P10_PRP_LGC_PREPARACION_P10_PRP_LGC_BEAN_HEATER.png","ok",""
"03","REDLER","EXP_BTZ03_SAN_LORENZO_P10_P10_PRP_LGC_PREPARACION_P10_PRP_LGC_REDLER","FILTRO_BTZ03_SAN_LORENZO_P10_P10_PRP_LGC_PREPARACION_P10_PRP_LGC_REDLER","BTZ03_SAN_LORENZO_P10_P10_PRP_LGC_PREPARACION_P10_PRP_LGC_REDLER.png","ok",""
"03","GASES","EXP_BTZ03_SAN_LORENZO_P10_P10_EXT_LGC_EXTRACCION_P10_EXT_LGC_RECUP_GASES","FILTRO_BTZ03_SAN_LORENZO_P10_P10_EXT_LGC_EXTRACCION_P10_EXT_LGC_RECUP_GASES","BTZ03_SAN_LORENZO_P10_P10_EXT_LGC_EXTRACCION_P10_EXT_LGC_RECUP_GASES.png","ok",""
"03","SOLVENTE","EXP_BTZ03_SAN_LORENZO_P10_P10_EXT_LGC_EXTRACCION_P10_EXT_LGC_SOLVENTE","FILTRO_BTZ03_SAN_LORENZO_P10_P10_EXT_LGC_EXTRACCION_P10_EXT_LGC_SOLVENTE","BTZ03_SAN_LORENZO_P10_P10_EXT_LGC_EXTRACCION_P10_EXT_LGC_SOLVENTE.png","ok",""
"03","DESTILACION","EXP_BTZ03_SAN_LORENZO_P10_P10_EXT_LGC_EXTRACCION_P10_EXT_LGC_DESTILACION","FILTRO_BTZ03_SAN_LORENZO_P10_P10_EXT_LGC_EXTRACCION_P10_EXT_LGC_DESTILACION","BTZ03_SAN_LORENZO_P10_P10_EXT_LGC_EXTRACCION_P10_EXT_LGC_DESTILACION.png","ok",""
"03","DESGOMADO","EXP_BTZ03_SAN_LORENZO_P10_P10_EXT_LGC_EXTRACCION_P10_EXT_LGC_DESGOMADO","FILTRO_BTZ03_SAN_LORENZO_P10_P10_EXT_LGC_EXTRACCION_P10_EXT_LGC_DESGOMADO","BTZ03_SAN_LORENZO_P10_P10_EXT_LGC_EXTRACCION_P10_EXT_LGC_DESGOMADO.png","ok",""
"03","REDLER","EXP_BTZ03_SAN_LORENZO_PP_PP_PRP_LGC_PREPARACION_PP_PRP_LGC_REDLER","FILTRO_BTZ03_SAN_LORENZO_PP_PP_PRP_LGC_PREPARACION_PP_PRP_LGC_REDLER","BTZ03_SAN_LORENZO_PP_PP_PRP_LGC_PREPARACION_PP_PRP_LGC_REDLER.png","ok",""
"03","PV1","EXP_BTZ03_SAN_LORENZO_TE_TE_DDC_LGC_DESCARGA_CAMIONES_TE_DDC_PTV_PV1","FILTRO_BTZ03_SAN_LORENZO_TE_TE_DDC_LGC_DESCARGA_CAMIONES_TE_DDC_PTV_PV1","BTZ03_SAN_LORENZO_TE_TE_DDC_LGC_DESCARGA_CAMIONES_TE_DDC_PTV_PV1.png","ok",""
"03","PV2","EXP_BTZ03_SAN_LORENZO_TE_TE_DDC_LGC_DESCARGA_CAMIONES_TE_DDC_PTV_PV2","FILTRO_BTZ03_SAN_LORENZO_TE_TE_DDC_LGC_DESCARGA_CAMIONES_TE_DDC_PTV_PV2","BTZ03_SAN_LORENZO_TE_TE_DDC_LGC_DESCARGA_CAMIONES_TE_DDC_PTV_PV2.png","ok",""
"03","PV3","EXP_BTZ03_SAN_LORENZO_TE_TE_DDC_LGC_DESCARGA_CAMIONES_TE_DDC_PTV_PV3","FILTRO_BTZ03_SAN_LORENZO_TE_TE_DDC_LGC_DESCARGA_CAMIONES_TE_DDC_PTV_PV3","BTZ03_SAN_LORENZO_TE_TE_DDC_LGC_DESCARGA_CAMIONES_TE_DDC_PTV_PV3.png","ok",""
"03","PV4","EXP_BTZ03_SAN_LORENZO_TE_TE_DDC_LGC_DESCARGA_CAMIONES_TE_DDC_PTV_PV4","FILTRO_BTZ03_SAN_LORENZO_TE_TE_DDC_LGC_DESCARGA_CAMIONES_TE_DDC_PTV_PV4","BTZ03_SAN_LORENZO_TE_TE_DDC_LGC_DESCARGA_CAMIONES_TE_DDC_PTV_PV4.png","ok",""
"03","7","EXP_BTZ03_SAN_LORENZO_TE_TE_ALM_LGC_ALMACENAJE_SILOS_TE_ALM_SLO_SILO_7","FILTRO_BTZ03_SAN_LORENZO_TE_TE_ALM_LGC_ALMACENAJE_SILOS_TE_ALM_SLO_SILO_7","BTZ03_SAN_LORENZO_TE_TE_ALM_LGC_ALMACENAJE_SILOS_TE_ALM_SLO_SILO_7.png","ok",""
"03","5","EXP_BTZ03_SAN_LORENZO_TE_TE_ALM_LGC_ALMACENAJE_SILOS_TE_ALM_SLO_SILO_5","FILTRO_BTZ03_SAN_LORENZO_TE_TE_ALM_LGC_ALMACENAJE_SILOS_TE_ALM_SLO_SILO_5","BTZ03_SAN_LORENZO_TE_TE_ALM_LGC_ALMACENAJE_SILOS_TE_ALM_SLO_SILO_5.png","ok",""
"03","AGUA","EXP_BTZ03_SAN_LORENZO_P10_P10_SRV_LGC_SERVICIOS_P10_SRV_LGC_TRATAMIENTO_AGUA","FILTRO_BTZ03_SAN_LORENZO_P10_P10_SRV_LGC_SERVICIOS_P10_SRV_LGC_TRATAMIENTO_AGUA","BTZ03_SAN_LORENZO_P10_P10_SRV_LGC_SERVICIOS_P10_SRV_LGC_TRATAMIENTO_AGUA.png","ok",""
"03","ACEITE","EXP_BTZ03_SAN_LORENZO_TE_TE_ACT_LGC_SECTOR_ACEITE_TE_ACT_SLA_SALA_BMB_ACEITE","FILTRO_BTZ03_SAN_LORENZO_TE_TE_ACT_LGC_SECTOR_ACEITE_TE_ACT_SLA_SALA_BMB_ACEITE","BTZ03_SAN_LORENZO_TE_TE_ACT_LGC_SECTOR_ACEITE_TE_ACT_SLA_SALA_BMB_ACEITE.png","ok",""
"03","BARR","EXP_BTZ03_SAN_LORENZO_TE_TE_ACT_LGC_SECTOR_ACEITE_TE_BBR_LGC_SECTOR_BAJO_BARR","FILTRO_BTZ03_SAN_LORENZO_TE_TE_ACT_LGC_SECTOR_ACEITE_TE_BBR_LGC_SECTOR_BAJO_BARR","BTZ03_SAN_LORENZO_TE_TE_ACT_LGC_SECTOR_ACEITE_TE_BBR_LGC_SECTOR_BAJO_BARR.png","ok",""
"03","ACEITE","EXP_BTZ03_SAN_LORENZO_TE_TE_ACT_SLA_SALA_BMB_OSL_TE_ACT_SLA_SALA_BMB_ACEITE","FILTRO_BTZ03_SAN_LORENZO_TE_TE_ACT_SLA_SALA_BMB_OSL_TE_ACT_SLA_SALA_BMB_ACEITE","BTZ03_SAN_LORENZO_TE_TE_ACT_SLA_SALA_BMB_OSL_TE_ACT_SLA_SALA_BMB_ACEITE.png","ok",""
"04","TK402","EXP_BTZ04_SAN_LORENZO_TE_TE_ACT_LGC_SECTOR_ACEITE_TE_ACT_LGC_TANQUES_400_TE_BIO_TNQ_TK402","FILTRO_BTZ04_SAN_LORENZO_TE_TE_ACT_LGC_SECTOR_ACEITE_TE_ACT_LGC_TANQUES_400_TE_BIO_TNQ_TK402","BTZ04_SAN_LORENZO_TE_TE_ACT_LGC_SECTOR_ACEITE_TE_ACT_LGC_TANQUES_400_TE_BIO_TNQ_TK402.png","ok",""
"04","TK403","EXP_BTZ04_SAN_LORENZO_TE_TE_ACT_LGC_SECTOR_ACEITE_TE_ACT_LGC_TANQUES_400_TE_FUEL_TNQ_TK403","FILTRO_BTZ04_SAN_LORENZO_TE_TE_ACT_LGC_SECTOR_ACEITE_TE_ACT_LGC_TANQUES_400_TE_FUEL_TNQ_TK403","BTZ04_SAN_LORENZO_TE_TE_ACT_LGC_SECTOR_ACEITE_TE_ACT_LGC_TANQUES_400_TE_FUEL_TNQ_TK403.png","ok",""
"04","SA00","EXP_BTZ04_SAN_LORENZO_PP_PP_PRL_LGC_PRELIMPIEZA_PP_PRL_LGC_SILOS_PP_PRL_SLO_SA00","FILTRO_BTZ04_SAN_LORENZO_PP_PP_PRL_LGC_PRELIMPIEZA_PP_PRL_LGC_SILOS_PP_PRL_SLO_SA00","BTZ04_SAN_LORENZO_PP_PP_PRL_LGC_PRELIMPIEZA_PP_PRL_LGC_SILOS_PP_PRL_SLO_SA00.png","ok",""
"04","TK2","EXP_BTZ04_SAN_LORENZO_TE_TE_ACT_LGC_SECTOR_ACEITE_TE_ACT_LGC_TANQUES_ACEITE_OSL_TE_LCT_TNQ_TK2","FILTRO_BTZ04_SAN_LORENZO_TE_TE_ACT_LGC_SECTOR_ACEITE_TE_ACT_LGC_TANQUES_ACEITE_OSL_TE_LCT_TNQ_TK2","BTZ04_SAN_LORENZO_TE_TE_ACT_LGC_SECTOR_ACEITE_TE_ACT_LGC_TANQUES_ACEITE_OSL_TE_LCT_TNQ_TK2.png","ok",""
"04","TK1","EXP_BTZ04_SAN_LORENZO_TE_TE_ACT_LGC_SECTOR_ACEITE_TE_ACT_LGC_TANQUES_ACEITE_OSL_TE_LCT_TNQ_TK1","FILTRO_BTZ04_SAN_LORENZO_TE_TE_ACT_LGC_SECTOR_ACEITE_TE_ACT_LGC_TANQUES_ACEITE_OSL_TE_LCT_TNQ_TK1","BTZ04_SAN_LORENZO_TE_TE_ACT_LGC_SECTOR_ACEITE_TE_ACT_LGC_TANQUES_ACEITE_OSL_TE_LCT_TNQ_TK1.png","ok",""
"04","TK12","EXP_BTZ04_SAN_LORENZO_TE_TE_ACT_LGC_SECTOR_ACEITE_TE_ACT_LGC_TANQUES_ACEITE_OSL_TE_ACT_TNQ_TK12","FILTRO_BTZ04_SAN_LORENZO_TE_TE_ACT_LGC_SECTOR_ACEITE_TE_ACT_LGC_TANQUES_ACEITE_OSL_TE_ACT_TNQ_TK12","BTZ04_SAN_LORENZO_TE_TE_ACT_LGC_SECTOR_ACEITE_TE_ACT_LGC_TANQUES_ACEITE_OSL_TE_ACT_TNQ_TK12.png","ok",""
"04","TK4","EXP_BTZ04_SAN_LORENZO_TE_TE_ACT_LGC_SECTOR_ACEITE_TE_ACT_LGC_TANQUES_ACEITE_TE_ACT_TNQ_TK4","FILTRO_BTZ04_SAN_LORENZO_TE_TE_ACT_LGC_SECTOR_ACEITE_TE_ACT_LGC_TANQUES_ACEITE_TE_ACT_TNQ_TK4","BTZ04_SAN_LORENZO_TE_TE_ACT_LGC_SECTOR_ACEITE_TE_ACT_LGC_TANQUES_ACEITE_TE_ACT_TNQ_TK4.png","ok",""
"04","TK2","EXP_BTZ04_SAN_LORENZO_TE_TE_ACT_LGC_SECTOR_ACEITE_TE_ACT_LGC_TANQUES_ACEITE_TE_ACT_TNQ_TK2","FILTRO_BTZ04_SAN_LORENZO_TE_TE_ACT_LGC_SECTOR_ACEITE_TE_ACT_LGC_TANQUES_ACEITE_TE_ACT_TNQ_TK2","BTZ04_SAN_LORENZO_TE_TE_ACT_LGC_SECTOR_ACEITE_TE_ACT_LGC_TANQUES_ACEITE_TE_ACT_TNQ_TK2.png","ok",""
"04","TK1","EXP_BTZ04_SAN_LORENZO_TE_TE_ACT_LGC_SECTOR_ACEITE_TE_ACT_LGC_TANQUES_ACEITE_TE_ACT_TNQ_TK1","FILTRO_BTZ04_SAN_LORENZO_TE_TE_ACT_LGC_SECTOR_ACEITE_TE_ACT_LGC_TANQUES_ACEITE_TE_ACT_TNQ_TK1","BTZ04_SAN_LORENZO_TE_TE_ACT_LGC_SECTOR_ACEITE_TE_ACT_LGC_TANQUES_ACEITE_TE_ACT_TNQ_TK1.png","ok",""
"04","TK3","EXP_BTZ04_SAN_LORENZO_TE_TE_ACT_LGC_SECTOR_ACEITE_TE_ACT_LGC_TANQUES_ACEITE_TE_ACT_TNQ_TK3","FILTRO_BTZ04_SAN_LORENZO_TE_TE_ACT_LGC_SECTOR_ACEITE_TE_ACT_LGC_TANQUES_ACEITE_TE_ACT_TNQ_TK3","BTZ04_SAN_LORENZO_TE_TE_ACT_LGC_SECTOR_ACEITE_TE_ACT_LGC_TANQUES_ACEITE_TE_ACT_TNQ_TK3.png","ok",""
"04","TK7","EXP_BTZ04_SAN_LORENZO_TE_TE_ACT_LGC_SECTOR_ACEITE_TE_ACT_LGC_TANQUES_ACEITE_TE_ACT_TNQ_TK7","FILTRO_BTZ04_SAN_LORENZO_TE_TE_ACT_LGC_SECTOR_ACEITE_TE_ACT_LGC_TANQUES_ACEITE_TE_ACT_TNQ_TK7","BTZ04_SAN_LORENZO_TE_TE_ACT_LGC_SECTOR_ACEITE_TE_ACT_LGC_TANQUES_ACEITE_TE_ACT_TNQ_TK7.png","ok",""
"04","TK6","EXP_BTZ04_SAN_LORENZO_TE_TE_ACT_LGC_SECTOR_ACEITE_TE_ACT_LGC_TANQUES_ACEITE_TE_ACT_TNQ_TK6","FILTRO_BTZ04_SAN_LORENZO_TE_TE_ACT_LGC_SECTOR_ACEITE_TE_ACT_LGC_TANQUES_ACEITE_TE_ACT_TNQ_TK6","BTZ04_SAN_LORENZO_TE_TE_ACT_LGC_SECTOR_ACEITE_TE_ACT_LGC_TANQUES_ACEITE_TE_ACT_TNQ_TK6.png","ok",""
"04","TK5","EXP_BTZ04_SAN_LORENZO_TE_TE_ACT_LGC_SECTOR_ACEITE_TE_ACT_LGC_TANQUES_ACEITE_TE_ACT_TNQ_TK5","FILTRO_BTZ04_SAN_LORENZO_TE_TE_ACT_LGC_SECTOR_ACEITE_TE_ACT_LGC_TANQUES_ACEITE_TE_ACT_TNQ_TK5","BTZ04_SAN_LORENZO_TE_TE_ACT_LGC_SECTOR_ACEITE_TE_ACT_LGC_TANQUES_ACEITE_TE_ACT_TNQ_TK5.png","ok",""
"04","TGR9","EXP_BTZ04_SAN_LORENZO_TE_TE_ACT_LGC_SECTOR_ACEITE_TE_GLC_LGC_TANQUES_TGR_TE_GLC_TNQ_TK_TGR9","FILTRO_BTZ04_SAN_LORENZO_TE_TE_ACT_LGC_SECTOR_ACEITE_TE_GLC_LGC_TANQUES_TGR_TE_GLC_TNQ_TK_TGR9","BTZ04_SAN_LORENZO_TE_TE_ACT_LGC_SECTOR_ACEITE_TE_GLC_LGC_TANQUES_TGR_TE_GLC_TNQ_TK_TGR9.png","ok",""
"04","TGR11","EXP_BTZ04_SAN_LORENZO_TE_TE_ACT_LGC_SECTOR_ACEITE_TE_GLC_LGC_TANQUES_TGR_TE_GLC_TNQ_TK_TGR11","FILTRO_BTZ04_SAN_LORENZO_TE_TE_ACT_LGC_SECTOR_ACEITE_TE_GLC_LGC_TANQUES_TGR_TE_GLC_TNQ_TK_TGR11","BTZ04_SAN_LORENZO_TE_TE_ACT_LGC_SECTOR_ACEITE_TE_GLC_LGC_TANQUES_TGR_TE_GLC_TNQ_TK_TGR11.png","ok",""
"04","TK8","EXP_BTZ04_SAN_LORENZO_TE_TE_ACT_LGC_SECTOR_ACEITE_TE_ACT_LGC_TANQUES_ACEITE_TE_LCT_TNQ_TK8","FILTRO_BTZ04_SAN_LORENZO_TE_TE_ACT_LGC_SECTOR_ACEITE_TE_ACT_LGC_TANQUES_ACEITE_TE_LCT_TNQ_TK8","BTZ04_SAN_LORENZO_TE_TE_ACT_LGC_SECTOR_ACEITE_TE_ACT_LGC_TANQUES_ACEITE_TE_LCT_TNQ_TK8.png","ok",""
"04","TGR10","EXP_BTZ04_SAN_LORENZO_TE_TE_ACT_LGC_SECTOR_ACEITE_TE_GLC_LGC_TANQUES_TGR_TE_GLC_TNQ_TK_TGR10","FILTRO_BTZ04_SAN_LORENZO_TE_TE_ACT_LGC_SECTOR_ACEITE_TE_GLC_LGC_TANQUES_TGR_TE_GLC_TNQ_TK_TGR10","BTZ04_SAN_LORENZO_TE_TE_ACT_LGC_SECTOR_ACEITE_TE_GLC_LGC_TANQUES_TGR_TE_GLC_TNQ_TK_TGR10.png","ok",""
"04","TGR12","EXP_BTZ04_SAN_LORENZO_TE_TE_ACT_LGC_SECTOR_ACEITE_TE_GLC_LGC_TANQUES_TGR_TE_GLC_TNQ_TK_TGR12","FILTRO_BTZ04_SAN_LORENZO_TE_TE_ACT_LGC_SECTOR_ACEITE_TE_GLC_LGC_TANQUES_TGR_TE_GLC_TNQ_TK_TGR12","BTZ04_SAN_LORENZO_TE_TE_ACT_LGC_SECTOR_ACEITE_TE_GLC_LGC_TANQUES_TGR_TE_GLC_TNQ_TK_TGR12.png","ok",""
"04","TK401","EXP_BTZ04_SAN_LORENZO_TE_TE_ACT_LGC_SECTOR_ACEITE_TE_ACT_LGC_TANQUES_400_TE_BIO_TNQ_TK401","FILTRO_BTZ04_SAN_LORENZO_TE_TE_ACT_LGC_SECTOR_ACEITE_TE_ACT_LGC_TANQUES_400_TE_BIO_TNQ_TK401","BTZ04_SAN_LORENZO_TE_TE_ACT_LGC_SECTOR_ACEITE_TE_ACT_LGC_TANQUES_400_TE_BIO_TNQ_TK401.png","ok",""
"04","TK400","EXP_BTZ04_SAN_LORENZO_TE_TE_ACT_LGC_SECTOR_ACEITE_TE_ACT_LGC_TANQUES_400_TE_BIO_TNQ_TK400","FILTRO_BTZ04_SAN_LORENZO_TE_TE_ACT_LGC_SECTOR_ACEITE_TE_ACT_LGC_TANQUES_400_TE_BIO_TNQ_TK400","BTZ04_SAN_LORENZO_TE_TE_ACT_LGC_SECTOR_ACEITE_TE_ACT_LGC_TANQUES_400_TE_BIO_TNQ_TK400.png","ok",""
"04","TK404","EXP_BTZ04_SAN_LORENZO_TE_TE_ACT_LGC_SECTOR_ACEITE_TE_ACT_LGC_TANQUES_400_TE_FUEL_TNQ_TK404","FILTRO_BTZ04_SAN_LORENZO_TE_TE_ACT_LGC_SECTOR_ACEITE_TE_ACT_LGC_TANQUES_400_TE_FUEL_TNQ_TK404","BTZ04_SAN_LORENZO_TE_TE_ACT_LGC_SECTOR_ACEITE_TE_ACT_LGC_TANQUES_400_TE_FUEL_TNQ_TK404.png","ok",""
"04","TK405","EXP_BTZ04_SAN_LORENZO_TE_TE_ACT_LGC_SECTOR_ACEITE_TE_ACT_LGC_TANQUES_400_TE_FUEL_TNQ_TK405","FILTRO_BTZ04_SAN_LORENZO_TE_TE_ACT_LGC_SECTOR_ACEITE_TE_ACT_LGC_TANQUES_400_TE_FUEL_TNQ_TK405","BTZ04_SAN_LORENZO_TE_TE_ACT_LGC_SECTOR_ACEITE_TE_ACT_LGC_TANQUES_400_TE_FUEL_TNQ_TK405.png","ok",""
"04","TK11","EXP_BTZ04_SAN_LORENZO_TE_TE_ACT_LGC_SECTOR_ACEITE_TE_ACT_LGC_TANQUES_ACEITE_OSL_TE_LCT_TNQ_TK11","FILTRO_BTZ04_SAN_LORENZO_TE_TE_ACT_LGC_SECTOR_ACEITE_TE_ACT_LGC_TANQUES_ACEITE_OSL_TE_LCT_TNQ_TK11","BTZ04_SAN_LORENZO_TE_TE_ACT_LGC_SECTOR_ACEITE_TE_ACT_LGC_TANQUES_ACEITE_OSL_TE_LCT_TNQ_TK11.png","ok",""
"04","BARR","EXP_BTZ04_SAN_LORENZO_TE_TE_ACT_LGC_SECTOR_ACEITE_TE_BBR_LGC_SECTOR_BAJO_BARR_TE_ACT_SLA_SALA_BMB_BAJO_BARR","FILTRO_BTZ04_SAN_LORENZO_TE_TE_ACT_LGC_SECTOR_ACEITE_TE_BBR_LGC_SECTOR_BAJO_BARR_TE_ACT_SLA_SALA_BMB_BAJO_BARR","BTZ04_SAN_LORENZO_TE_TE_ACT_LGC_SECTOR_ACEITE_TE_BBR_LGC_SECTOR_BAJO_BARR_TE_ACT_SLA_SALA_BMB_BAJO_BARR.png","ok",""
"04","SR01","EXP_BTZ04_SAN_LORENZO_P10_P10_HRN_LGC_HARINA_P10_HRN_LGC_SEC_ROTATIVOS_P10_HRN_SRT_SR01","FILTRO_BTZ04_SAN_LORENZO_P10_P10_HRN_LGC_HARINA_P10_HRN_LGC_SEC_ROTATIVOS_P10_HRN_SRT_SR01","BTZ04_SAN_LORENZO_P10_P10_HRN_LGC_HARINA_P10_HRN_LGC_SEC_ROTATIVOS_P10_HRN_SRT_SR01.png","ok",""
"04","SR02","EXP_BTZ04_SAN_LORENZO_P10_P10_HRN_LGC_HARINA_P10_HRN_LGC_SEC_ROTATIVOS_P10_HRN_SRT_SR02","FILTRO_BTZ04_SAN_LORENZO_P10_P10_HRN_LGC_HARINA_P10_HRN_LGC_SEC_ROTATIVOS_P10_HRN_SRT_SR02","BTZ04_SAN_LORENZO_P10_P10_HRN_LGC_HARINA_P10_HRN_LGC_SEC_ROTATIVOS_P10_HRN_SRT_SR02.png","ok",""
